14999
8081 14
42901 35500 8130 42902 25135 42903 42904 42905 40230 25569 42906 42907 42908 42909 
162 14
1107 1108 1109 1110 1111 1112 1113 1114 1115 1116 1117 1118 1119 1120 
29848 13
78524 33352 72153 14247 37343 53832 76698 45576 70408 72732 75998 17260 58849 
28646 13
77920 1921 74489 5314 9053 76921 7067 26937 9059 23817 23879 65364 60612 
27372 13
77250 32307 1089 63129 63116 62627 22309 65744 16719 18527 75853 4391 74584 
26141 13
76543 46925 72737 72851 50655 69697 5605 68304 13862 76544 51794 31544 64762 
26084 13
76509 58484 59510 24895 27660 524 9310 51532 38122 27227 61321 40036 38701 
25430 13
76097 6896 34381 67865 72572 60817 880 49979 58031 71710 54597 53547 37079 
23907 13
75027 54503 17619 31917 51969 59996 73895 40573 45551 75028 31984 59058 43542 
23662 13
74833 42757 67881 74834 67882 71553 51526 122 23124 40144 53664 66180 5986 
22759 13
74104 47717 2149 60624 1097 21863 38156 56634 36255 49662 6883 69820 17529 
22384 13
73755 49095 34026 69892 61808 43455 14151 70492 65871 42859 9375 53393 14462 
22086 13
73478 42919 63466 9196 65963 38179 12431 25555 51352 51856 19821 51217 73479 
21067 13
72407 41940 48689 23337 14782 11238 26551 47958 35866 66685 24345 46507 27184 
20827 13
72140 72141 31625 57135 38364 47840 22680 51835 35508 2521 45814 69797 43064 
20755 13
72065 58515 51468 43606 51593 20128 34547 63283 29312 55903 69662 64417 20365 
20559 13
71832 65040 69135 71833 24812 67321 33724 53319 61994 22277 13373 5640 50504 
20307 13
71555 17631 44035 59472 57912 55657 34508 27055 71556 63415 26437 71557 25403 
18430 13
69169 56778 65555 69170 69171 19387 69172 56366 1253 33362 20391 54293 64232 
17835 13
68305 66819 64579 60758 30014 41313 68306 61307 26338 68307 68308 68309 26016 
17737 13
68156 13492 58808 48066 68157 27125 1210 56858 12236 15936 45813 68158 2883 
17443 13
67678 2254 65012 46674 16321 22411 67679 67680 37498 2940 12011 37331 67681 
16630 13
66406 14033 43306 52978 66407 47280 41261 30162 54969 9069 31423 39132 66408 
16352 13
65892 38425 60055 65893 85 42266 19964 22095 60660 65894 50653 65895 65896 
15709 13
64679 36182 32266 61853 64680 4368 64681 58185 24617 64682 64683 54329 50947 
15139 13
63505 55492 17186 36767 42144 18367 54993 63507 23372 60435 63508 34650 63509 
14888 13
62985 34680 62986 62987 2987 24038 62988 10200 62989 15476 53011 41186 39501 
11786 13
55403 41586 38898 55404 6879 53505 46631 45837 12252 45560 55405 50813 26670 
11518 13
54652 54653 54654 54655 3409 29267 28555 37327 4116 42470 9622 49635 23256 
9781 13
49124 42972 45656 34600 40904 20362 2390 41280 12368 49125 49126 49127 49128 
8830 13
45789 45790 13498 5840 43019 26770 45791 14503 11165 14569 45792 45793 45794 
8540 13
44707 27996 39123 29596 44708 44709 44710 17452 17616 44711 2873 44712 44713 
7734 13
41510 4284 41511 21571 41512 41513 41514 41515 16180 13385 21153 23756 41516 
6550 13
36497 22576 36498 36499 36500 31269 26863 36501 26925 23004 36502 4253 23847 
6039 13
34227 11340 34229 34230 34231 34232 324 6900 7675 34233 34234 13964 32844 
5525 13
31803 24455 26417 31805 31806 31807 31808 31809 31810 31811 27552 31812 31813 
3402 13
20963 12982 20964 20965 20966 20967 5075 20968 20969 20970 20971 20972 20973 
29982 12
78591 5914 61100 66081 44769 35487 36917 3125 8255 48029 43343 40262 
29976 12
78588 53520 37962 71162 24401 16132 61530 71258 14540 22716 17471 19823 
29412 12
78306 57754 33972 14337 33868 72249 26185 21131 47891 40674 50223 54059 
29210 12
78204 9586 56091 63084 72898 70789 46539 17339 66229 68748 39901 55550 
29098 12
78148 75382 9717 68472 67951 18110 21130 23659 69038 2715 44929 16761 
29011 12
78104 58668 66632 32870 70544 28318 28403 66757 75281 67943 36869 75987 
28975 12
78086 74164 36851 67051 5099 34946 53286 22458 28131 28012 73302 39956 
28813 12
78005 40005 39979 44388 36928 18871 20693 6315 69927 63641 28960 55646 
28753 12
77975 13879 38206 9332 5813 63166 38060 23831 41204 18164 77360 53458 
28670 12
77933 45481 17466 43089 31918 58449 50981 66246 68380 14081 70791 52960 
28658 12
77926 57976 14779 75500 66381 44816 2657 65128 3780 77927 19898 25286 
28412 12
77799 9384 31743 34072 45967 36946 69576 30563 28968 35868 64622 68091 
28332 12
77759 26421 48237 58325 21822 38670 31214 56371 32502 27340 77177 3877 
27925 12
77548 72609 67197 38899 69670 28388 6818 68322 57928 70725 34270 21629 
27898 12
77535 55240 72604 42829 58697 63710 71399 54033 20074 63535 53279 49167 
27857 12
77512 68627 36144 37485 25336 73095 27315 51309 58523 50431 1348 71191 
27812 12
77489 57280 73357 9652 59486 39728 57287 28507 67031 61477 26067 60535 
27627 12
77392 55161 64201 6187 27268 29550 51371 2360 48126 65530 72411 72949 
27597 12
77374 72438 65655 32817 52544 44878 73280 30464 74117 43111 49644 6656 
27428 12
77282 33927 58679 25802 75541 20655 62805 75950 71494 66308 36775 47993 
27092 12
77099 21030 63941 55889 67888 73483 6188 3124 20541 53492 20436 66665 
27019 12
77058 51609 57951 53082 8785 63398 35233 41170 45965 61244 53364 63712 
26984 12
77039 18884 30489 4619 52082 52791 11652 69642 68085 62517 32847 34573 
26865 12
76965 63999 11854 65484 4044 38521 58376 64574 69023 3911 57575 53227 
26583 12
76802 70189 22846 72064 24271 70548 33280 62743 54513 28023 69363 15321 
26395 12
76694 72783 76695 31816 32042 7339 55425 53446 47314 32925 28385 70743 
26210 12
76587 32591 17435 23786 67219 24332 5671 72044 21544 72997 12522 62907 
26045 12
76485 21134 75910 55370 56713 52317 76486 1022 70375 30806 9597 5407 
25982 12
76446 57393 73800 72324 45158 27495 16311 44278 41281 41770 39698 44209 
25959 12
76432 37623 24614 49256 70500 36304 39412 76433 18508 3587 39716 35235 
25451 12
76110 12749 41951 16817 32694 38462 32177 9961 25507 74649 47107 4741 
24898 12
75730 35829 67621 37898 73787 634 46836 46654 39441 69338 54851 65867 
24825 12
75678 26405 36964 25313 1218 6274 35944 41636 192 62150 44956 69989 
24806 12
75666 60022 30773 36931 51616 45089 72453 61828 51376 66043 47801 12208 
24601 12
75525 65687 4626 55843 69567 39755 28365 41902 35228 73021 43772 18019 
24072 12
75146 30779 7599 43539 42447 41303 43776 75147 26088 23231 56053 45986 
23610 12
74786 8337 1271 3175 55720 24458 34572 30769 62927 67997 54842 68163 
23543 12
74740 16491 59927 34881 63942 71811 56480 21278 60869 21548 6705 74741 
23510 12
74714 71726 37437 56235 39410 74219 68262 29860 7367 74715 63888 20068 
23109 12
74401 74402 74403 20318 45811 61659 18222 19264 37441 72844 29172 39434 
23086 12
74386 62646 4769 2113 31048 47169 40356 13526 61179 34238 62053 74387 
23061 12
74363 66836 51258 59078 74364 64908 71296 62025 2700 14425 13052 34040 
23020 12
74328 47663 11769 32726 72888 1386 25846 43536 59544 20309 22805 25305 
22928 12
74247 8831 36996 5637 34167 2366 30891 74248 70268 37522 69586 74249 
22724 12
74065 74066 56467 56104 51719 15430 60139 2062 29080 30196 9516 57706 
22715 12
74058 1614 48119 69263 18836 45761 16950 55064 54056 5546 63342 59685 
22656 12
74011 54352 74012 74013 55919 70452 44863 10737 54324 53018 47701 35375 
22324 12
73711 54153 73562 58123 51594 72671 46462 57929 36994 70219 68011 47937 
22048 12
73438 22376 73439 38690 35708 70733 30460 14606 31844 30530 66991 66201 
22006 12
73394 63651 10318 52686 23895 32707 68807 61836 59957 7232 228 13851 
21959 12
73344 73345 6712 73346 37242 63201 72964 54299 12521 4739 71000 37268 
21563 12
72944 57271 63809 37250 62996 60037 47097 11859 31933 48674 33152 62655 
21559 12
72940 55661 65577 72941 71344 28801 22425 41702 58616 20801 63304 14499 
21307 12
72664 67241 13248 26684 11085 72155 48982 17236 13954 43898 7480 70196 
21295 12
72654 4320 7522 7908 63312 28109 3295 57417 72655 71828 14282 71472 
21183 12
72534 12383 53806 38475 4514 29657 28635 49471 35320 70776 67726 19030 
20988 12
72317 34795 42765 47294 13710 29881 18672 30780 46329 60004 56576 8193 
20854 12
72177 7893 59324 63896 72178 41618 72055 70613 56182 31073 14281 53728 
20778 12
72095 70059 43593 58164 11202 50800 7681 28843 25460 68185 15552 60251 
20627 12
71915 44649 34588 48423 121 34686 53876 54163 55260 8694 71917 2860 
20608 12
71897 64387 71898 69643 58489 23726 19953 47072 26398 21555 34632 3805 
20487 12
71755 47442 35437 71756 60441 30567 40293 23203 71757 51451 58214 53178 
20429 12
71685 21589 50149 20154 6856 33290 64070 66792 51777 4355 60837 55056 
20100 12
71314 59100 20279 68670 71315 33465 71316 54643 12330 21386 68184 58877 
20099 12
71312 32286 17146 64986 71313 67161 70494 31409 59330 46540 37302 48154 
19938 12
71126 16894 32381 43970 41146 71127 33143 15032 48210 27887 30608 15446 
19502 12
70587 64700 59533 4598 53992 47005 70588 328 65568 54756 15106 64055 
19364 12
70413 28826 8546 58182 68268 70414 65198 20898 65393 18977 11563 54230 
19246 12
70288 6219 18069 61783 43028 70289 53667 64564 12869 25008 60924 47478 
19185 12
70209 3331 44579 70210 26731 30791 3764 70211 52852 7740 65413 61431 
19133 12
70133 70134 49241 18303 10291 54108 9527 58554 61430 70135 24391 55413 
18893 12
69783 38560 69785 69786 42753 21194 69787 49970 21121 51000 68394 13714 
18654 12
69478 43463 66415 35513 49733 56325 34068 48631 50040 11198 5627 36260 
18489 12
69245 39448 69246 131 1208 56181 61345 67179 69247 44301 40938 971 
18486 12
69242 20891 4681 66130 46732 40334 68295 69243 30629 35598 69244 792 
18106 12
68702 29392 47339 57703 29865 19613 54262 19717 23266 41565 32899 68703 
17607 12
67945 56216 20827 61879 67946 58363 22343 41823 56796 29679 33231 5337 
17392 12
67614 3954 15020 25399 46239 8061 59878 43513 50131 50763 37130 33664 
17347 12
67546 45077 26794 65551 27925 67547 60549 67548 45166 67549 64346 6514 
17323 12
67506 10541 17104 5649 33146 27794 49080 54971 39886 67508 49242 17603 
17298 12
67474 30273 61901 66674 29590 16857 11514 28106 67475 39226 10993 42270 
17291 12
67461 35562 67463 67464 12091 57546 16266 52458 55518 67465 51428 4471 
17177 12
67290 59491 12163 50833 49144 64898 51030 36735 66808 46495 67291 1295 
17008 12
67012 55671 67013 1742 35475 9672 28687 16618 62501 67014 67015 67016 
16956 12
66929 52096 27442 15004 66930 45167 27736 54760 17971 574 66931 38006 
16793 12
66681 1419 4748 66682 2972 26581 1225 20670 62272 66683 30648 18825 
16726 12
66579 18372 66580 40823 3040 907 13188 2406 66581 27163 3895 8927 
16697 12
66525 45708 65453 66527 22836 66528 27336 42804 36432 66529 56748 22352 
16694 12
66521 66522 66523 60027 61680 65822 309 53748 65429 43726 64925 49397 
16649 12
66434 66435 45493 61944 66436 66437 49661 63673 24274 56287 41784 22886 
16625 12
66393 31004 56100 11952 52114 66394 50375 66395 22317 66396 56815 65275 
16595 12
66340 60000 19857 11413 18351 7380 53781 23180 41660 66341 59842 66342 
16535 12
66239 5285 31433 37560 20117 54164 58230 12706 34365 66240 66241 25067 
16444 12
66064 60284 4161 57915 62087 58096 20840 43074 50913 66065 59289 52289 
15936 12
65098 61560 40051 31754 58247 50347 1100 44451 55549 25396 35360 65099 
15876 12
64987 53567 60795 64988 63746 33299 16065 49459 38820 47907 44235 39377 
15588 12
64438 18451 64439 11759 4653 64440 36205 64441 48298 55545 43084 64191 
14956 12
63132 63133 54578 34141 37107 47455 55615 48909 23624 63134 24797 4664 
14865 12
62934 15130 44551 308 4803 28026 23693 62936 61089 58563 62937 16167 
14763 12
62713 58445 62714 57961 19505 9054 44271 14184 8861 59045 2315 62715 
14607 12
62371 21389 15475 62372 16205 57675 12374 45035 8044 53392 62373 62374 
14597 12
62343 40087 60503 9448 31716 62345 12525 46367 36284 11396 25571 22413 
14518 12
62163 51903 27368 6865 25332 46909 39919 62164 62165 11684 62166 34371 
14353 12
61777 30565 15202 57488 61779 5814 61780 29690 55658 45763 41011 57781 
14248 12
61542 61543 52263 28151 61544 31707 50059 37627 60364 61545 61546 61547 
14240 12
61522 33606 61523 60972 61524 1743 61525 17990 56737 35874 61526 39738 
14142 12
61322 54721 31441 11722 55878 61323 52129 58930 61324 15634 61325 18233 
14110 12
61251 59789 35658 41458 61252 58810 61253 35351 4233 30630 61254 53656 
13989 12
60974 36817 17686 45668 60976 35781 54426 41057 20552 24973 52679 60977 
13450 12
59714 25960 59715 59716 59717 38913 59718 17765 33496 37567 16202 59719 
13448 12
59712 51209 23629 59713 24591 18503 59033 35363 11747 215 17867 40089 
13413 12
59623 59624 14513 8027 44994 54359 59625 41163 39092 59626 13342 32047 
13375 12
59527 59530 36930 58087 59211 1394 59531 50666 30856 41637 58908 16346 
13280 12
59285 17291 52626 41975 32794 45316 59286 49457 36200 44563 59287 4291 
12944 12
58435 42789 20890 48041 30427 42777 11873 8268 57593 28472 31935 30830 
12689 12
57808 57809 37301 57810 31982 17683 57811 57812 57813 43469 27093 57814 
12588 12
57557 29527 57558 48840 44485 34349 55846 57559 27614 57560 57561 57562 
12064 12
56171 22509 1384 56172 56173 33167 53912 56174 25180 2682 21681 56175 
11716 12
55197 5122 40316 55198 25011 8273 6086 55199 15674 38544 53047 55200 
11523 12
54662 1338 12619 54253 54664 54665 54666 46676 50457 46260 26471 54667 
11339 12
54114 54117 24106 16022 1015 54118 54119 54120 50669 24472 17084 54121 
11033 12
53187 53189 38467 19522 23003 21225 32917 45849 53190 15777 48558 52733 
10935 12
52894 15762 26456 4365 52896 6867 52897 52898 52899 23694 28630 7025 
10894 12
52757 52758 52759 26303 52760 52761 52762 37954 52763 35285 52764 43910 
10615 12
51892 9082 51893 51894 23651 51895 51896 29560 51897 51898 51899 51900 
10611 12
51878 29044 51880 3488 51881 1509 18532 22994 45612 38423 51882 51883 
10452 12
51355 18569 39196 27546 51356 51357 39850 21679 29368 39536 18588 48054 
10380 12
51099 26812 6886 31492 51100 51101 6070 16025 40469 19703 4671 10057 
10224 12
50594 30602 50595 11543 50596 31311 50597 3256 47302 49031 26518 2934 
10158 12
50383 50384 50385 50386 8082 50387 27819 50388 50389 30051 50390 9499 
10100 12
50183 50184 28624 9785 17454 13094 17329 4340 50185 50186 28308 50187 
10048 12
50012 34613 50013 35558 31006 27161 50014 50015 12557 50016 49619 50017 
9810 12
49223 49224 28675 49225 18885 11365 8678 7508 12232 1681 49226 49227 
9740 12
49003 40117 49004 45274 49005 49006 37811 49007 8467 16261 31547 216 
9713 12
48900 48902 18326 48903 4269 18718 48904 12846 24497 48905 38538 11851 
9642 12
48665 15726 40436 40787 48666 16541 48667 48668 48669 14450 11838 48670 
9604 12
48533 48534 48535 48536 10943 29619 41786 23940 2582 5931 48537 48538 
9555 12
48363 9156 48364 48365 48366 13153 16705 48367 48368 47959 29584 23418 
9422 12
47909 44327 47910 47911 37886 7305 47912 47913 47914 47915 36267 47916 
9395 12
47808 47811 3120 47812 20982 28021 47797 18892 47813 47814 47815 16805 
9141 12
46919 37319 45726 18420 31665 46922 38300 46923 18823 17352 33731 3336 
9073 12
46685 36240 19740 33913 38531 46493 46687 21578 46688 20877 40680 26442 
9003 12
46430 46432 12353 46433 46434 32235 46435 46436 35217 4524 46437 46438 
8679 12
45220 42072 45222 30550 8741 45223 45224 14140 45225 8882 42107 23725 
8588 12
44882 35056 44620 44883 41682 25686 13507 33060 44884 44885 44886 44887 
8561 12
44776 38390 1715 41472 44779 44780 44781 44782 44783 44784 44785 36854 
8201 12
43381 43384 43385 18704 18071 43386 43387 43388 40214 19612 43389 43390 
8146 12
43171 43172 43173 39985 43174 43175 3187 43176 22495 37813 25880 43177 
8058 12
42822 40935 22781 39575 42823 42824 40239 42825 26326 30857 20816 42826 
7951 12
42375 42378 14521 2087 25 42379 42380 23985 35805 30703 42381 42382 
7797 12
41756 41759 15844 31584 41760 41761 32949 14900 8551 33089 41762 41763 
7489 12
40520 40522 38324 32312 40523 40524 40525 40526 40527 1584 40528 13534 
6521 12
36357 36360 36361 29618 20303 17564 36362 36363 1737 36364 36365 36366 
6356 12
35622 35623 35624 22439 35625 35626 35627 35628 24028 14608 28769 27510 
6081 12
34413 34415 34416 34417 34418 23793 33314 34419 34420 5545 17099 34421 
5829 12
33245 33248 33249 30888 33250 27041 33251 33252 33253 33254 33255 33256 
5762 12
32929 28180 32930 32931 32932 32933 32934 14545 7368 28744 20445 32935 
5415 12
31282 30834 24423 31285 2476 4324 3307 31286 31287 845 23783 31288 
5134 12
29930 20697 17365 29931 29932 29933 29934 29935 29936 7193 29937 13090 
5078 12
29644 8390 6068 20736 15808 29645 9510 29646 29647 29648 29649 16735 
4974 12
29117 29118 21596 2868 27492 29119 16832 29120 29121 29122 29123 29124 
4911 12
28800 8987 28802 28803 28804 28805 28806 28807 28808 28809 28810 22142 
4856 12
28532 28533 5576 28534 25218 28535 1495 28536 28537 28538 28539 28540 
4672 12
27652 23002 27653 20881 24735 18394 27654 27655 27656 27657 27658 27659 
4535 12
26938 23300 26941 9325 22348 25579 23081 26942 26943 23429 26944 26945 
4529 12
26910 26912 26913 26914 26915 8150 26916 26917 24796 26918 26919 26920 
4179 12
25100 25101 25102 25103 25104 25105 25106 17573 25107 25108 25109 25110 
3974 12
24043 24044 24045 24046 24047 24048 24049 9134 24050 24051 24052 12486 
3910 12
23708 6897 23709 2756 23710 12148 13626 23711 23712 23713 23714 23715 
3635 12
22228 22230 22231 22232 22233 22234 21226 22235 10341 22236 22237 5168 
3369 12
20780 20783 20784 20785 4585 20786 1749 20787 20788 20789 20790 20791 
3294 12
20376 20377 3968 20378 20379 3700 20380 20381 20382 20383 16751 1390 
3253 12
20143 1937 20145 20146 20147 20148 20149 1891 9885 20150 10262 20151 
3199 12
19846 19849 4421 7129 19850 19851 19852 19853 19854 19855 17528 13212 
3001 12
18734 18736 1734 18737 6592 18738 18739 18740 18741 10248 18742 18743 
2848 12
17868 17869 17870 17871 17872 17873 17874 17875 4409 17876 17877 2683 
2762 12
17380 17381 17382 17383 17384 17385 17386 17387 17388 17389 17390 17391 
2188 12
13994 13995 13996 13997 13998 13999 14000 14001 14002 14003 4478 14004 
1949 12
12578 12581 12582 12583 12584 12585 1874 11779 12586 12587 12588 12589 
1792 12
11623 11624 11625 11626 11627 11628 11629 11630 11631 11632 11633 11634 
1505 12
9870 9873 9874 9875 9876 9877 9878 9879 9696 6429 3473 9880 
1495 12
9809 2572 6646 9811 9812 9813 9814 9815 9816 9817 9818 9819 
1479 12
9703 9705 9706 9707 9708 9709 9710 9711 9712 9713 9714 9715 
1412 12
9295 9296 9297 9298 9299 9300 9301 9302 9303 9304 9305 9306 
1407 12
9253 9256 9257 9258 9259 9260 9261 9262 9263 9264 9265 9266 
967 12
6434 6437 6438 6439 6440 6441 6442 6443 6444 6445 6446 6447 
616 12
4132 4133 4134 4135 4136 4137 4138 4139 4140 4141 4142 4143 
29998 11
78599 28303 53079 63287 49152 17819 37596 31686 35644 30202 40344 
29996 11
78598 21198 47453 68417 5460 35275 53176 69537 59823 4310 43675 
29955 11
78577 34409 30896 72158 70612 70037 65796 76571 75544 18893 72441 
29921 11
78560 37702 26772 69580 67952 45378 74850 51937 3086 75210 25473 
29884 11
78542 209 45017 28068 51206 15295 71722 75098 19641 14983 31523 
29843 11
78521 61247 57260 8176 31847 32996 71291 55520 26659 45280 28489 
29825 11
78512 70888 21699 34423 42844 18580 27417 69384 10844 52982 76844 
29800 11
78500 37364 71704 73495 25752 77303 14305 59756 76325 41668 28706 
29768 11
78484 39261 48842 69004 70716 30804 69497 10984 13955 4991 23784 
29764 11
78482 51278 70606 44429 54658 39203 8998 50305 27533 69079 39759 
29735 11
78467 20623 28309 33535 52448 71731 39592 45732 39599 14357 37949 
29731 11
78465 33615 35604 11845 61055 21327 43708 64270 72899 59268 46264 
29640 11
78420 33100 27913 29739 33399 46629 76483 25338 74842 42670 18826 
29569 11
78384 51994 60064 61721 68837 73427 52665 5102 54255 34915 48737 
29533 11
78366 35490 58270 17865 64580 13059 5107 49319 57626 11390 522 
29499 11
78349 21817 62173 32183 13280 47376 51020 71398 63674 46431 71869 
29478 11
78339 17516 69527 42459 5807 12174 51424 15765 50367 69457 72115 
29440 11
78320 49467 7679 76749 65242 44557 66707 52348 38146 10956 77708 
29418 11
78309 53733 63929 58312 72955 74992 21341 40108 38873 42312 10352 
29417 11
78308 71419 945 29026 51751 69188 24385 62015 42976 25887 985 
29353 11
78276 12933 22665 43319 59473 14484 76991 27993 44979 5741 71375 
29273 11
78235 38264 46466 18374 49533 55856 22160 32189 61822 47064 52005 
29222 11
78210 42547 355 57598 3492 47534 60751 67123 41689 36720 6467 
29213 11
78205 75986 55028 36708 50689 5419 65994 74260 49141 37733 51803 
29157 11
78177 44389 75075 57230 71388 55901 62076 44743 72351 52737 9657 
29149 11
78173 8429 13782 41265 18819 17599 32271 58378 47565 63608 67792 
29147 11
78172 52051 42771 62825 11971 59360 18779 40605 64773 65637 52974 
29139 11
78168 52470 6618 20498 64538 21349 675 8005 57789 59226 35191 
29123 11
78160 41966 50471 22003 13749 51741 73252 58366 43537 34457 1776 
29087 11
78142 57141 61158 41859 69548 71713 20578 6406 76533 54554 63124 
29050 11
78124 48050 44874 6678 15796 75570 58140 30814 39815 48331 40805 
29019 11
78108 55074 54742 20374 1543 57554 37251 57251 18686 22867 63748 
28997 11
78097 49948 54182 70364 12412 33794 38851 51485 50112 15460 13616 
28979 11
78088 72568 51264 31641 69596 68213 20079 24359 2153 72808 63900 
28968 11
78083 66954 69830 3659 71718 38399 62962 25288 26559 72802 47073 
28966 11
78082 5009 1407 42752 54637 41444 63581 39934 76238 73016 22241 
28893 11
78045 52173 58441 44701 22136 29091 69640 25544 19062 27797 20431 
28816 11
78007 46236 20653 3598 60559 68560 71845 20031 32326 35635 61760 
28781 11
77989 57397 60285 11017 56089 3564 71682 12823 51192 45744 19979 
28772 11
77985 64114 47165 33933 50585 69624 30249 33156 20465 63936 53078 
28763 11
77980 69695 19202 41475 69378 12636 30089 34146 45373 6757 19242 
28735 11
77966 14909 39090 28077 68976 63586 51638 32129 69675 66770 56019 
28729 11
77963 31760 68968 35773 62420 11809 10443 69529 64429 45642 55943 
28704 11
77950 48390 21909 34264 59249 6544 34186 61964 73119 38278 31292 
28675 11
77935 54124 1634 67958 68144 42899 68038 66898 63992 73935 49086 
28649 11
77921 13582 60198 3515 69951 34161 71780 47207 60048 55062 23668 
28578 11
77885 58058 46162 72777 74481 8742 5500 75221 67400 58274 55679 
28567 11
77879 51036 64896 68136 71562 17589 67162 54055 15753 55522 18239 
28547 11
77869 61351 29070 44915 16423 68987 73401 66963 3021 55539 64258 
28527 11
77859 73599 49850 60874 25455 43404 12894 2803 68181 34764 14516 
28503 11
77847 63680 51561 4893 40561 74443 35329 60581 48496 56591 58262 
28487 11
77839 57947 15154 28157 64398 52831 38340 47670 76672 31305 11616 
28475 11
77832 439 19074 50490 52634 46988 46595 12238 72853 40955 30686 
28472 11
77831 52777 38177 3776 62995 32026 38366 10608 46196 56590 12908 
28383 11
77784 50018 50196 44745 43247 76273 41316 28058 23332 56327 61164 
28349 11
77767 8116 33705 38 62812 44898 62693 69285 27373 49443 2118 
28320 11
77753 9864 62059 68864 54576 44408 25952 76269 16182 39025 73175 
28271 11
77727 70401 321 68201 43094 72396 53792 56135 63043 25989 76523 
28215 11
77697 62815 75492 13898 35572 70085 51440 3910 56606 41825 50697 
28198 11
77689 28874 58440 13127 14947 50374 41872 47842 44366 51347 19002 
28194 11
77687 29675 23517 71385 49579 21106 24151 23594 72301 42997 2306 
28183 11
77680 7447 10324 33338 76369 77385 30627 77681 63807 20618 29214 
28093 11
77635 20896 60548 31804 73893 21127 6933 9962 1057 31314 75600 
28080 11
77629 32386 64006 67978 13930 20782 44087 77294 44839 16828 38391 
28008 11
77591 76189 50558 44141 3074 14455 12212 45473 23556 19798 60297 
27947 11
77560 63470 49925 69269 45585 62581 65307 58797 37963 48545 52133 
27794 11
77480 19040 74795 13890 10640 34570 3753 17758 31205 10840 2381 
27750 11
77458 62384 52688 72444 69741 50566 55361 76390 7077 43909 751 
27665 11
77412 46003 73766 70335 56131 45845 22588 3002 73390 7024 34217 
27647 11
77403 56889 21274 31322 75971 2757 1624 38174 16294 58179 6132 
27635 11
77396 36684 62024 60617 24343 16424 23011 44077 74486 18720 57231 
27561 11
77355 71577 35021 62709 68634 2309 24063 74215 69909 55744 46968 
27559 11
77354 11676 71653 31564 75649 5276 76643 58893 59437 19169 36392 
27541 11
77345 56410 44825 40147 16260 62450 19151 66042 26299 23118 64630 
27533 11
77341 32463 75713 43168 42423 35085 74084 62867 45506 62391 32264 
27455 11
77299 54545 70647 70122 61126 65971 4295 43725 50120 63274 60743 
27371 11
77249 59602 38619 72733 44287 53250 34411 41337 63204 72258 27360 
27369 11
77248 21465 76416 73665 66745 21566 57307 27110 16601 28976 43864 
27355 11
77241 35526 22126 66020 28265 42162 28749 24635 23021 45161 23584 
27254 11
77189 55207 43214 65373 4666 5471 44117 51125 76396 41609 6482 
27224 11
77171 49485 57682 22516 17572 47934 52383 12766 3416 47754 76046 
27171 11
77139 68198 22182 16855 32067 6950 50146 27384 42268 1886 21213 
27153 11
77129 66444 58446 37365 40711 4911 5028 68291 77017 53812 8684 
27079 11
77091 74739 63977 24553 54292 36282 3319 65783 12178 49597 51078 
27073 11
77088 70724 7777 727 76230 20489 67112 18129 58231 39273 67937 
27021 11
77059 41616 10619 4507 16378 26530 39980 41619 428 62557 15952 
27001 11
77049 62780 73724 76037 48912 37413 16375 69130 62127 55147 62776 
26958 11
77024 73781 13869 74302 46328 18463 72696 3162 31143 40052 58881 
26925 11
77006 14126 37583 3081 29361 14007 23044 1044 47646 31371 67420 
26874 11
76974 54602 50549 32222 15909 34030 44176 58340 27488 71618 72359 
26854 11
76959 24101 14286 35953 61310 28406 46822 46517 65533 76960 33303 
26676 11
76856 63895 64841 24087 27398 72042 58644 19038 25667 71437 54279 
26671 11
76852 19339 12873 30344 63041 72702 67602 12920 13615 61219 3270 
26564 11
76793 52671 43004 20123 60782 70329 45645 21736 42236 74174 826 
26499 11
76757 63115 17118 69852 66855 14441 55736 19365 76758 19302 16966 
26433 11
76717 65786 29384 29725 12373 69307 37148 53919 55031 16673 29314 
26275 11
76626 21471 2357 17988 8907 41378 73261 10860 72250 64485 76627 
26267 11
76621 42575 2278 56577 8870 34334 31043 60510 24709 71250 26507 
26204 11
76584 14163 17653 29734 4315 75292 35783 37768 14186 43516 41613 
26150 11
76549 22584 44232 8716 15203 14708 43982 27274 55631 33555 18009 
26139 11
76542 9993 70132 32582 69226 52254 55663 59419 72960 60734 47463 
26136 11
76541 19653 63556 74938 40280 75736 66354 63320 68709 62591 34327 
26082 11
76508 75801 72996 36861 41172 14686 45300 65280 25239 74794 5194 
26056 11
76493 49719 6388 72108 73420 8872 44683 42934 13125 6778 20651 
26030 11
76476 56213 30154 68274 61075 21032 43107 6785 29507 6283 47522 
25961 11
76434 64584 66169 64293 36800 32258 40661 546 67426 61979 36571 
25861 11
76373 71179 44095 64257 56960 46094 74913 62695 12326 56245 57070 
25822 11
76349 73154 42946 73735 50089 23319 3194 12593 48249 62417 29248 
25793 11
76330 38847 26155 69809 55307 27474 46147 33550 48362 34951 46278 
25776 11
76318 60747 15191 4905 11559 72430 50808 74571 35155 26618 68815 
25751 11
76302 68271 14835 44722 31238 65794 33549 26460 12239 67352 11581 
25734 11
76292 20171 40797 73580 75343 50002 36393 19773 29999 18749 70302 
25724 11
76287 72864 22889 14324 48862 39180 63732 6244 50127 49213 14803 
25683 11
76259 18214 28255 43301 71074 56798 1415 73709 7663 15422 1313 
25674 11
76252 76253 68761 60023 32399 74698 54340 9746 44554 6466 43122 
25614 11
76209 64096 1520 93 74886 20661 15112 10016 44744 74524 63694 
25593 11
76195 26777 4707 5342 68022 51620 11193 68946 7707 28780 17834 
25530 11
76159 8188 73106 64300 32879 55152 30710 76160 67323 73334 39475 
25371 11
76057 73132 35115 12064 70914 3333 33415 37129 9136 29970 15625 
25357 11
76050 58827 13988 39953 49670 48444 70814 5554 62111 72916 11516 
25342 11
76035 35302 30517 67743 76036 55930 75594 30281 67732 42153 44108 
25341 11
76034 72757 21987 39077 10159 32703 26533 31351 25046 73585 72848 
25333 11
76030 63859 28834 13004 65870 67742 67144 39686 43514 45713 69844 
25303 11
76011 73452 10152 56392 46452 20738 10281 53691 27399 72779 23346 
25165 11
75916 42074 70006 67789 65014 1941 71114 59972 54452 38613 49293 
25106 11
75875 75586 3228 24789 63070 46837 50301 3095 41109 17461 30474 
25024 11
75819 73124 3658 46869 24542 56451 35110 52432 68360 57609 58946 
24937 11
75754 28495 59584 59294 70656 31307 66442 29537 45375 20548 75755 
24782 11
75646 46074 2770 105 3306 67521 35276 40534 72796 40706 55578 
24754 11
75627 31782 59848 72958 24881 74867 7770 6768 75466 62114 73807 
24732 11
75610 6055 31971 60631 71561 59964 16758 25938 42810 37558 56672 
24574 11
75504 66658 30125 33867 2333 69391 75505 70124 60160 44685 73486 
24391 11
75372 21038 26433 126 75373 51115 23168 57352 13316 53651 47422 
24229 11
75264 65226 40798 57015 9700 59963 16848 72821 57206 67347 26854 
24225 11
75260 20659 23424 25786 6538 62028 24775 34656 33502 65592 43588 
24204 11
75247 66561 29426 28940 75248 36247 31418 19496 19763 57314 74814 
24151 11
75205 72907 20402 10503 29409 69812 2427 63157 71488 50332 53122 
24109 11
75173 75174 43105 906 69883 52658 21639 45145 59751 24109 37434 
24002 11
75099 60794 57508 7304 60478 22296 25975 43414 50502 62563 32816 
23926 11
75044 57532 9802 27139 43912 27305 61742 60039 50217 66291 42411 
23909 11
75029 26799 48123 6478 75031 64242 20517 6356 34736 56168 71980 
23886 11
75010 63584 53896 68373 34919 20207 61942 37508 37411 49286 10117 
23874 11
75000 59757 66843 28753 8628 72565 27569 400 75001 53608 63112 
23776 11
74927 22460 43548 66551 44086 51388 64952 9891 11585 29898 63024 
23738 11
74900 10106 14600 37530 6260 33127 60523 56241 73993 62589 30847 
23636 11
74810 68433 50377 26457 74811 38293 61059 35575 28032 56151 69875 
23616 11
74791 74792 72170 43571 4973 37821 4821 26435 23159 34777 24665 
23587 11
74768 63273 3253 60614 68606 33199 52653 25148 64609 44752 47955 
23574 11
74760 70090 68900 14707 38226 30054 59233 29067 39117 73869 32824 
23555 11
74747 65197 22024 25196 60900 52768 70198 49526 18612 30750 68643 
23490 11
74700 41622 1932 58689 13064 1136 23914 58566 20568 69560 58602 
23410 11
74638 67653 31541 31168 64534 39067 62407 38223 446 4411 9941 
23393 11
74624 20769 26651 70455 67188 18847 74625 60857 22483 32411 30559 
23390 11
74623 26057 2546 18752 8417 5113 69456 40001 19228 62848 53478 
23374 11
74613 47543 922 60148 32459 42348 53469 55752 29698 26169 39951 
23202 11
74475 69591 64900 33481 16447 9601 33702 26845 68139 37494 39840 
23193 11
74468 14810 70609 29783 73254 27960 1008 74469 50445 42497 66333 
23164 11
74446 11968 72938 74447 19391 52516 37217 50158 56122 35784 8476 
23149 11
74433 11330 39788 44481 47641 46716 50553 51145 42213 74434 12388 
23129 11
74419 59187 67236 19177 19013 60233 5354 55896 48953 25776 58405 
23122 11
74412 52164 46898 22869 64594 3941 50317 67725 53256 43266 66901 
23100 11
74396 58347 33995 54677 42923 74178 15507 41830 55182 48514 68059 
23071 11
74375 44868 30477 29265 17349 52815 14496 45491 52216 60840 63361 
23045 11
74348 28483 47619 63330 72755 62820 10339 74094 7206 74349 51218 
22996 11
74308 11865 35702 29271 52535 67834 19598 5147 23339 58920 72542 
22933 11
74252 35931 56589 34957 60759 73685 22726 61515 67510 70402 5247 
22766 11
74109 8884 47379 64287 74110 56776 53145 53045 74111 50874 47996 
22763 11
74107 68166 41904 38398 32648 20049 19364 44935 49955 8722 48520 
22718 11
74061 72603 50216 13555 46313 74062 67529 61824 53491 59633 7200 
22696 11
74043 34159 6141 62148 70041 54891 47405 19014 37761 51543 17734 
22695 11
74042 5339 68231 67312 68792 59031 9521 27903 44732 62187 63235 
22679 11
74028 13576 4924 66671 49139 33710 66705 26385 22969 47613 7715 
22653 11
74007 4313 68339 65535 46587 70805 26866 7530 29029 20811 65504 
22643 11
73999 66599 1813 61703 45700 25367 64747 49962 64239 48253 43523 
22610 11
73963 17582 44491 68577 71936 43110 68483 24260 42173 19015 35715 
22574 11
73923 26171 51922 24018 57734 8846 60326 67440 73924 62570 70943 
22570 11
73921 38757 65342 15293 15150 36942 20607 70327 50694 28052 15354 
22546 11
73896 8049 10502 14430 47334 41449 37027 68499 35473 44251 23016 
22538 11
73889 72039 5928 34164 61892 42796 4607 56678 50824 65357 57769 
22534 11
73883 33028 58432 30221 66374 71137 25160 46361 71309 73884 68679 
22527 11
73877 54623 54161 43870 73878 70439 60460 69044 17132 69035 37700 
22519 11
73870 11029 15306 70584 12147 57710 53496 5148 41699 48500 63644 
22512 11
73862 39402 61194 35912 40924 73863 67674 71497 34208 41945 73864 
22398 11
73768 39846 46014 44891 49912 32860 27416 115 73769 24138 53275 
22382 11
73753 46941 5630 16304 42509 22499 64405 73754 39626 16458 41022 
22376 11
73747 22980 65257 33516 35836 25790 24365 73748 12313 32383 48969 
22372 11
73744 49067 72460 4674 9230 4667 62083 67919 40384 34485 2900 
22284 11
73676 73677 66382 17719 43973 24258 37021 27248 19020 7334 51377 
22268 11
73660 63006 73661 11012 73400 68529 63065 73662 50477 57512 31947 
22156 11
73546 70099 54236 30605 38415 69926 9840 59154 73547 5906 52273 
22154 11
73544 73545 62092 63077 63344 62500 13407 53626 60841 38491 34931 
22108 11
73499 5505 12961 21024 57996 73500 21094 67286 48828 18984 57107 
22090 11
73481 59836 62622 73482 20593 7948 54397 18803 47283 55046 24611 
21913 11
73303 45402 7143 60796 68849 57807 13372 32909 63656 371 70208 
21781 11
73169 17128 45772 35008 742 46099 38085 48776 73171 39369 27165 
21776 11
73165 3973 68570 3727 73166 9838 4711 65573 72927 20247 22545 
21722 11
73109 73110 35503 13618 28105 33377 58398 14942 36037 38286 52945 
21720 11
73107 73108 8529 40209 55588 25034 44164 46067 64023 53041 37945 
21666 11
73050 66100 38657 39159 48683 72414 45393 49836 65147 28887 7201 
21652 11
73033 73034 17957 7953 73035 73036 73037 20542 47854 25038 43985 
21607 11
72988 9219 68452 1882 29820 61076 41005 31853 33936 64972 19446 
21551 11
72929 72931 72932 63718 72173 46457 65472 48090 69124 72933 57483 
21472 11
72836 17500 39071 72837 51463 16013 26834 20304 48687 59461 36991 
21376 11
72738 12283 57828 17092 72739 46971 35755 34925 41943 16579 10987 
21332 11
72690 68510 24523 11278 22673 57879 63795 42846 50405 6093 70060 
21258 11
72613 6229 3677 46999 71946 71057 69800 72614 40158 72615 72616 
21244 11
72592 65765 72593 25361 40749 62496 33812 65520 11521 61670 42551 
21235 11
72583 11380 72584 4883 64492 70032 48085 37521 49123 72585 65078 
21225 11
72574 44382 22625 46624 72576 72577 55128 55635 63327 68550 33327 
21205 11
72556 60473 66429 16136 43355 69773 48408 55088 41749 23103 1992 
20947 11
72271 72013 35231 27330 36435 4392 72272 14894 50809 8863 63230 
20943 11
72266 50847 72268 2130 70489 16043 72269 8492 62885 36065 43794 
20895 11
72215 17042 6690 72216 16825 21791 72217 63051 6536 72197 42342 
20805 11
72120 58608 18891 47469 5724 58968 71048 15414 43863 64706 34348 
20697 11
71995 12112 51246 21217 68095 61137 71998 71882 71999 47731 19685 
20655 11
71941 2266 65377 4910 26425 71942 69939 11645 63380 10228 68861 
20524 11
71795 39900 11069 51582 53889 71796 46778 1785 69365 48121 26545 
20484 11
71753 71754 36452 22553 5881 24 4221 68597 48874 14122 24728 
20478 11
71746 52623 71747 30442 8564 69867 52775 5166 18675 22374 7502 
20450 11
71709 33192 12506 67393 17023 21982 66098 41450 23458 2351 26187 
20342 11
71597 15926 58007 55020 71598 18304 71599 29261 68671 54979 39600 
20280 11
71523 39278 71524 48774 41014 11438 10925 56826 52809 46159 71525 
20240 11
71476 60262 24821 63461 60077 33070 54220 57313 36115 71477 58548 
20215 11
71446 28047 64157 163 60657 71447 31376 33210 49171 58076 42443 
20006 11
71195 71155 45900 71196 71197 70066 51674 71198 48610 46790 52893 
19922 11
71109 4902 4929 63307 52146 71110 27215 6006 26641 69857 54334 
19921 11
71107 63386 18277 71108 40168 58365 69946 43298 49824 10728 332 
19755 11
70905 3672 17652 47611 10878 198 57759 33401 70906 31854 34638 
19711 11
70853 35269 27500 69565 17048 58117 769 42780 69766 61904 46453 
19668 11
70803 57911 7007 36437 66182 49508 62463 22373 50802 50696 50634 
19614 11
70736 42300 12628 28894 31406 64659 19523 46194 60389 3196 30371 
19568 11
70669 67487 41840 2040 30969 63313 48733 14472 70471 65344 62487 
19540 11
70632 70633 17116 54778 6832 56972 68329 61677 33617 66513 34315 
19538 11
70630 25598 5730 57090 62353 44568 17371 61995 10627 51798 70631 
19537 11
70628 22101 5484 46205 17739 66726 17258 35010 33523 31687 43418 
19436 11
70502 60917 70503 28767 27236 67915 23162 45049 66734 24085 37707 
19383 11
70433 55702 37951 52297 34584 15412 9913 52647 27317 34707 67090 
19381 11
70432 61571 9204 12015 8562 14352 60217 47318 55696 43785 10215 
19361 11
70410 41399 7242 57570 47237 40438 3688 45084 19775 33061 67391 
19301 11
70345 53697 46927 69978 54060 6077 62832 26279 70347 7514 65731 
19295 11
70338 42994 70339 36654 63143 50420 30255 39674 59932 36997 62941 
19235 11
70276 29255 13577 62256 38669 34150 66976 35482 70278 42215 64796 
19228 11
70266 53778 45528 57175 39783 47398 57092 61230 65239 70144 69440 
19222 11
70261 52976 22083 7158 70262 34252 15684 67530 67895 19096 64205 
19209 11
70244 51061 23088 70245 70246 69344 40192 12501 26999 27932 70247 
19140 11
70146 28459 665 63303 60202 53630 29493 55258 70147 54745 15933 
19113 11
70106 2106 60785 25459 69966 38542 70108 16306 70109 32993 55867 
19110 11
70102 51839 70103 48341 67060 30165 40833 70104 59258 52805 17510 
19044 11
70007 60938 41790 69721 34361 46295 14785 70008 9079 53646 51323 
19024 11
69980 69981 45305 231 12630 5822 29532 69982 29221 48217 11366 
19019 11
69975 45815 39847 9168 2931 64174 2490 44521 67233 54034 17027 
18968 11
69895 58026 39753 69027 2510 51024 37685 21994 13743 21187 61698 
18932 11
69845 69846 27817 69847 25783 17866 46621 44453 51647 53058 20779 
18810 11
69688 27129 41260 48042 39225 40170 27665 27169 69689 3246 17411 
18763 11
69627 61614 5326 69628 64065 45022 9005 26337 49744 51081 33008 
18661 11
69482 63819 36168 59061 51331 26207 22597 31079 66753 52352 5933 
18637 11
69451 44343 2980 61232 59361 24757 61202 55934 69453 68450 59830 
18610 11
69411 53419 10277 67752 34193 41564 28819 69412 69413 3559 69414 
18552 11
69334 69335 23490 64142 61878 69336 4906 51650 69337 61565 1031 
18540 11
69318 55628 31533 31334 69319 38831 13855 3694 42363 43265 53395 
18422 11
69160 2255 2047 14098 46767 64062 32661 22656 3822 43560 57364 
18419 11
69156 68087 50237 53085 26313 69158 38903 23723 3557 57220 13931 
18361 11
69073 23876 54991 19025 4308 45399 492 52347 46288 40585 32721 
18302 11
68993 51637 39115 11578 52257 48795 55449 18719 68994 52149 62046 
18165 11
68787 66567 238 40241 45350 11846 42943 63540 8138 68789 27015 
18137 11
68750 43570 30336 52163 45595 32939 51224 65156 487 11109 46779 
18131 11
68740 12605 45252 484 32755 66616 46058 68742 15022 68743 46667 
18119 11
68721 12616 68722 20451 68723 36818 60289 51785 21854 30839 11717 
18085 11
68673 56541 58174 68676 32871 48630 68677 48410 62248 13019 4978 
17939 11
68466 47632 36286 154 61256 26538 46593 5739 48952 31587 51392 
17672 11
68052 19494 59606 68053 60189 15164 28876 44281 64744 5945 6916 
17605 11
67940 63949 23815 26752 67610 45517 47710 67501 67942 67944 32405 
17598 11
67933 67934 16315 64489 67935 45655 57953 50923 19079 58841 40841 
17582 11
67905 5160 59764 67906 45111 22596 38077 41385 14040 67907 54351 
17450 11
67690 31232 5266 48780 67691 25625 61495 426 35929 48544 67692 
17396 11
67618 33476 39647 67619 20176 61167 5911 12399 62254 66238 64936 
17387 11
67607 61419 27919 49871 57919 45278 10543 37464 38193 29062 6288 
17289 11
67459 4373 41885 67460 52508 63347 54854 58321 34984 39664 3297 
17268 11
67436 19925 44205 67437 67438 66089 54707 18408 40853 62063 26039 
17266 11
67432 67433 58722 67434 31454 48224 67435 6203 44202 21343 58242 
17212 11
67350 53391 67351 38031 23945 50058 42044 31402 50649 31424 21708 
17208 11
67343 53499 67344 63805 61897 4060 40802 20238 54929 67345 67346 
17171 11
67280 48933 33079 52077 22703 27571 47194 41138 67281 67282 46304 
17156 11
67262 24558 39560 67263 34982 51318 55700 28584 67264 67265 53099 
17075 11
67124 26491 56648 59503 3168 67125 11579 46729 67126 67127 38752 
17026 11
67046 54612 66623 51663 49773 21276 67047 59424 67048 39710 41067 
17023 11
67039 22753 474 55603 3274 67040 18792 57890 42055 67041 56027 
17021 11
67034 2692 57849 32953 33500 23705 67036 67037 46905 47521 67038 
16958 11
66932 46098 10219 953 66933 29613 57390 53590 10515 66934 724 
16954 11
66927 8059 52995 27046 32962 17713 23136 66928 2637 37638 51618 
16760 11
66638 16360 42254 1678 24741 53229 20914 59292 42257 13358 24631 
16725 11
66575 19243 66576 55231 64400 66577 57966 62817 66578 29003 35727 
16717 11
66563 35144 11789 59635 31660 32669 45862 24147 4447 66564 63152 
16674 11
66481 66482 36164 6232 66483 66484 52280 23766 66485 66486 13160 
16672 11
66478 32691 55937 12448 28152 53313 10557 66479 56144 28701 66480 
16610 11
66369 64360 61147 63016 63358 29241 25767 2110 51501 32357 66370 
16554 11
66273 5352 48867 51173 17693 44963 26395 66274 982 66275 66124 
16277 11
65761 65762 34741 57126 31676 5275 14847 11881 52193 56059 37394 
16268 11
65746 9975 42344 57291 14273 36047 65747 65748 3850 18755 48421 
16239 11
65692 42582 65693 65103 28505 37586 65694 21714 65695 65696 65697 
16208 11
65622 41606 49026 65623 48150 65624 65625 59479 42677 15997 18575 
16171 11
65546 56418 65547 6172 40712 60947 56211 47995 50933 2882 65548 
16168 11
65539 61950 31768 65540 65541 29285 36518 11515 716 34771 65542 
16138 11
65489 58324 65490 65491 20328 22943 16712 61918 50355 17839 35391 
16081 11
65379 34213 65381 39671 62638 65382 64194 3113 65383 62510 42245 
16050 11
65301 12492 41916 65302 65303 8456 65304 65305 12180 9477 61278 
15930 11
65085 60232 35444 65086 40205 17637 47782 48273 34084 39125 5601 
15805 11
64854 64857 4400 59087 64858 46125 15114 13217 55483 28288 64859 
15785 11
64817 53674 15567 23494 30200 40511 64818 27181 42514 64819 16159 
15703 11
64665 64667 64668 24702 23129 8537 56008 19809 38266 28683 7295 
15695 11
64645 19621 44846 55054 35123 46172 2292 2871 64648 51862 26286 
15678 11
64610 55130 14438 30808 5711 45152 64611 58104 12072 23925 64612 
15569 11
64399 64401 16249 61445 46868 28448 59617 22963 19942 23093 64402 
15546 11
64353 64354 20862 18813 64355 43627 16858 64356 20114 32008 62233 
15438 11
64134 16396 61709 20045 44673 64135 47661 33920 49402 57076 27237 
15423 11
64104 52674 18630 41101 30663 64106 38284 7897 4464 64107 64108 
15332 11
63909 63910 46867 39596 2094 63911 17496 41703 3855 23574 32104 
15330 11
63904 35790 63905 27677 63906 63907 27947 54816 63908 54066 24645 
15323 11
63887 4347 33888 61022 700 63889 63890 63891 42889 41446 60409 
15316 11
63871 56128 63872 63873 42441 14292 13712 48688 63874 53051 63875 
15285 11
63796 23106 63798 63799 52861 24169 24851 63800 3032 63801 41709 
15262 11
63760 12472 33741 11664 55951 22370 1437 44229 53835 32890 26103 
15260 11
63754 63755 62630 63756 63757 37074 61512 60536 63758 31905 48254 
15246 11
63725 57053 36122 63726 48749 28359 63727 36297 43687 17184 51521 
15170 11
63567 63568 22641 43833 30184 58176 63569 63570 63571 47624 62451 
15102 11
63430 63431 24297 56369 35528 42060 63432 55371 26727 63433 63434 
15062 11
63351 26363 63352 51599 63353 35098 34687 19034 63354 63355 14859 
14934 11
63079 26673 53819 60700 5867 63080 63081 1389 54876 24161 29737 
14713 11
62605 62607 27941 30622 43446 32903 62608 45556 2617 35068 7757 
14633 11
62434 36604 62435 62436 57629 13572 62437 28862 35019 19997 22055 
14590 11
62334 47353 28904 6983 62335 40136 9456 34846 62336 52500 47348 
14580 11
62313 34589 45005 62314 18886 62315 62316 59765 6499 62317 38271 
14552 11
62249 27505 28674 39144 10549 60256 45295 33012 13102 60511 26648 
14393 11
61874 56335 32881 4190 33353 52209 61139 7988 20144 61875 61876 
14389 11
61863 61864 61865 46070 24629 47021 52630 22029 35499 20251 61866 
14377 11
61837 61839 18703 61840 42860 15631 61841 31438 22845 57661 61842 
14271 11
61597 2706 21321 61599 53913 61600 1274 13061 38228 61601 56102 
14259 11
61566 61567 49276 61568 36510 61569 56255 22298 49790 31172 60254 
14231 11
61503 50841 61504 58420 42631 61505 17297 2010 3508 47409 56944 
14019 11
61047 57797 61049 58504 61050 61051 7306 19705 20837 36613 61052 
13998 11
60998 57140 7021 60999 21302 37765 30286 61000 3495 12755 61001 
13979 11
60951 30177 34673 3027 23042 27146 40107 42940 36225 60953 60954 
13961 11
60908 19556 16562 2338 53580 60909 37981 41847 60910 10124 44873 
13923 11
60822 60823 59153 60824 48574 60825 43067 60826 26723 60827 29659 
13891 11
60752 18946 60753 10093 60754 11764 20298 48086 34697 11182 60755 
13741 11
60420 45554 57455 32592 59208 37089 22913 15521 8340 11009 14493 
13663 11
60237 60239 60240 44714 17007 33242 27733 29854 60241 32792 39541 
13600 11
60085 3173 45710 23543 15230 12441 18052 58770 52666 39244 60086 
13423 11
59645 33168 40141 27621 42102 59647 59648 15101 57427 13873 48896 
13386 11
59554 59555 699 5119 59556 49981 7017 59557 48594 18014 49857 
13358 11
59484 58246 28842 24277 56423 43994 2274 56810 24874 8408 13116 
13291 11
59308 24517 20172 24157 59309 59310 2643 13786 59311 59312 16156 
13247 11
59201 59203 42557 59204 24848 4844 53980 59205 48590 3915 44163 
13218 11
59129 26479 15535 59130 59131 52304 59132 48527 35877 30846 39495 
13209 11
59099 22758 59102 6240 40580 59103 23642 59104 28958 11300 59105 
13193 11
59064 17908 34260 59067 45031 34819 10310 56983 1983 17161 52836 
13003 11
58583 51046 17152 52124 43767 20237 33693 4879 23015 58584 9677 
12904 11
58343 5723 47404 58344 54273 53606 34575 58345 54712 4419 8335 
12892 11
58308 895 46750 40614 39268 28086 58309 18582 58310 5680 26819 
12868 11
58243 46786 29369 23177 54244 44855 29300 58244 15146 58245 58032 
12671 11
57761 38517 12796 3807 13404 51133 57762 57763 22761 57764 49968 
12661 11
57733 28080 57735 26498 57736 42043 57737 6986 35133 25799 57738 
12636 11
57676 39272 53983 25400 17110 23253 7712 37046 47028 36324 55790 
12574 11
57528 45942 35272 9483 42870 44378 17416 35655 26157 57529 7128 
12564 11
57509 21191 6596 32568 45102 57510 31119 47007 41270 48344 57511 
12402 11
57079 57080 23808 57081 50177 57082 23456 40353 31967 18608 44400 
12364 11
56973 24319 56974 5996 29977 56975 27611 56976 15495 56977 5879 
12357 11
56953 56675 52127 53032 43106 56955 19948 34924 56956 22444 2234 
12197 11
56525 26078 56526 56527 56528 39353 20255 3894 31022 49763 56529 
12136 11
56354 56355 38460 28778 4526 50163 56356 48707 51110 2805 56357 
11992 11
55963 41721 48779 18536 6533 53861 55964 24261 37857 53162 55965 
11953 11
55857 7790 55859 42198 55860 31094 43441 33822 5188 26971 8889 
11950 11
55851 55852 55853 55854 39877 44413 29203 4809 55855 31069 36032 
11940 11
55827 55828 5820 55829 55830 55831 42768 36340 55832 55833 52377 
11906 11
55722 28910 55254 55723 27372 38432 43881 1357 55724 643 55725 
11852 11
55579 55580 55581 55582 55583 19659 17644 24374 55584 31788 35919 
11801 11
55439 55442 55443 5327 28330 31161 55444 51015 55445 55446 17237 
11767 11
55340 53259 55344 55345 14486 23449 36288 14152 7288 159 55346 
11703 11
55159 31245 55162 55163 13556 55164 55165 34861 50935 55166 1653 
11675 11
55081 27441 17730 50443 55083 13095 42409 24344 42820 55084 55085 
11614 11
54903 54904 54905 8536 32734 54906 33607 48073 54907 21815 48771 
11565 11
54777 54779 47783 50314 54780 54781 37190 51212 21257 54782 10487 
11532 11
54685 14223 54686 16927 30723 54687 29892 88 24369 54688 54689 
11517 11
54649 54650 45243 25385 32660 7463 34432 54651 47400 52044 43071 
11454 11
54453 31594 54454 30797 54455 54456 32440 52895 14366 54457 549 
11447 11
54435 32911 19203 30661 1043 54437 20927 19388 42395 54438 54439 
11303 11
54003 48502 40010 54005 41599 32640 35516 19647 7998 54006 27878 
11275 11
53925 53928 2364 50644 21926 53929 53930 4614 38294 52539 9174 
11260 11
53891 53892 10720 16479 53893 42831 20810 53894 32015 46051 32181 
11257 11
53879 35840 13381 53882 53883 16344 53884 13413 53885 45474 31036 
11244 11
53840 39195 31112 33899 15586 43814 22313 9209 53841 53842 53843 
11171 11
53610 53613 34582 41289 53614 53615 10851 53616 53617 15773 53618 
11112 11
53434 53435 53436 53437 53438 42178 30156 53439 42427 53440 17322 
11076 11
53327 29303 53328 1994 53329 18981 34061 38761 49615 53330 48765 
11058 11
53263 53264 53265 53266 53267 211 52327 49269 53268 46873 53269 
11041 11
53208 3213 53211 38805 53212 28230 25720 49694 53213 39512 50160 
10981 11
53024 53025 48035 34450 50943 22287 42212 53026 11862 53027 1518 
10786 11
52418 2979 52419 25146 41911 52420 28017 12071 52421 30974 373 
10524 11
51584 47142 36169 50565 51585 40733 27438 51586 51587 51588 51589 
10431 11
51283 51284 51285 16597 51286 51287 51288 39491 51289 19537 39470 
10395 11
51149 51153 51154 51155 51156 21362 51157 29534 46883 51158 38506 
10367 11
51050 51053 51054 40119 49507 51055 26137 51056 46722 51057 2089 
10347 11
50991 50993 50994 20206 50995 18267 35335 1358 36603 50996 24140 
10169 11
50422 50423 37216 44069 27630 4176 39639 50424 22385 38038 50425 
10161 11
50392 28849 50395 50396 50397 50398 50399 50400 20470 45453 40716 
10109 11
50207 1216 20981 50210 50211 50212 50213 50214 15198 12924 47755 
10073 11
50094 50097 29324 35145 6272 50098 26597 50099 49632 27249 23313 
9971 11
49764 49765 25876 10108 49766 49767 49768 45786 49769 49770 49771 
9962 11
49737 38720 26024 4268 49738 1791 6085 49739 29798 21549 17034 
9877 11
49445 49174 49448 24979 11594 49449 49450 49451 49452 27926 49453 
9868 11
49415 31332 49416 35729 21082 49417 32259 33886 40489 49418 37930 
9763 11
49070 39810 49073 49074 38734 16890 49075 221 49076 49077 40729 
9687 11
48805 48808 48809 36965 31559 31870 26126 48810 26225 48811 48812 
9565 11
48400 48401 48402 48304 48403 48404 42335 48405 26143 26316 7038 
9500 11
48173 41680 48174 48175 48176 48177 6294 38248 27348 25905 1479 
9478 11
48105 34635 48106 28860 26208 48107 48108 48109 48110 39375 33910 
9299 11
47481 25267 47483 14413 47484 36953 13352 47485 19640 28515 47486 
9137 11
46906 35817 46908 5551 46910 30216 16683 24071 46911 46912 17244 
9062 11
46640 46641 10746 46642 46643 46644 7250 46645 46646 46647 46648 
8959 11
46265 5603 46267 21879 46268 46269 39102 46270 33205 46271 30631 
8805 11
45703 45704 45705 23613 11702 15556 29867 7444 45706 42492 25274 
8705 11
45326 45328 23119 36078 45329 1521 45330 4785 45331 20140 11442 
8562 11
44786 42718 44787 44788 13711 44789 7512 44790 21382 44791 44792 
8535 11
44686 44689 44690 44691 44692 19928 16322 19178 35800 39659 19908 
8508 11
44584 39669 29940 44585 44586 44587 40723 44588 44589 44590 44591 
8498 11
44535 44536 44537 44538 44539 44540 44541 44542 14703 44543 26301 
8478 11
44473 44474 38003 44475 44476 44477 44478 44479 38110 30072 44381 
8440 11
44322 22528 22127 21711 44323 29801 44324 44325 41021 44326 27710 
8381 11
44107 44109 27529 44110 44111 44112 6771 38181 44113 2818 44114 
8378 11
44100 9282 44101 44102 44103 44104 44105 5179 37023 5758 10742 
8369 11
44052 44055 44056 44057 44058 44059 44060 44061 43792 35478 40292 
8017 11
42644 42646 42647 42648 28397 38746 20859 38184 33369 42649 38200 
7930 11
42306 33569 42307 42308 42309 37468 27068 9782 6990 42310 40655 
7826 11
41875 11368 41876 41877 28685 15257 41675 41878 5277 41879 41880 
7752 11
41588 41589 14034 41590 29627 41591 41592 41593 9125 10770 9610 
7733 11
41502 2456 16997 41505 41506 41507 32410 41508 41509 21725 38636 
7482 11
40496 26438 38183 40497 35304 15457 40498 8131 40499 40500 40501 
7464 11
40418 40419 36676 40420 18453 25743 40421 40422 40423 40424 33694 
7266 11
39610 39611 39612 39613 39614 39615 21995 39616 39617 39618 7559 
7256 11
39567 35668 30772 39568 39569 1355 39570 38194 39571 14750 22131 
7228 11
39456 26141 33471 39457 39458 38769 27090 39459 5318 21132 10757 
7211 11
39385 5039 39386 19666 39387 39388 6943 39389 39390 39391 8409 
7173 11
39236 39239 39240 36581 20297 26893 16669 23604 33116 2852 39241 
7125 11
39043 39045 39046 10641 39047 39048 39049 3653 21163 39050 39051 
7043 11
38693 38695 38696 10686 28738 38697 25362 38698 38699 38700 2143 
7040 11
38684 38685 5171 38686 38687 1744 10073 38688 9137 5031 38689 
7002 11
38510 38511 27186 38512 38513 29522 38514 38515 38516 24389 30010 
6971 11
38373 36312 22700 38376 38377 38378 38379 26027 14017 38380 14124 
6907 11
38083 38086 22045 38087 24445 38088 38089 38090 38091 38092 38093 
6899 11
38049 6206 38051 37941 38052 38053 38054 28786 26461 4941 38055 
6865 11
37895 37897 37899 37900 37901 37902 37903 37904 37905 11781 37906 
6851 11
37832 37836 37837 37838 37839 37840 33628 37841 37842 37843 37844 
6836 11
37772 19725 8969 37773 32257 3128 37774 15648 37775 37776 6460 
6750 11
37377 22743 37378 37379 37380 37381 37382 23625 37383 37384 37385 
6700 11
37155 37156 37157 37158 37159 37160 37161 37162 37163 37164 37165 
6629 11
36831 36834 36835 13705 36836 2830 20324 34325 36837 11957 36838 
6617 11
36783 36784 28211 36785 24338 36786 36787 20039 24953 255 36788 
6615 11
36773 36776 36777 36778 36779 15880 3908 18593 36780 36781 36782 
6608 11
36746 36747 13284 36748 36749 36750 36751 36752 36753 36754 36755 
6587 11
36656 36659 36660 36661 6045 24690 13561 34576 18091 4578 36662 
6485 11
36188 36191 7542 36192 36193 36194 19455 36195 24737 36196 36197 
6463 11
36090 36094 36095 13675 33279 11190 20453 27175 1627 23538 36096 
6452 11
36048 36049 13896 36050 36051 15205 32019 36052 36053 12805 36054 
6378 11
35719 35720 32539 27231 35721 35722 35723 35724 23524 9550 35725 
6368 11
35672 35673 35674 35675 7606 21507 35676 35677 20979 35678 35679 
6309 11
35417 35419 35420 35421 35422 35423 35424 35425 35426 13398 30444 
6278 11
35279 33880 35280 1561 16253 35281 35282 35283 35284 10438 35286 
6234 11
35088 35089 35090 29968 35091 12834 35092 35093 35094 35095 35096 
6224 11
35042 35043 2787 35044 7614 35045 35046 15533 35047 35048 35049 
6213 11
34992 34994 32226 34945 33785 34995 23474 34996 34997 22979 34998 
6181 11
34859 18559 34862 27032 34863 34864 21046 34865 27043 10102 16453 
6103 11
34512 9491 34516 30919 34517 34518 34519 34520 34521 34522 34523 
6037 11
34218 30603 34221 34222 34223 33918 34224 34225 4920 34226 32249 
5916 11
33665 33666 15400 8905 33667 33668 6036 33669 3983 33670 26472 
5867 11
33421 33425 12992 33426 33427 15312 16872 5304 33428 33429 33430 
5690 11
32606 15914 32607 32608 2079 32609 32610 32611 17305 32612 32613 
5675 11
32523 32524 32525 31579 12166 32526 32527 32528 32529 32530 32531 
5502 11
31698 31699 31700 15977 31701 31702 31703 31704 31705 31706 13254 
5417 11
31289 31293 31294 31295 24004 31296 15184 27159 27904 31297 31298 
5318 11
30824 30825 30826 30827 9187 16188 23344 30828 17242 30829 6903 
5292 11
30695 30696 30697 30698 30699 7883 30700 30701 30702 30704 19924 
5228 11
30374 30375 30376 30377 22498 30378 30379 30380 19415 3886 30381 
5178 11
30138 30139 30140 30141 30142 30143 30144 13292 5283 30145 30146 
5168 11
30095 30096 14347 30097 30098 11785 30099 14279 30100 6910 2893 
5137 11
29939 8929 22817 26589 29943 29944 13396 29945 29946 29947 18323 
5076 11
29634 15999 29635 29636 27050 29637 27293 29638 29639 26175 29640 
4881 11
28649 28650 28651 28652 28653 28654 28655 28656 20945 28657 9036 
4833 11
28422 6060 28424 21641 20440 22451 17169 15882 3735 28425 10642 
4823 11
28369 28372 21078 28373 13110 28374 28375 28376 28377 28378 28379 
4775 11
28136 515 15436 28137 6686 28138 28139 28140 7643 28141 28142 
4691 11
27742 27744 626 27745 27746 27747 27748 27749 27750 27751 27752 
4659 11
27574 27577 27578 27579 27580 27581 1726 27582 27583 27584 27585 
4397 11
26236 26239 26240 16654 4422 26241 26242 26243 26244 26245 26246 
4350 11
25981 25982 18001 15891 1049 25983 25984 25985 25986 25987 18955 
4293 11
25690 25693 25694 20654 25695 25442 25696 13707 25697 25698 10729 
4259 11
25519 18812 25522 3539 14768 25523 25524 25525 25526 25527 25528 
4241 11
25423 25427 13583 25428 25429 2312 8913 25430 25431 25432 25433 
4169 11
25056 14963 25058 25059 25060 25061 25062 22988 22839 25063 22119 
4124 11
24837 24838 23579 24839 4508 14178 24840 24841 24842 21300 3574 
4072 11
24561 24562 24563 17826 20728 24564 24565 24566 24567 10697 24568 
4043 11
24390 16874 24392 13034 24393 24394 24395 24396 24397 24398 5259 
4001 11
24176 24177 24178 24179 24180 7507 24181 24182 24183 24184 24185 
3946 11
23898 11933 23899 15401 23900 22759 23901 23902 23903 23904 23905 
3932 11
23825 23826 23827 23828 23829 22467 23830 23832 23833 23834 23835 
3851 11
23391 9337 23394 23395 20234 23396 23397 23398 23399 23400 23401 
3833 11
23296 23299 23301 23302 197 23303 23304 23305 23306 23307 23308 
3817 11
23218 23221 23222 2135 23223 23224 23225 413 6762 23226 23227 
3514 11
21579 21580 21581 21582 21583 21584 21585 21586 21587 21588 19023 
3505 11
21528 21531 21532 21533 21534 21535 21536 21537 21538 21539 21540 
2896 11
18135 18136 18137 18138 18139 18140 18141 5221 18142 18143 18144 
2830 11
17766 17767 17768 13003 16445 17769 17770 17771 17772 17773 8485 
2772 11
17440 17441 17442 17443 17444 17445 17446 17447 17448 17449 17450 
2658 11
16779 16780 16781 16782 16783 16784 16785 16656 16786 10690 16787 
2637 11
16657 16661 16662 16663 8633 1517 3101 2825 16664 16665 12054 
2472 11
15712 15713 15714 15715 940 15716 15717 15718 15719 15720 15721 
2356 11
15010 15011 15012 15013 15014 15015 15016 15017 15018 15019 8856 
2335 11
14877 14880 14881 14882 14824 14883 12833 14884 14885 14886 14887 
2299 11
14656 10918 14660 14661 14662 14663 10485 14664 14665 14666 14667 
2275 11
14517 2903 14519 14520 14522 14523 9548 14524 745 14525 14526 
2175 11
13914 13917 13918 13919 13920 13921 1103 1104 13922 13923 13924 
2121 11
13599 13603 13604 13605 13606 13607 13608 13609 13610 13611 13612 
1966 11
12686 12687 6982 12688 12689 12690 12691 12692 12693 2408 12694 
1961 11
12651 12654 12655 12656 12657 12658 3018 12659 12660 12661 12662 
1913 11
12359 12361 12362 12363 12364 12365 12366 12367 9366 12369 12370 
1850 11
11976 11977 11978 11979 11980 11981 11982 4197 11983 11984 11985 
1845 11
11937 11941 11942 11943 11944 8824 11945 11946 11947 11948 7609 
1772 11
11505 4876 11506 11507 11508 11509 11510 11511 11512 11513 2524 
1766 11
11468 11469 11470 11471 11472 11473 11474 1866 11475 11476 11477 
1727 11
11227 3252 10747 11229 11230 1449 11231 11232 11233 11234 11235 
1675 11
10907 10910 10911 7195 10912 7036 10913 8256 10914 10915 10916 
1652 11
10771 10772 10773 9206 10774 6681 10775 10776 10777 7155 10778 
1508 11
9893 9894 9895 9896 9897 5451 9898 9899 9900 9901 6032 
1500 11
9842 9843 9844 9845 9846 9847 9848 9849 9850 9851 9852 
1468 11
9641 9642 9643 9644 9645 9646 9647 9648 8710 9649 9650 
1254 11
8283 8284 8285 8286 8287 8288 8289 8290 8291 8292 8293 
1226 11
8105 8106 8107 8108 8109 8110 8111 8112 8113 8114 8115 
1177 11
7789 7793 7794 7795 7796 7797 7798 7799 7800 7801 7802 
1142 11
7574 7575 7576 7577 2685 7578 7579 7580 7581 7582 7583 
1031 11
6850 6853 6854 6855 6857 6858 6859 6860 6861 2819 6862 
992 11
6607 6608 6609 6610 6611 6612 6613 6614 6615 6616 6617 
866 11
5772 5773 5774 5775 5776 5777 5778 5779 5780 5781 3309 
865 11
5759 2531 5763 5764 5765 5766 5767 5768 5769 5770 5771 
714 11
4787 4788 4789 4790 4791 4792 4793 4794 4795 4796 4797 
661 11
4425 4429 4430 4431 4432 4433 4434 4435 4436 4437 4438 
517 11
3470 3474 3475 3476 3477 3478 3479 3480 3481 3482 3483 
502 11
3382 3383 3384 3385 3386 3387 3388 3389 3390 3391 3392 
438 11
2956 2957 2958 2959 2960 2961 2962 2963 2964 2965 2966 
379 11
2557 2561 2562 2563 2564 2565 2566 2567 2568 2569 2570 
241 11
1633 1636 1637 1638 1639 1640 1641 1642 1643 1644 1645 
194 11
1323 1324 1325 1326 1327 1328 1329 1330 1331 1332 1333 
6 11
42 43 44 45 46 47 48 49 50 51 52 
29724 10
78462 16592 40284 13377 28326 71502 7640 63123 10268 54814 
29686 10
78443 53586 67408 22868 52783 64130 46541 11265 62342 33503 
29391 10
78295 51772 72909 70387 65000 65767 28439 31457 41469 73150 
29250 10
78224 27835 69898 64728 74545 70699 17793 21338 1856 66248 
28961 10
78079 65137 75605 44081 23142 9976 67489 56021 73417 73959 
28491 10
77841 71071 73042 9186 63075 18554 13257 7245 77271 8915 
27774 10
77470 7059 12715 63504 43489 63902 12632 64619 6958 68909 
27744 10
77455 61362 63619 60236 62684 5134 6734 44507 56710 30558 
27743 10
77454 65018 35291 8434 8946 45384 30535 51821 23509 70685 
27599 10
77375 25001 68324 13520 13072 29938 21259 54661 44011 65033 
27386 10
77257 37749 11361 59400 4407 9403 26222 76324 35844 64559 
26947 10
77018 51911 30019 58479 67886 30737 61643 44488 73554 69034 
26385 10
76688 31991 1183 70892 48189 9984 34857 37337 60655 25122 
26125 10
76535 47050 25623 67729 13176 59663 69328 70556 34322 70885 
25705 10
76276 7047 65550 41715 33742 66730 34258 45981 44751 5600 
25665 10
76246 69050 76247 66139 42504 67086 58956 37118 46829 72813 
25243 10
75967 43901 40131 61145 75968 68013 36792 40545 3181 72342 
24909 10
75735 48587 75400 57800 67513 28634 53788 61579 750 64406 
24730 10
75609 43916 53923 26522 47898 70808 43818 27286 66595 49982 
24541 10
75479 15676 38786 5131 44628 37911 62013 41113 11715 21922 
24014 10
75108 31061 9017 50335 46554 57794 41678 11275 51957 69500 
24001 10
75095 75096 44353 35353 48928 44371 75097 42451 29555 65665 
23846 10
74980 74916 24607 12903 69824 30204 54638 6945 73170 14418 
23767 10
74922 60516 61287 57225 53428 73913 66850 50495 15140 67544 
23733 10
74896 39731 63140 67836 70726 68035 63305 51797 62578 62624 
23697 10
74866 10547 74535 31826 33111 67171 34558 43929 68019 50498 
23664 10
74835 39661 40901 58771 51419 14825 53225 52048 39764 59026 
23506 10
74711 71035 8995 32178 48833 7927 6031 4861 60797 72538 
23365 10
74608 28848 56901 35346 3550 32036 66650 63595 36177 37665 
23240 10
74508 54524 44187 70722 74509 27648 18004 64424 72557 13939 
22849 10
74181 45455 56224 44922 22935 57441 58157 60863 30293 46718 
22819 10
74152 73113 15602 74153 74154 67526 38102 34336 13002 24798 
22569 10
73920 20116 68128 34583 11458 60170 71783 47489 15247 54427 
22508 10
73858 46036 20539 18482 32144 45272 65499 69761 73859 2380 
22432 10
73797 27901 25520 23931 65576 33825 39165 635 60384 66420 
22026 10
73419 58476 8879 19766 23273 35003 18245 28161 33900 56811 
21399 10
72760 30011 37764 1850 52473 36405 14111 37097 12302 50279 
21382 10
72744 7194 30532 18050 13214 72745 22139 2912 4171 56708 
21210 10
72561 57320 40392 3551 61312 64880 60889 70258 71830 38327 
21086 10
72428 25156 53209 72429 62991 14312 44071 72431 62363 24207 
21046 10
72386 72387 41987 60332 66447 59845 27895 22345 62922 37892 
20964 10
72287 11553 3630 71225 31537 69029 38737 26568 38310 62762 
20934 10
72256 47557 31720 8574 66784 72257 56419 35925 72182 14976 
20904 10
72227 15487 33861 42537 11815 57679 54552 54037 47513 8023 
20702 10
72003 72004 47792 35600 56217 71043 10348 47644 72005 43984 
20657 10
71943 23720 12461 58886 28274 22587 30799 53770 30574 71944 
20510 10
71778 68344 10060 44337 71779 53745 23036 6875 71781 41179 
20420 10
71674 41297 7515 52846 71345 40193 23462 587 36702 18863 
20324 10
71576 59363 42465 71578 61367 56379 67676 37098 68687 33626 
20068 10
71276 13053 21733 47906 22983 71277 45632 6039 13030 51761 
19667 10
70802 30986 52797 35297 56932 69930 18025 48258 69635 65160 
19564 10
70660 70661 43178 70662 70663 58903 40599 2460 70664 17921 
19559 10
70655 51188 51104 54396 26156 35223 44318 55570 23562 23745 
19409 10
70467 11951 61807 22517 62740 43483 68883 40715 70468 70469 
19262 10
70303 69515 30024 56490 70304 70305 70306 43710 60709 12426 
19202 10
70236 59910 7364 42386 18483 26515 60271 70237 43331 40990 
19194 10
70224 19305 70225 38282 1981 70226 14726 33935 62944 21643 
18878 10
69768 56157 56633 45321 59944 38434 54103 59517 63097 58816 
18825 10
69706 61733 40620 2354 1536 20339 49460 69708 20691 33442 
18407 10
69137 47496 69139 69140 44032 24640 69141 12889 15260 44798 
18372 10
69089 45303 56129 9911 41355 60101 33718 43395 40020 69090 
18340 10
69048 66310 13092 51237 60176 13950 4012 40257 38224 34414 
18178 10
68809 22291 54541 12305 57786 47190 10116 6210 10286 65522 
18177 10
68805 29615 66950 68806 34172 29141 68808 48233 63408 33631 
18022 10
68591 56425 62884 52901 23412 58717 57160 66625 1235 68592 
18019 10
68587 6583 37994 24400 32762 52579 68588 12436 49481 9238 
17981 10
68527 68528 67723 18814 16933 53713 17657 57551 2362 59508 
17883 10
68381 28673 58418 52746 35963 18016 46427 16020 66363 68383 
17836 10
68310 32753 68311 35835 60615 51927 10416 48540 62157 28776 
17712 10
68119 37825 44457 54464 56222 2988 50394 36938 54977 4113 
17679 10
68063 27303 44607 46286 68065 31724 66698 39518 42874 55774 
17389 10
67608 11262 46171 50637 8151 34104 67611 34540 8902 61416 
16896 10
66835 8778 24264 43879 23856 66837 66838 66839 35966 61938 
16846 10
66756 37641 16292 45047 36491 55218 49653 55561 65514 43399 
16743 10
66612 54489 58193 64064 66615 36223 66494 6936 64494 40120 
16590 10
66335 24235 66336 50246 66337 66338 17232 4090 35356 47662 
16308 10
65817 60045 65818 58192 65819 57029 65820 61448 29832 9032 
16266 10
65743 62189 39054 50839 44888 56825 9311 33750 42181 65745 
16182 10
65571 9001 59799 62846 56699 38154 65572 54296 32172 65574 
16008 10
65220 20706 23022 61196 31113 65221 47386 31872 8263 1214 
15746 10
64755 64756 5449 64757 6668 3051 1934 42587 36950 61789 
15723 10
64703 27566 60860 48111 64705 44342 57819 45702 8552 52336 
15534 10
64332 42224 26822 16436 19971 41600 56767 40025 38972 60551 
15503 10
64268 541 21346 64269 6741 37966 56830 64271 63984 31540 
15351 10
63945 33505 63946 38099 38759 61582 61007 53407 27219 43357 
15238 10
63708 52480 63709 9277 41485 61112 39433 63711 3355 63713 
15211 10
63649 50348 36489 26394 3783 15265 39295 63652 57651 63653 
15127 10
63478 46826 39134 50448 10576 63480 63481 63482 52300 63483 
14805 10
62797 62799 11735 2896 59767 12198 8733 6325 62800 62801 
14801 10
62788 62789 6516 62790 26894 54444 62791 3263 62792 30198 
14784 10
62756 59060 4314 62757 42668 51949 28607 47507 30815 61296 
14770 10
62726 34551 60309 56232 50481 62727 22589 7431 25565 62728 
14760 10
62707 62708 62710 32491 45949 50512 62711 46207 62712 15117 
14754 10
62694 21503 36640 45816 59568 24915 23696 46728 29211 41059 
14725 10
62628 15671 8209 9563 56795 62631 43903 20444 49052 60172 
14691 10
62560 52340 18204 36330 14446 62561 18078 62562 14409 33905 
14479 10
62080 14056 53203 55691 7061 40643 39784 20073 49596 44302 
14198 10
61439 56071 61440 58829 512 3112 61441 55068 45659 54429 
14156 10
61350 6477 35746 19355 61352 61353 61354 57263 39121 24124 
14153 10
61341 46926 61344 10440 54840 7428 40770 61346 36411 61347 
13834 10
60622 60623 8911 55124 46253 60625 60626 60627 41058 43102 
13818 10
60583 26747 25862 59749 14459 58273 60584 60585 44596 21289 
13783 10
60501 60502 60504 60505 3430 21954 55730 55737 48846 60506 
13753 10
60443 23348 41850 33024 47888 2878 60444 59120 10449 11647 
13708 10
60349 52378 34969 60350 32 41072 60351 52196 30730 60352 
13539 10
59926 59928 45016 59929 59930 26663 57245 59931 28912 59933 
13368 10
59509 51469 59511 59512 49028 59513 11709 23588 51137 13402 
13325 10
59395 56701 1453 26019 52381 32378 56704 25263 59397 59398 
13235 10
59172 54433 59173 10862 21057 23503 55537 44864 17195 14789 
13083 10
58796 58798 50238 58799 58800 19199 58801 4948 57688 58802 
13041 10
58685 48046 46383 16113 58687 4195 7270 17249 56655 58101 
13039 10
58676 58680 58681 58682 48822 58683 41087 50325 58684 58223 
12786 10
58050 57987 55423 58051 57466 17648 18533 58052 58053 19691 
12722 10
57892 17095 26806 35318 57893 29097 57894 43135 13148 12502 
12654 10
57717 4733 5909 28431 57718 57719 57720 57721 57722 19592 
12623 10
57639 2085 31974 57642 57643 57644 37502 17509 54106 27427 
12548 10
57468 52781 44293 50661 16351 57469 57470 53650 22891 54411 
12539 10
57440 57442 29239 57443 10392 56789 57444 18150 24623 57445 
12500 10
57354 46813 57355 57356 30775 42992 57357 57358 57359 7860 
12381 10
57018 11277 57022 57023 50248 316 57024 53701 8514 56328 
12345 10
56918 1895 56921 27314 56922 17605 3789 51508 56923 56924 
12172 10
56447 56448 43935 56449 873 56450 56167 56452 27773 15291 
12011 10
56014 29376 56017 18835 31785 50316 35670 43844 11343 56018 
12002 10
55989 27963 1311 9554 12127 55990 44684 42924 55991 2630 
11898 10
55701 48815 55703 55704 21419 3670 55705 55706 36167 55313 
11897 10
55695 28596 51381 53412 55698 55699 18681 22952 50593 48182 
11744 10
55274 26629 55275 55276 55277 23277 37125 13113 55278 27260 
11706 10
55171 45423 30284 43361 53793 55172 55173 31266 31331 39660 
11671 10
55072 21315 43449 20605 32299 55075 7676 37154 55076 55077 
11629 10
54947 54948 5676 54949 54950 54951 10835 54952 13408 35200 
11625 10
54935 44897 1778 54937 54938 54673 30882 28604 4922 54939 
11255 10
53872 5151 3912 53873 53874 53875 4878 14180 53877 53878 
11118 10
53455 30209 51715 2154 4722 44170 16355 53456 22221 53457 
10985 10
53034 8000 9454 53037 15256 53038 53039 40776 53040 53042 
10829 10
52546 1972 39603 5923 20155 20254 52547 51211 52548 52549 
10666 10
52050 20609 52052 20442 52053 8031 16730 51074 29927 52054 
10520 10
51572 51573 34088 51574 51575 51576 36278 16538 22788 43163 
10326 10
50928 50929 17718 50930 45299 50931 50932 595 39247 34105 
10305 10
50852 44972 50855 50856 50857 50858 50859 5842 39219 3953 
10171 10
50426 50428 33943 14958 50429 34214 27866 50430 50432 50433 
10124 10
50256 50257 31364 50258 3312 50259 28258 47336 19663 50260 
10050 10
50019 36764 38251 1939 50020 32114 41889 50021 21324 50022 
9949 10
49686 19069 38649 49687 2269 49688 47499 5467 49689 49690 
9913 10
49558 49562 49563 1516 49564 49565 49566 8140 21514 46958 
9556 10
48369 43444 48370 7152 16861 34537 48371 48372 48373 48374 
9513 10
48212 48214 48215 48216 38963 24742 41420 48218 8091 48219 
9164 10
47002 47003 47004 27335 10280 25920 38062 32349 13689 36763 
8903 10
46060 46063 46064 20220 41627 46065 46066 45389 29545 22632 
8886 10
45993 5110 20457 45994 32421 26669 32101 45995 45996 2240 
8864 10
45910 45911 32188 35176 44815 40761 45912 45913 45914 25406 
8828 10
45782 45783 8740 41165 45784 45785 15946 45787 27843 45788 
8719 10
45374 39088 45376 45377 12676 45379 28045 7745 9997 20 
8677 10
45211 28268 45215 45216 25761 45217 45218 9603 45219 27070 
8505 10
44566 44569 44570 44571 44572 18017 44573 44574 37443 44575 
8471 10
44442 16732 44445 27694 44446 30135 17684 25545 40785 16930 
7831 10
41891 41893 8431 41894 41895 22756 41896 29797 16471 41897 
7805 10
41787 41789 41791 41792 41793 41794 41795 41796 21650 41797 
7647 10
41158 41161 19552 41162 35118 10613 36410 37493 4750 17752 
7562 10
40836 40837 32711 40838 40839 23881 6117 27309 34490 40840 
7509 10
40611 23695 24801 5360 40615 9468 24765 40616 40617 33479 
7291 10
39712 19041 4480 21412 39713 19804 30492 39714 39715 39717 
7178 10
39260 35706 13778 29541 30015 13201 39262 8545 39263 39264 
7150 10
39143 22116 27144 39145 39146 39147 38412 30505 39148 39149 
7100 10
38942 6573 38943 38944 9217 38945 38946 38947 27739 38948 
6910 10
38105 8921 38106 33134 8997 22276 29074 38107 21169 3369 
6842 10
37799 37800 37801 37802 11928 37803 12101 13167 5608 37804 
6682 10
37071 473 37072 25163 37073 37075 37076 37077 32278 37078 
6302 10
35385 35386 7460 35387 35388 30745 14889 35389 29321 35390 
6299 10
35365 35369 35370 35371 34536 29017 35372 35373 32415 35374 
6182 10
34866 21001 34272 17481 34867 34868 15332 34869 34870 34871 
6064 10
34339 34340 34341 34342 34343 34344 34345 34346 34347 31188 
5875 10
33461 33463 33464 29386 33466 33467 1961 28355 33468 33469 
5656 10
32438 30560 32439 19636 9372 1016 32441 32442 32443 32444 
5633 10
32317 16607 32321 26717 32322 32323 32324 14547 32325 20741 
5626 10
32285 32287 32288 32289 32290 32291 32292 32293 32294 28898 
5456 10
31490 20581 31491 31493 31494 31495 31496 31497 31498 31499 
5402 10
31230 31231 29744 31233 12977 22096 31234 31235 31236 14563 
5394 10
31193 31194 27700 31195 31196 17924 31197 9086 31198 31199 
5386 10
31156 21345 31157 31158 31159 31160 31162 31163 31164 30649 
5282 10
30650 30651 12429 30652 30653 2284 381 18617 30654 30655 
5039 10
29432 29436 29437 29438 29439 29440 29441 29442 29443 29444 
4917 10
28832 28833 28835 10363 28836 28837 21649 28838 28839 28840 
4805 10
28277 28281 28282 28283 28284 28285 28286 28287 4063 28289 
4730 10
27928 2930 27929 16962 27930 27931 13243 19886 27933 27934 
4508 10
26811 22102 26813 26069 26814 26815 23101 26816 26817 26818 
4423 10
26376 26380 20323 26381 26382 26383 26384 26386 26387 2866 
4298 10
25717 25718 25719 21325 6084 14670 25721 25722 25723 25724 
4164 10
25040 25041 15271 4286 25042 25043 2100 25044 25045 3823 
4078 10
24590 3636 24592 24593 4729 24594 24595 24596 24597 3732 
3738 10
22798 22799 22800 22801 12567 22802 9104 22803 22804 22806 
3725 10
22720 22724 22725 15226 21105 22727 22728 4982 13477 22729 
3702 10
22605 22606 22607 22608 22609 11714 22610 22611 6991 22612 
3680 10
22478 9445 22479 5684 22480 22481 22482 22484 22485 22486 
3600 10
22043 22044 22046 22047 7268 22048 22049 22050 22051 22052 
3593 10
21998 12176 22002 22004 22005 22006 963 22007 14780 5217 
3545 10
21743 21747 21748 21749 21506 21750 10054 21751 21752 21753 
3454 10
21252 1788 21253 21254 21255 21256 2073 13650 15494 21258 
3424 10
21086 21087 21088 21089 21090 21091 21092 21093 18733 21095 
3341 10
20620 20624 104 20625 20626 20627 20628 20629 20630 20631 
3270 10
20241 11302 20242 20243 12756 4115 20244 20245 20246 20248 
3193 10
19812 19815 19816 14873 19817 19818 19819 19820 11609 19822 
3100 10
19295 19296 17918 19297 19298 7478 19299 11765 19300 19301 
2982 10
18628 18629 18631 8589 18632 18633 18634 18635 18636 18637 
2804 10
17618 13179 17620 17621 17622 11847 17623 17624 17625 17626 
2781 10
17486 17490 5237 17491 17492 17493 17494 17495 17497 17498 
2675 10
16871 16875 16876 16877 16878 6539 16879 13558 16880 16881 
2652 10
16743 16744 16745 16746 16747 16748 16749 14474 16750 7879 
2474 10
15725 15727 15728 15729 15730 15731 15732 13027 15733 15734 
2316 10
14765 2707 14766 14767 14769 14770 14771 14772 14773 14774 
2289 10
14599 14602 8510 14603 14604 14605 14607 14194 14609 14610 
2103 10
13497 13501 13502 13503 13504 13505 13506 13508 10845 3710 
2033 10
13080 13082 13083 13084 13085 13086 13087 13088 4252 13089 
1978 10
12760 11827 12761 12762 12763 12764 12765 12767 12768 12769 
1937 10
12503 12507 12508 12509 12510 12511 12512 12513 12514 12515 
1916 10
12382 12099 12384 12385 8405 12386 12387 2540 2063 4318 
1900 10
12282 12284 12285 12286 12287 12288 12289 12290 12291 12292 
1686 10
10977 5569 10978 10979 10980 10981 10982 10983 10985 8374 
1624 10
10593 10594 10595 10596 10597 10598 10599 10600 10601 10602 
1443 10
9479 2071 9482 9484 9485 9486 9487 9488 9489 4074 
1441 10
9466 9470 9471 543 9472 9473 9474 9475 9476 9478 
1391 10
9152 9157 9158 9159 9160 9161 9162 9163 9164 9165 
1207 10
7981 625 7985 7986 7987 7989 7990 7991 7992 7993 
1194 10
7906 7907 7909 7910 7911 7912 7913 7914 7915 7916 
1019 10
6775 6779 6780 6781 6782 6783 6784 6786 6787 2288 
906 10
6041 6042 6043 6044 6046 6047 6048 6049 6050 6051 
836 10
5574 5575 5577 5578 5579 5580 5581 5582 5583 5584 
818 10
5455 5456 5457 5458 5459 5461 5462 5463 5464 5465 
698 10
4678 4679 4680 4682 4683 4684 4685 4686 4687 4688 
682 10
4569 4570 4571 4572 4573 4574 4575 4576 4577 4579 
353 10
2382 2386 2387 2388 2389 2391 2392 2393 2394 2395 
283 10
1917 1922 1923 1924 1925 1926 1927 1928 1929 1930 
267 10
1809 1812 1814 1815 1816 1817 1818 1819 1820 1821 
135 10
916 920 921 923 924 925 926 927 928 929 
29979 10
78589 53105 50942 75385 23460 3638 49509 68258 73044 32876 
29973 10
78586 42301 60993 12711 55785 43129 76321 1411 56540 71077 
29953 10
78576 42086 75304 63609 6961 54586 73065 72977 61313 1944 
29918 10
78559 63146 63015 6955 73949 64139 39252 25868 73828 13496 
29917 10
78558 24493 53661 54899 40040 3242 27645 66191 45731 51754 
29846 10
78523 45672 24012 41504 27057 47355 71903 63838 22715 71895 
29844 10
78522 47468 72638 54625 41203 9237 1064 30781 42886 27049 
29753 10
78476 30361 9401 70694 74287 7429 53746 33108 44834 17840 
29621 10
78410 26221 19402 1790 56696 41649 57704 53153 17346 63864 
29578 10
78389 8457 23603 57621 58502 53934 10053 71669 62690 75378 
29507 10
78353 30511 69754 68999 9326 70156 46390 72544 2507 7207 
29439 10
78319 50822 2944 60946 11322 63526 21304 56454 36516 10813 
29432 10
78316 13668 69855 66651 57774 31890 74712 6772 23644 69893 
29425 10
78312 22539 71283 55243 37404 23800 2185 13001 52520 63553 
29394 10
78297 66129 67184 8464 29208 20634 10178 31481 74198 71362 
29375 10
78287 46498 74960 30523 37222 48679 63299 17070 54020 61475 
29356 10
78278 78 15689 31963 33490 26484 73429 1410 7408 10091 
29284 10
78241 42440 59339 24958 57697 7351 44613 33618 14405 22038 
29269 10
78233 26182 68906 54615 45066 51460 35265 48616 48694 60982 
29216 10
78207 10493 25030 497 62093 14905 68301 74719 21763 61318 
28989 10
78093 44814 31440 45628 11400 71449 1387 71464 50551 61192 
28956 10
78077 37122 21064 74849 49901 25308 37955 35237 48021 65708 
28938 10
78068 43132 57275 69020 75837 68640 46854 40066 61541 27331 
28937 10
78067 10574 2789 45263 6023 73320 30084 32057 61746 4830 
28900 10
78049 9191 12480 10588 7506 9632 67327 55532 3277 18834 
28875 10
78036 27045 7102 44025 34148 21080 67971 72393 4039 11347 
28840 10
78019 34051 35731 24093 11703 11014 50067 68005 57001 76973 
28755 10
77976 62676 65123 46600 55986 37938 45080 77287 53910 8819 
28742 10
77970 3318 48935 4695 41202 61771 48388 14088 13272 41283 
28637 10
77915 72183 70002 32957 41920 5096 9733 66890 45034 35555 
28626 10
77910 41431 29378 32334 74669 37038 41152 19467 42525 52197 
28621 10
77906 41658 55301 77907 38959 14167 64714 25020 49361 55809 
28565 10
77878 48379 13874 22243 55815 25053 65508 39508 28531 5628 
28529 10
77860 48858 1466 3632 71025 40507 20168 56154 23643 72922 
28466 10
77828 64651 2607 50918 19489 56581 8519 19359 66555 46274 
28444 10
77816 62699 2908 18248 66107 59630 19490 60876 32494 64557 
28327 10
77756 16393 22250 38921 72315 240 6126 55743 3785 65365 
28317 10
77751 67248 960 13510 71581 39740 43831 70033 16708 76226 
28303 10
77744 29195 5161 71231 71517 2196 45248 47725 54376 57891 
28257 10
77720 38291 17669 32452 7423 65940 73249 53927 48378 5885 
28255 10
77719 52501 26609 34492 70993 38394 13872 74878 30419 69551 
28244 10
77714 37008 59390 72897 71257 4211 58788 7258 74266 35916 
28227 10
77703 23065 31393 56691 13462 63452 49548 56879 38634 57613 
28184 10
77682 37969 14676 68590 50360 22104 12186 27867 76014 38918 
28166 10
77672 71459 75084 32712 62193 64938 7849 34191 36507 60228 
28141 10
77659 62492 72795 53420 3058 33074 34829 66814 44431 48761 
28024 10
77599 76085 56817 63298 41147 24519 16565 5651 74464 3722 
28004 10
77589 59539 54110 19215 1315 70015 62381 23076 61718 8168 
27974 10
77574 29049 45456 31986 65656 2155 21033 65608 32959 67380 
27919 10
77545 28356 64809 56146 51223 64992 26283 58529 62603 49150 
27729 10
77447 72109 40658 63111 51973 52558 36859 60042 76423 64091 
27594 10
77373 42214 2096 52337 48157 9091 10142 21947 9991 72382 
27588 10
77370 31413 32777 39199 72151 5346 34246 7251 64122 46309 
27486 10
77316 64470 28357 51445 76553 43095 35184 5065 8315 65903 
27451 10
77297 51781 9392 71068 61559 30820 73686 20547 19351 63028 
27433 10
77284 72226 57834 24602 53898 50353 9007 8230 76640 56854 
27388 10
77258 50635 20011 16587 16350 15930 34702 73451 21949 30905 
27380 10
77254 65986 29073 33382 35892 17666 55235 31977 62344 56759 
27366 10
77247 45804 2581 44433 71824 4017 69871 71366 27640 68920 
27358 10
77243 22815 17263 37261 67023 49727 65195 76996 19524 76512 
27357 10
77242 73657 37744 46582 10134 73655 44206 58267 15067 31597 
27318 10
77223 68243 53421 11583 68580 62179 24301 31522 59474 4731 
27281 10
77204 64934 67823 60133 38108 68780 76372 43769 75925 6509 
27264 10
77195 41127 55985 72049 49616 19673 29756 46158 37224 12771 
27251 10
77187 21551 55300 70665 47832 55956 35355 36864 67626 45361 
27249 10
77185 18800 54510 64650 60868 77186 7978 54548 62147 71304 
27231 10
77175 2013 29467 47488 26824 33163 63360 47856 53410 38744 
27139 10
77122 12223 10290 68142 34839 73276 65372 75177 33524 8645 
27111 10
77108 11418 8866 36514 74299 74809 54015 62643 24067 43524 
27100 10
77103 8802 11083 56757 61668 71463 18096 33771 37387 45091 
27076 10
77090 51689 46976 69309 41523 39265 64125 14365 64639 5865 
27014 10
77056 1270 76333 61364 33692 16682 55490 69308 20637 69941 
26926 10
77007 35070 64890 60787 67115 42621 40971 16273 6935 14452 
26915 10
77001 71416 73028 52642 30809 15319 24586 29878 63771 64152 
26870 10
76970 22191 6413 62234 52681 34711 67074 50925 40417 76971 
26862 10
76964 56152 64371 23110 30911 46234 33359 48142 69997 4623 
26843 10
76952 49920 61518 64179 63316 42239 16059 23297 1092 19198 
26820 10
76941 49158 21933 21769 75487 47542 15571 55957 10665 57326 
26811 10
76936 24197 71084 7028 18942 29053 52601 42419 70581 44549 
26801 10
76929 68942 23454 18299 58557 52431 60691 47158 46077 76394 
26793 10
76925 74457 65340 20959 68990 59494 60573 67756 3183 45081 
26772 10
76911 65253 43082 38383 19734 68413 33559 66476 54847 1025 
26763 10
76905 51310 71036 24540 74802 37995 75231 3875 20523 27010 
26755 10
76901 6100 43641 36175 68051 32787 3832 36315 31356 42146 
26646 10
76838 3703 13699 29685 2751 6419 57476 74347 52121 71724 
26586 10
76804 19209 42589 51918 17506 16934 1056 59414 31411 62073 
26559 10
76790 57927 49792 38650 65443 2458 65727 64835 13264 70963 
26537 10
76779 40332 34773 19990 66859 41395 52175 57105 8600 75885 
26488 10
76752 41382 39267 66345 54332 4582 26026 55801 22318 57283 
26456 10
76733 76734 52807 69163 56374 44622 49109 52713 16476 21524 
26367 10
76679 66875 45486 12839 19570 27516 23841 14087 50028 58283 
26360 10
76676 29005 72240 37495 45284 73693 20903 22500 16561 32542 
26330 10
76659 10097 29082 43271 25890 65990 72590 30046 43743 52405 
26256 10
76615 76342 13267 75698 68269 61290 26582 32039 7919 66654 
26245 10
76607 74106 27945 39019 15255 37696 13966 55871 60540 20951 
26201 10
76582 24420 19981 59427 5189 8887 73454 486 36929 56771 
26190 10
76575 76576 20746 62097 71432 59536 2899 47200 3622 6358 
26175 10
76563 34140 70318 51579 76564 12206 25916 30299 47690 20187 
26106 10
76525 15643 14551 33949 37741 75665 65118 6257 73368 21833 
26101 10
76519 52506 76520 30939 21068 66474 74344 50835 14479 67062 
26094 10
76516 32504 42361 74729 36726 38163 68726 15893 56380 62079 
26071 10
76501 52143 22657 41905 64426 43080 29750 6078 15345 64996 
26069 10
76500 33145 39251 57296 75337 30571 76457 70757 53168 69387 
26036 10
76480 33637 15131 68913 9460 39036 73996 61949 35177 24499 
26020 10
76471 48613 905 53757 5014 58313 75776 62931 71971 35941 
26015 10
76468 63492 33648 63372 29603 30269 63605 52205 49342 10224 
26008 10
76465 56935 70858 28794 25634 53521 66094 68162 30157 56402 
25925 10
76412 25017 20429 996 13313 47626 74929 65356 8321 46039 
25911 10
76405 51086 43691 17015 13063 17898 21577 45963 59428 5653 
25779 10
76319 53029 60601 49178 52241 28050 17555 5835 22420 18353 
25739 10
76294 6940 4082 75101 7585 74840 63493 22404 16016 18811 
25698 10
76272 7970 32638 19032 60164 56491 72537 62541 54957 20667 
25550 10
76170 54636 68904 54563 14915 3466 56523 54172 20824 68581 
25466 10
76120 43905 51260 46202 60087 66068 45730 13824 37673 56509 
25447 10
76107 71951 6568 15429 41851 61233 66676 73637 53379 70909 
25414 10
76086 13518 25998 46230 17913 32908 4955 55673 70202 24086 
25313 10
76017 6574 16152 25877 35227 26219 70785 9719 65956 65632 
25301 10
76010 8134 71065 36232 28311 40180 15086 20256 59936 74674 
25251 10
75973 50341 41835 32035 55414 73308 42108 64999 75974 53768 
25168 10
75919 68504 13109 68683 63914 70501 60060 11140 25581 56117 
25119 10
75886 12534 15596 57285 75063 8281 53598 44180 37141 47260 
25109 10
75876 40446 75877 45573 63994 47437 64131 36795 2792 65757 
25102 10
75872 20199 75873 41023 17833 74982 17955 39853 18048 62245 
25098 10
75869 7164 67455 74755 48227 5212 26686 31271 40589 32855 
25083 10
75856 5292 67279 75858 33158 57939 63106 19413 3836 44998 
25079 10
75854 15511 31321 7602 39156 5380 437 67535 11825 43587 
25009 10
75806 5025 7468 28577 35484 10544 68286 7140 39808 64686 
24986 10
75789 38740 55265 19008 65970 44852 5555 17929 10673 54670 
24975 10
75780 20640 19016 41717 28548 70057 28433 9199 29279 13766 
24965 10
75772 75773 73262 6523 4531 62458 14966 59952 32823 34991 
24950 10
75764 28119 42167 2093 69992 6279 62599 72810 56482 64973 
24897 10
75729 58677 57596 73937 10302 14254 14863 2485 70779 71483 
24796 10
75655 23019 38520 75656 57477 54058 54715 9790 39554 74777 
24772 10
75639 22446 1042 65027 57723 24415 6064 1086 56671 39064 
24740 10
75616 75617 64261 38875 71989 19760 44577 70672 21250 38648 
24736 10
75613 65860 70868 18896 45514 13237 74957 27649 25965 27699 
24707 10
75591 26010 7491 5132 11671 38386 30739 8977 47559 24810 
24625 10
75539 47786 42937 41527 62827 29246 38660 73695 66303 34188 
24593 10
75520 71038 41149 12037 60407 22226 67093 32883 32302 27674 
24548 10
75484 58735 68388 8869 65454 66852 32808 75128 57457 75485 
24533 10
75474 55155 15652 35872 12154 47506 55308 65090 72040 29802 
24514 10
75459 69099 75460 19412 71391 63628 75461 58988 42932 30580 
24510 10
75457 61845 71843 54002 46004 33265 35216 57104 445 73029 
24375 10
75363 11184 64370 66546 3881 52774 2752 67772 7721 38424 
24278 10
75296 59092 69330 64234 3286 62308 75297 48895 24974 68694 
24274 10
75294 68799 45194 39848 57060 13557 69118 9528 55050 66166 
24272 10
75293 49537 43843 5274 52629 13314 24229 73057 23750 58702 
24213 10
75252 74285 23770 64531 720 52322 64286 10027 8438 59246 
24143 10
75201 50912 72674 27486 34604 69360 22270 35031 51328 28186 
24057 10
75134 73060 69190 43765 54925 64581 325 64372 68447 3663 
23986 10
75085 44053 26492 47941 37199 62575 64385 61976 44812 32590 
23864 10
74993 60927 69470 70431 74994 55373 31761 19426 39747 60215 
23837 10
74973 66292 63769 65812 40403 49514 40202 16323 60727 73778 
23779 10
74928 6122 74614 60913 37575 24807 27602 63271 49958 49907 
23742 10
74903 45258 28220 56294 20976 40023 72473 69298 28588 43288 
23723 10
74888 25954 74889 30123 59290 11905 54406 893 12253 12245 
23720 10
74887 39333 33865 39941 38791 32594 35774 24536 25879 69005 
23642 10
74816 74817 51816 40412 66144 71953 74818 30606 11547 16441 
23580 10
74763 57026 10919 46523 48889 48817 42897 38726 68176 56555 
23493 10
74702 18929 55927 57075 46699 20094 53408 71157 37310 54640 
23480 10
74692 74693 17432 3946 26070 39442 12185 20886 40894 67536 
23446 10
74667 62409 38161 17664 40949 35594 65636 55739 67452 29670 
23258 10
74522 62548 65029 44682 58924 12745 40727 1045 45210 32196 
23220 10
74492 63717 74493 30398 35684 72267 62973 21429 66455 2746 
23201 10
74474 48276 66620 1999 72729 71214 39086 64732 74026 38263 
23180 10
74458 56739 32370 13906 18524 69841 70746 1181 43434 20175 
23171 10
74451 57522 32961 58027 44933 56153 57207 48801 52244 72052 
23151 10
74435 35686 67326 25377 71972 53235 34886 11344 70850 45609 
23133 10
74422 53135 56078 8465 2503 20463 66537 21120 29031 22512 
23003 10
74313 69991 55624 47930 40094 66570 39328 38852 55144 40003 
23001 10
74311 57960 11558 41384 60467 59127 52223 74312 5140 4131 
22948 10
74264 57507 53666 74265 41324 64034 26008 30572 51421 30266 
22803 10
74140 73659 72237 63998 64917 73178 13444 8174 73537 66857 
22784 10
74123 27354 46353 73434 69129 5488 68601 70796 47529 17936 
22754 10
74099 37389 15795 61265 14048 43829 15339 74100 74101 5079 
22712 10
74054 9315 28484 74055 74056 493 4327 29358 36355 70067 
22709 10
74051 49422 65461 63405 67378 60286 66321 69386 66401 40859 
22699 10
74044 15061 4189 10253 46802 53759 61532 70358 10928 33989 
22632 10
73983 2147 23314 41354 18292 72156 73984 3674 29032 55393 
22631 10
73982 2967 7048 67473 38536 18837 33914 23440 3103 17013 
22333 10
73717 56408 52030 65766 11904 72402 67755 4690 68468 23212 
22312 10
73702 17923 36936 24799 45650 48894 60778 50907 60390 73364 
22184 10
73574 63881 6968 34836 69275 42073 44265 3746 49736 58593 
22144 10
73533 66947 28417 59800 53780 8333 22426 26013 73534 51465 
22096 10
73487 73488 2290 73489 63017 49529 72029 73490 16123 19993 
22031 10
73422 4761 72048 39812 39135 7619 43979 29796 11409 66703 
21993 10
73383 65388 64830 38427 21934 7769 27452 22129 52230 18944 
21840 10
73230 58721 43622 73231 73232 34646 18848 45003 38023 4617 
21833 10
73223 2167 73224 22448 29673 45279 61908 48268 70154 32630 
21809 10
73197 64025 23721 58447 69934 66506 45781 68566 53394 72605 
21765 10
73151 67512 73152 59668 1771 27589 63418 27821 55668 66449 
21741 10
73127 38437 49745 30831 15943 7298 8847 17009 7147 24317 
21727 10
73112 11801 62596 41845 73114 3448 58452 72355 42532 70145 
21677 10
73059 67796 64052 10065 72852 27623 62538 26419 71569 31084 
21587 10
72972 58116 49612 2850 70346 5444 54535 34276 20509 38878 
21554 10
72936 28447 72788 9117 15513 15420 17696 30734 8812 59242 
21536 10
72912 54282 37722 70922 61343 66140 13937 6227 51842 26624 
21511 10
72883 2 36958 3372 23377 15245 34468 1193 67157 46209 
21395 10
72756 15437 50290 67868 25025 53575 18976 41571 42453 64983 
21339 10
72697 8939 62133 44402 72698 24620 38133 4534 64026 19484 
21325 10
72680 37916 29992 21761 69777 71770 23050 68292 59385 17691 
21314 10
72670 63074 47286 56985 40932 12867 58958 59728 61580 46671 
21287 10
72647 29456 6135 33452 16108 69608 42598 72648 37031 62778 
21275 10
72634 34352 17235 72413 71906 72636 37679 37869 54719 5423 
21233 10
72582 34917 16281 68207 47979 52932 16482 65676 64158 35264 
21191 10
72543 16648 28766 21437 7753 72545 6480 60738 29594 56764 
21166 10
72514 40445 41544 3186 8067 6679 31932 16 53223 72515 
21127 10
72474 66414 35240 20587 47678 15605 30136 30333 72475 27465 
21112 10
72457 3825 66847 62836 13784 46580 33720 40734 72458 72459 
21081 10
72421 13434 1365 69041 32756 62914 72423 66419 9056 49472 
20987 10
72316 11117 68919 31882 63778 49072 64980 37497 62742 15637 
20967 10
72289 21018 49684 66423 54980 72290 34350 29551 21633 28250 
20828 10
72142 22260 72143 24117 31907 68031 12338 4394 72144 37513 
20772 10
72087 72088 61004 17815 62604 24873 61209 55412 29757 72089 
20762 10
72074 51935 66258 14589 71279 72075 30443 45695 67656 37040 
20741 10
72051 39792 34981 14781 8014 46334 40774 33376 37252 62227 
20698 10
72000 42019 32476 35413 21374 45806 32942 53233 55931 5203 
20634 10
71923 53093 57327 17816 10088 5892 24153 71924 17256 5279 
20621 10
71910 71911 69194 52076 9613 6912 52423 67572 59086 7774 
20426 10
71683 59253 53376 50583 29852 45347 38247 47643 58486 71625 
20418 10
71673 27460 46815 55630 948 69417 71289 71218 69539 10674 
20380 10
71637 61087 71638 36040 66324 35109 51461 26367 47871 66272 
20352 10
71608 55481 58067 57165 44370 36729 39946 35408 2379 33999 
20346 10
71601 70917 44140 31010 59518 69231 31455 3301 38600 37503 
20272 10
71513 6530 71514 51773 2938 57430 39327 67057 65419 66041 
20235 10
71468 50364 50679 56645 67992 2855 7373 71469 54559 71470 
20109 10
71322 48398 46456 71227 59687 412 16833 21109 39528 9640 
20005 10
71194 56750 49378 51823 45443 40298 53194 62211 33586 68922 
19955 10
71142 57748 59585 25882 68719 35732 51518 51534 40830 35653 
19870 10
71044 61620 55875 54386 65093 5542 71045 71046 42733 31449 
19863 10
71033 58228 39488 12983 38598 26209 42586 8657 29226 63878 
19855 10
71024 28386 19070 58302 43848 40950 64162 69202 8248 42078 
19758 10
70910 2769 10235 70167 30915 8254 10140 57046 59519 67386 
19720 10
70863 19714 7958 11137 35553 56840 34215 22350 34364 2401 
19665 10
70800 53221 45424 22977 3555 45743 16838 70801 62445 26884 
19580 10
70686 64512 56321 11048 70687 62045 56564 8346 37271 15595 
19531 10
70621 13151 50010 19534 70622 4382 8667 70623 57461 41955 
19529 10
70617 52597 70618 70619 24076 58046 70620 33291 42067 39253 
19482 10
70560 11444 70561 55386 69096 38202 70562 70563 29621 69370 
19474 10
70551 68688 45293 22644 68229 60424 10201 26009 50708 68016 
19444 10
70515 42770 70516 39108 12572 68352 65937 17829 57344 1795 
19433 10
70498 9909 34014 11375 51912 43717 24027 34460 13732 34980 
19363 10
70411 61658 51703 28084 28963 45773 58610 70412 27476 34515 
19334 10
70385 31320 68320 17531 50926 55014 22856 40648 62454 51536 
19276 10
70315 66958 48968 27024 70316 67720 40788 43583 40373 70317 
19254 10
70295 112 41106 70296 8931 32193 65816 10026 65293 36081 
19168 10
70186 70187 67955 5518 22739 5925 18651 55170 24375 23160 
19128 10
70126 61927 70127 54621 69224 70128 15847 6301 15041 50333 
19120 10
70117 24529 23407 64027 54432 18880 68505 66798 10151 54584 
19041 10
70004 15983 44739 61333 53736 5941 34703 45531 21268 65735 
19036 10
69998 30037 66495 50957 65612 39987 13182 66135 37935 57514 
19033 10
69990 59828 937 69993 59119 69994 49882 53114 18549 69995 
19023 10
69979 69151 19230 25914 10470 37356 14813 4663 55139 53566 
18958 10
69879 65460 51495 68576 5738 7317 47935 66900 14367 36666 
18956 10
69877 42354 24752 16539 69878 5592 50403 1577 40803 62153 
18915 10
69815 24747 69816 69817 859 48922 69818 36853 52360 57572 
18844 10
69735 69736 54307 65401 52035 28967 69737 23789 65588 65689 
18659 10
69480 6764 60156 37975 30437 60941 17677 6902 35615 61616 
18643 10
69458 2786 29683 11178 68099 48156 69460 67968 69461 57117 
18634 10
69448 69449 46374 60158 69450 66761 69272 2271 42716 61291 
18614 10
69419 69420 54592 63681 69421 66105 53856 38150 68534 66924 
18520 10
69287 69288 43035 56829 69289 38796 69290 69291 35978 60547 
18513 10
69278 20077 24906 1492 62955 50373 26807 14955 57399 31108 
18485 10
69240 38112 41315 36734 32743 10796 46123 44245 55529 30596 
18458 10
69208 69209 40175 69210 38638 67696 34383 63841 34813 32586 
18432 10
69173 47961 35527 69174 36647 16506 37953 58100 13189 18120 
18347 10
69055 44977 27282 68058 2182 43276 59720 534 54850 52224 
18275 10
68953 41418 68955 68956 21768 68957 26531 57860 5595 32891 
18260 10
68930 48168 45015 189 65306 59558 24289 60419 51032 34770 
18206 10
68844 14481 55899 51691 60091 65513 56180 38388 68845 27198 
18141 10
68754 49391 52903 39339 25618 68755 54547 68756 61757 68757 
18062 10
68645 44981 68646 54936 24434 63211 50075 35161 26132 11397 
17997 10
68551 68553 18154 68554 53400 53670 41175 68555 14548 20909 
17893 10
68398 51510 46979 19042 25631 28145 68400 36181 48414 18916 
17779 10
68217 68218 52803 48748 29686 20513 61045 68219 14205 66834 
17759 10
68186 27743 64840 50378 45048 43040 22041 68188 68189 41379 
17749 10
68169 20529 6285 42579 68171 26304 55296 2644 64150 68172 
17733 10
68151 62202 48998 16006 16847 11672 11254 56841 61409 46998 
17706 10
68109 27809 68110 65569 65949 68111 30798 65353 68112 22880 
17654 10
68026 47540 26594 64828 34017 68027 68028 53124 68029 15649 
17570 10
67883 25128 40883 146 67884 518 53133 44529 47599 39274 
17528 10
67807 11877 67137 67808 55883 56818 67809 56533 21238 46198 
17524 10
67802 50025 61687 26122 62170 13748 67803 35455 23255 15779 
17498 10
67761 2004 67762 57648 15402 27638 63647 44647 3767 31420 
17264 10
67427 11214 8071 67428 14904 52851 67429 44775 67430 54972 
17178 10
67292 67293 67294 40346 67295 58812 11604 67296 14106 23205 
17000 10
67001 46797 63002 49921 67002 59604 52690 37793 67003 10545 
16963 10
66938 66940 6555 26059 18788 57050 66941 21209 23324 19332 
16939 10
66902 18830 65629 66904 60117 45112 87 3927 40707 3656 
16933 10
66893 66894 33010 35550 40850 13158 62360 34442 66895 51183 
16923 10
66882 55178 37144 44552 34204 42664 56095 25098 24340 61858 
16812 10
66710 8626 31550 50528 18949 63359 43036 56546 41139 47686 
16693 10
66519 1189 40245 29695 38836 33736 28566 11086 58743 66520 
16609 10
66367 44135 66368 18094 38888 28570 25416 23733 61065 64495 
16599 10
66348 12228 41519 65699 66350 20167 62859 35632 16628 47974 
16532 10
66235 13940 66236 1131 66237 1537 9222 29886 17378 19616 
16393 10
65965 54265 807 42609 65968 59065 12307 63197 59405 41501 
16374 10
65930 7917 62810 1677 65931 58266 16617 54767 29116 57627 
16328 10
65847 6911 65848 52097 7936 65849 31774 56469 17931 65850 
16274 10
65758 53271 52591 3830 65759 64663 65760 54577 61463 44808 
16251 10
65717 47566 17355 65719 18268 58169 62774 3126 65720 49588 
16190 10
65583 64821 19916 42464 46860 65584 65585 48718 12121 65586 
16111 10
65435 3105 61077 30566 22748 53823 65438 65439 61433 47233 
16085 10
65387 16097 54575 42595 65241 51956 65390 8241 65391 54499 
16061 10
65325 32634 33583 65326 65327 32330 65328 42130 65329 65330 
15998 10
65202 45021 34927 65203 54091 35578 65204 24758 109 34136 
15968 10
65148 42593 58390 33611 6155 9823 26740 54657 43029 37822 
15886 10
65004 8093 10732 53427 52228 65005 54213 26138 65006 44738 
15818 10
64882 56661 64883 64273 27436 44964 59075 17983 40394 63264 
15783 10
64814 42750 63950 8662 26217 46821 63835 8767 64816 52675 
15752 10
64767 40612 52316 19149 5969 41991 42987 33577 23907 6973 
15737 10
64735 64737 17530 35179 64738 64739 42425 21433 40867 38975 
15692 10
64641 15970 776 64642 23056 59251 64643 18177 64644 18295 
15688 10
64632 24220 57185 49777 26990 36794 64633 62062 64634 42007 
15593 10
64446 64030 58979 23049 62221 14364 21632 30755 31464 60280 
15459 10
64181 64182 25089 18941 64183 34095 1171 18237 13317 64184 
15453 10
64168 62654 25202 21488 52083 40290 61634 42690 64169 9779 
15377 10
64010 33202 64013 12392 56575 12899 64014 64015 16815 64016 
15279 10
63787 1733 53484 44211 45945 63788 40468 63789 24654 63180 
15273 10
63779 18517 63780 56363 63475 39873 63781 63782 61751 27374 
15259 10
63749 28503 19754 22147 63751 58863 63752 63753 17633 46378 
15253 10
63738 63740 62241 47042 6985 18920 63741 63742 14379 52972 
15250 10
63733 53130 63734 63735 54311 17193 63690 60061 43876 63736 
15128 10
63484 31938 63485 63176 63486 2346 55007 63487 63488 2846 
15052 10
63331 63332 63333 10713 14723 29470 27337 35447 63334 47819 
14945 10
63100 25137 27924 63102 8860 4755 19701 63103 62637 32471 
14926 10
63066 34101 29224 17198 43078 21481 42549 6720 17628 11661 
14847 10
62892 26901 51824 62894 47399 32731 62895 6704 62896 55484 
14822 10
62839 62840 62841 62842 31242 24083 33148 62843 43360 15254 
14802 10
62793 62794 62795 33747 15156 35247 29351 12811 62796 48045 
14701 10
62580 59274 26011 5485 20854 1544 51546 6821 62582 19229 
14685 10
62550 39638 62552 2511 32985 15973 34375 47608 1834 35769 
14614 10
62392 4165 62051 59391 26857 18927 21779 62393 62394 62395 
14586 10
62328 50057 58121 51265 44830 42754 62329 8919 39861 43043 
14560 10
62265 18963 36756 29884 62266 10455 62267 51887 17357 29991 
14530 10
62194 27786 62195 62196 13222 62197 62198 61603 25273 22764 
14396 10
61881 61882 52476 34506 61883 61884 61885 31021 61886 7532 
14374 10
61833 52372 13376 11606 60602 74 61834 51126 47215 38762 
14345 10
61761 38067 61762 61763 26763 24784 56393 11998 3595 24699 
14315 10
61696 40043 61699 32786 61700 15325 2898 61701 40652 9567 
14252 10
61553 48600 32518 53017 38925 61554 8191 31186 61555 61556 
14211 10
61466 14327 49384 45191 34047 35756 61467 43503 27319 1047 
14069 10
61172 61174 45232 50542 61175 21723 59841 61176 6152 32976 
14039 10
61101 61103 25574 20555 61104 51007 11057 61105 61106 20666 
14024 10
61066 35169 61067 3057 56910 8466 61068 61069 61070 61071 
13860 10
60681 59583 19430 9655 32466 37375 60682 10927 60683 53154 
13852 10
60665 6878 60666 1729 53317 49658 54984 60667 53471 17472 
13821 10
60586 36342 20813 33598 35505 60589 60590 46843 53764 60591 
13698 10
60322 54295 45716 52492 20606 60323 60324 48425 19271 41438 
13694 10
60313 56940 55893 29771 9038 50626 30996 11719 45324 51869 
13648 10
60205 23459 10531 9982 23034 38784 60206 44646 60207 11895 
13537 10
59924 21899 25346 55814 57388 38658 50895 42505 59925 2385 
13459 10
59736 59738 35739 25145 26697 33964 59739 59740 51837 14571 
13444 10
59701 14860 53385 42510 28763 47569 59702 59703 3142 59704 
13426 10
59655 37730 32280 59656 59657 654 59658 48420 43007 36949 
13194 10
59068 58056 46491 59069 52403 2441 36671 26786 53278 7383 
13081 10
58791 40269 37174 58794 32165 58795 55711 49024 57058 38211 
13033 10
58659 58661 58662 52628 58663 58664 36265 5305 30279 58665 
12880 10
58275 58276 58277 14224 16412 58278 58279 58280 31612 56585 
12839 10
58181 10080 11335 46389 13870 1908 129 58183 41195 25737 
12819 10
58130 8279 37879 58132 47558 58133 58134 32331 36285 44654 
12810 10
58111 57804 1433 34964 49030 58112 58113 24282 8277 38664 
12774 10
58021 29895 46770 57211 3743 26572 56159 42028 53848 4239 
12729 10
57903 57905 40846 19166 38808 22151 57906 2680 28768 57907 
12726 10
57899 44749 20525 44354 35361 57900 14478 19984 31711 57901 
12705 10
57847 13895 44074 7680 38350 50151 54413 57850 57851 2638 
12557 10
57491 22168 19465 53686 10472 57493 9608 26705 40275 57494 
12462 10
57241 13057 57242 18907 27701 57243 21604 39507 57244 37794 
12360 10
56962 6799 56963 31830 7847 46789 56964 14788 39730 44154 
12312 10
56833 56834 27106 56835 16794 56836 56837 56838 26361 50143 
12207 10
56556 56560 16503 19470 19540 30428 56561 13681 15033 40391 
12187 10
56501 6310 22150 51677 56502 16432 49055 22649 56503 11000 
12121 10
56311 56313 56314 4817 45746 56315 51916 56316 207 56317 
12117 10
56299 56301 1507 56302 56303 23415 56304 30313 56305 5932 
12108 10
56278 52036 38074 56279 10390 38742 36159 56280 56281 56282 
12099 10
56257 56258 15834 56259 56260 51144 31014 38574 56261 46044 
12022 10
56046 56047 31681 24276 7391 26080 16559 56048 10688 34464 
11864 10
55608 55609 35308 23271 13779 51890 24259 39055 45752 55610 
11802 10
55447 55448 6652 37656 36322 50870 3506 31787 2111 41239 
11757 10
55311 23161 7185 54204 55314 55315 55316 55317 41855 35243 
11651 10
55013 55016 31460 53056 55017 55018 34205 52938 39368 29585 
11536 10
54699 2558 20106 51908 54700 8834 20421 47297 54275 12871 
11534 10
54691 9480 15341 54692 19088 54693 32865 16918 54694 21634 
11343 10
54127 9670 11362 54128 13669 34797 54129 54130 45230 47316 
11326 10
54075 16593 44853 45110 54076 47477 54077 12825 54078 23812 
11315 10
54035 54038 54039 54040 11808 54041 40251 51473 54042 54043 
11150 10
53548 53549 41408 25515 53550 53551 53552 16040 31318 53553 
11083 10
53342 53345 53346 53347 49393 50300 30762 47069 53348 53349 
10941 10
52911 1841 7166 52912 51003 12918 52883 29887 52913 49116 
10929 10
52871 19303 52874 14328 33838 6908 52875 52876 44194 44296 
10846 10
52610 23431 37020 49168 17207 52611 33295 52612 32347 52613 
10845 10
52602 29181 52605 31310 51875 38058 52606 52607 52608 52609 
10839 10
52581 49500 22732 52395 16058 52584 52585 52586 44894 38938 
10708 10
52186 28903 52187 52188 15155 5563 6399 17473 26002 10653 
10707 10
52177 52179 52180 52181 52182 37820 52183 52184 18042 52185 
10623 10
51917 31306 43509 11965 51919 5114 16521 50446 31060 26694 
10556 10
51695 51696 24993 51697 31365 51698 51699 10859 14435 51700 
10544 10
51656 51657 20098 4944 43050 28237 28074 33083 50408 18528 
10475 10
51429 27912 8688 33331 51432 41330 51433 51434 51435 30413 
10465 10
51390 51393 21290 34388 40330 51394 29960 51395 51396 51397 
10231 10
50613 2463 26418 50615 50616 50617 14802 12395 43697 37563 
10026 10
49937 49938 49939 22523 46165 49940 49941 49942 49943 49944 
9987 10
49807 2813 49809 2684 38319 19813 269 27099 29475 49810 
9985 10
49804 22910 7595 3718 49805 15289 3811 17310 49806 48322 
9982 10
49799 19709 49800 31691 30429 10837 49801 290 6745 13478 
9952 10
49700 49701 9983 16177 49702 37140 30977 49703 40700 15515 
9929 10
49620 30425 31858 49623 49624 49625 49626 49627 49628 49629 
9924 10
49602 49603 49604 49605 17947 49606 27530 17821 49607 49608 
9853 10
49359 10354 49362 49363 33954 49364 24333 49365 49366 49367 
9837 10
49306 34317 28223 32163 46928 43000 21140 14777 29136 49311 
9816 10
49244 49245 29958 49246 49247 49248 49249 49250 49251 45859 
9667 10
48735 48738 48739 44617 14783 48740 39910 37711 44430 48741 
9661 10
48720 45728 30348 14383 48722 23343 48723 48724 48725 48619 
9652 10
48698 30435 30043 48699 48700 8538 30080 48701 46263 44411 
9551 10
48349 1946 48353 14530 48354 48355 44870 48356 17018 48357 
9491 10
48143 1058 48145 48146 45346 48147 39885 32379 32062 48148 
9442 10
47980 15780 47981 47982 47983 5016 47984 22258 47985 6836 
9432 10
47947 47948 47949 47950 33194 47951 41108 47952 47695 22014 
9383 10
47770 8369 47772 6412 47773 32618 14332 36093 47774 46167 
9379 10
47756 47758 47759 47760 4493 47761 29135 36629 47762 47763 
9329 10
47587 29814 41995 13405 47590 47591 47592 26959 47593 47594 
9278 10
47410 27421 42849 32346 47411 4894 47412 47413 47414 47415 
9213 10
47173 47176 47177 29415 26214 47178 43896 24730 47179 8830 
9186 10
47080 47081 47082 47083 184 44333 29428 47084 32354 32069 
9043 10
46568 46570 24508 748 46571 14159 46572 11311 46573 27757 
9040 10
46562 28071 19591 2041 46563 46564 43651 46565 37592 15811 
9030 10
46531 40941 46532 44161 34769 36406 46533 43559 46534 35212 
9024 10
46511 46512 45180 46513 10100 27255 1878 46514 42315 46515 
8994 10
46403 46404 46405 1589 46406 46407 26876 40372 7162 46408 
8979 10
46344 46348 3752 36567 46349 46350 32820 20257 12569 31115 
8909 10
46081 42920 46084 46085 1179 46086 46087 46088 1128 42642 
8881 10
45969 45973 45974 34856 42256 45975 45976 45977 32212 45978 
8850 10
45860 28501 5384 10453 40911 9353 18469 39920 27967 45861 
8774 10
45597 658 45598 6136 45599 45090 12990 45600 45601 45602 
8766 10
45562 45563 45564 22400 33011 45565 45566 45567 45568 45569 
8715 10
45362 8008 45364 10560 45365 5410 14554 45366 28845 45367 
8651 10
45116 26058 45119 45120 45121 43482 42610 36258 45122 45029 
8607 10
44946 44949 44950 10146 13049 932 3779 12394 7755 44951 
8576 10
44840 44841 29787 44842 44843 44844 4403 44845 38125 42702 
8386 10
44128 33876 44129 8828 44130 26847 44131 25380 3439 37713 
8385 10
44121 42653 33706 44124 43966 44125 22085 44126 44127 6843 
8328 10
43885 16081 43886 43887 39091 43888 9374 43599 43889 43890 
8279 10
43678 24703 40479 29041 23284 43682 31610 43683 43684 43685 
8163 10
43236 39940 12950 8332 43240 10255 19234 39947 37669 43241 
8141 10
43148 43151 43152 43153 43154 43155 43156 453 43157 43158 
8029 10
42703 42707 42708 25299 42709 32919 18657 42710 40582 28414 
7901 10
42186 42189 42190 42191 42192 42193 42194 24324 36243 42195 
7697 10
41363 41366 41367 41368 41369 33903 36597 41370 6729 38552 
7693 10
41343 41347 31721 41348 41349 24669 41350 3573 30129 35902 
7680 10
41295 28222 28737 40492 18680 28160 13050 31291 41296 18219 
7660 10
41215 41216 11303 20940 41217 41218 32121 39903 41219 41220 
7659 10
41206 41209 31264 41210 41211 41212 38238 41213 41214 15650 
7487 10
40514 9358 40516 23956 40517 40518 40519 12550 31914 32224 
7478 10
40481 39187 40482 40483 23408 15108 32992 19580 12268 34730 
7315 10
39817 39821 34787 39822 28664 22819 39823 39824 39825 26809 
7303 10
39761 39765 34601 26194 32667 39766 39767 39768 39769 36731 
7293 10
39718 20880 39722 16515 39723 21432 39724 39725 17106 39726 
7288 10
39704 9175 39705 39706 23289 39707 39708 39709 33177 10437 
7078 10
38853 1142 38854 38855 8378 38856 15397 31024 38857 38858 
7019 10
38585 38588 38589 31690 38590 6425 38591 38592 27861 17852 
7017 10
38576 24500 38581 11483 14979 20130 38582 18423 38583 38584 
6960 10
38328 38329 16631 38330 38331 669 38332 15883 17010 38333 
6859 10
37868 37870 37871 37872 37873 37874 37875 36977 11819 37876 
6841 10
37791 37795 20521 37796 37431 37797 3513 3571 16600 37798 
6809 10
37648 37650 10408 34471 21019 6035 14139 37651 37652 37653 
6661 10
36979 36981 13099 19306 36982 2674 36983 5201 36984 16680 
6643 10
36894 36899 36900 18155 25681 36901 36902 36903 36904 36905 
6638 10
36878 1871 36879 5617 36880 36881 15009 36882 36883 23390 
6623 10
36804 36806 36807 36808 8615 31500 36809 36810 36811 36812 
6444 10
36016 27490 24275 36017 36018 36019 36020 26042 36021 36022 
6437 10
35979 26872 6220 35984 35985 5903 35986 35987 27359 35988 
6222 10
35032 35033 35034 12541 35035 35036 33104 662 35037 35038 
6192 10
34899 34900 34901 6265 34902 34903 4632 34904 34905 8784 
6184 10
34874 34875 34876 18040 34877 2816 34878 15835 34879 34880 
6104 10
34524 34525 34526 34527 23472 34528 21201 24057 34529 34530 
6094 10
34474 21602 34475 34476 34477 34478 34479 34480 34481 34482 
6052 10
34288 34289 34290 34291 5343 20635 32728 34292 18901 31562 
5847 10
33337 33340 33341 33342 33343 33344 33345 19985 33346 27122 
5842 10
33317 33318 33319 33320 12757 33321 33322 33323 23484 9106 
5822 10
33211 33212 33213 33214 33215 33216 28740 33217 33218 33219 
5705 10
32673 23281 32677 32678 32679 3525 32680 32681 13115 32682 
5671 10
32503 10468 24615 32507 32508 19343 32509 32510 32511 32512 
5530 10
31835 31836 31837 31838 31839 31840 31841 23199 31842 31843 
5434 10
31385 23838 31386 31387 31388 31389 31390 8099 31391 31392 
5310 10
30783 3536 30784 30785 19682 5685 30786 26974 30787 30788 
5278 10
30632 15657 30633 30634 4946 30635 7616 30636 789 30637 
5243 10
30446 30450 30451 30452 15492 66 30453 30454 30455 30456 
5231 10
30384 8768 30388 28945 30389 30390 30391 30392 30393 30394 
5154 10
30027 30028 30029 30030 6343 30031 27709 25703 30032 30033 
5131 10
29912 18771 29916 17588 29917 29918 26765 20095 29919 29920 
4989 10
29180 29185 29186 29187 29188 29189 29190 29191 29192 29193 
4891 10
28703 28707 28708 25521 28709 28710 28711 28712 28713 28714 
4781 10
28159 3099 28163 28164 13378 28165 28166 27591 15805 28167 
4771 10
28118 28122 798 28123 28124 15859 9329 28125 25290 21940 
4705 10
27808 4100 27811 21522 27812 27813 1137 27814 27815 3062 
4655 10
27556 3451 27560 20081 27561 18384 7944 27562 27563 27564 
4610 10
27323 884 27324 27325 16981 27326 27327 27328 27329 23653 
4586 10
27199 27200 27201 27202 27203 27204 27205 27206 27207 27208 
4550 10
27017 6994 27018 27019 9889 9111 8730 2872 27020 27021 
4399 10
26247 26251 26252 26253 26254 26255 26256 26257 17823 26258 
4358 10
26028 26029 26030 26031 26032 23116 26033 26034 26035 26036 
4342 10
25939 25940 22211 25941 25942 25943 25944 25945 19547 13987 
4310 10
25777 25778 25779 1083 13236 18117 25780 25781 25782 13726 
4297 10
25709 17476 25712 25713 25714 10172 25715 25716 4418 12068 
4142 10
24924 24925 24926 24927 24928 24929 17886 24930 24931 24932 
4113 10
24772 24777 13163 24778 24779 204 24780 21005 8264 1840 
4039 10
24371 24376 10326 24377 24378 24379 24380 16567 24381 12829 
3991 10
24120 24125 24126 24127 24128 3970 24129 24130 24131 24132 
3893 10
23611 23615 23616 23617 23618 23619 23620 11358 23621 23622 
3736 10
22789 22790 22791 22792 22793 6344 22794 22795 9748 22300 
3628 10
22197 22198 22199 22200 21044 22201 18300 22202 22203 22204 
3562 10
21840 21841 21842 19205 21843 21844 21845 6357 21846 21847 
3551 10
21776 16460 2949 21781 21782 21783 21784 21785 3033 21786 
3520 10
21612 21613 21614 21615 21616 21617 1494 21618 21619 21620 
3519 10
21601 21605 21606 5703 21607 21608 21609 21610 1631 21611 
3407 10
20984 20988 8851 20989 20990 20991 2996 4375 20992 20993 
3396 10
20932 4107 20933 20934 16970 20935 20936 11771 20937 20938 
3344 10
20642 10317 20643 20644 6524 14838 513 20645 20646 20647 
3274 10
20265 20266 20267 20268 20269 20270 20271 20272 20273 20274 
3265 10
20204 20209 20210 20211 20212 20213 20214 20215 20216 20217 
3242 10
20085 20086 20087 20088 20089 20090 19171 20091 20092 20093 
3093 10
19250 19253 19254 19255 19256 19139 19257 19258 19259 19260 
2930 10
18332 18333 18334 18335 18336 18337 10664 18338 18339 18340 
2890 10
18101 18102 18103 9829 1435 18104 18105 18106 18107 18108 
2769 10
17418 17423 17424 17425 17426 17427 17428 17429 13040 17430 
2743 10
17273 17278 17279 17280 17281 17282 17283 8139 17284 1534 
2673 10
16860 16864 16865 16866 1014 2601 16867 16868 16869 16870 
2292 10
14621 14622 14623 14624 14625 14626 14627 14628 14629 14630 
2253 10
14381 14385 4743 14386 14387 14388 14389 14390 14391 14392 
2232 10
14258 14259 14260 14261 14262 14263 14264 2189 14265 3075 
2229 10
14234 14238 14239 14240 14241 8200 14242 14243 14244 14245 
2193 10
14018 14023 14024 3150 14025 14026 14027 14028 14029 14030 
2161 10
13828 13832 10706 13833 13834 13835 13836 11326 13837 13838 
2099 10
13474 13479 9043 13480 13481 12911 13482 13483 13484 13485 
2079 10
13356 13359 13360 13361 13362 13363 13364 13365 13366 13367 
2074 10
13331 11170 13332 13333 13334 13335 9799 13336 13337 13338 
2069 10
13294 13298 13299 13300 13301 13302 13303 13304 12269 13305 
2008 10
12937 12938 12939 12940 12941 12942 12943 12944 11133 12945 
1871 10
12098 12103 12104 12105 8604 12106 12107 12108 12109 12110 
1867 10
12074 12078 12079 12080 12081 12082 12083 12084 2212 12085 
1855 10
12000 12001 12002 12003 5286 12004 12005 5926 755 12006 
1723 10
11200 11204 11205 11206 11207 11208 11209 11210 11211 11212 
1670 10
10881 10882 10883 10884 10885 2415 10886 10887 10888 10889 
1530 10
10032 10033 10034 10035 10036 10037 10038 10039 10040 10041 
1481 10
9716 9721 9722 9723 9724 9725 9726 9727 9728 9729 
1471 10
9654 9658 9659 6362 9660 9661 3997 9662 9663 9664 
1408 10
9267 9268 9269 9270 9271 9272 9273 9274 9275 9276 
1359 10
8950 8955 8956 8957 8958 8959 8960 8961 8962 847 
1326 10
8751 8752 8753 8754 8755 8756 8757 8758 5798 8759 
1310 10
8646 8647 8648 8649 8650 8651 2488 8652 8653 8654 
1287 10
8490 8494 8495 8496 8497 8498 3948 8499 8500 8501 
1234 10
8155 8156 8157 8158 8159 8160 8161 8162 8163 8164 
1228 10
8119 8120 8121 8122 8123 8124 8125 8126 8127 8128 
1179 10
7803 7808 7809 7810 7811 7812 7813 7814 7815 7816 
1167 10
7722 7727 7728 7729 7730 7731 7732 7733 7734 6421 
995 10
6621 6625 6626 6627 6628 6629 6630 6631 6632 1846 
991 10
6594 6598 6599 6600 6601 6602 6603 6604 6605 6606 
848 10
5654 5655 5656 5657 5658 5659 5660 5661 5662 5663 
814 10
5429 5430 5431 5432 5433 5434 5435 5436 5437 5438 
721 10
4826 4831 4832 4833 4834 4835 4836 4837 4838 4839 
594 10
3986 3987 3988 3989 3990 3991 3992 3993 3994 3995 
536 10
3602 3603 3604 3605 3606 3607 3608 3609 3610 3611 
532 10
3575 3576 3577 3578 3579 1075 3580 3581 3582 3583 
454 10
3063 3064 3065 3066 3067 3068 3069 3070 3071 3072 
312 10
2119 2120 2121 2122 2123 2124 2125 2126 2127 2128 
248 10
1686 1687 1688 1689 1690 1691 1692 1693 1694 1695 
124 10
848 849 850 851 852 853 854 855 856 857 
111 10
752 757 758 759 760 761 762 763 764 765 
56 10
388 389 390 391 392 393 394 395 396 397 
48 10
333 334 335 336 337 338 339 340 341 342 
29942 9
78571 821 69579 62067 77743 64249 43170 33725 5297 
29576 9
78388 27775 42942 35150 1007 72126 8489 16987 15853 
28138 9
77658 40942 35226 38611 44688 70299 76623 47448 10104 
27456 9
77300 27949 51520 75362 3633 55574 13386 60249 16620 
27087 9
77096 76261 73522 13241 48017 76437 26469 63516 70720 
22777 9
74118 10288 1755 66383 64350 56786 53310 60542 62520 
22029 9
73421 44635 44729 54555 63049 13175 32363 2428 65705 
21188 9
72540 20564 56179 71504 11246 1884 55485 72541 2117 
21152 9
72498 16125 49462 72499 62473 39555 26500 69828 40571 
20369 9
71626 5845 62295 29904 43206 205 1133 42778 47946 
19831 9
70996 58215 60945 27266 9501 16462 46213 19949 16672 
19697 9
70836 63696 32483 64297 9188 8366 57886 70838 68122 
19519 9
70605 6676 70319 70572 44828 65987 70607 18478 38842 
19098 9
70081 70082 63200 70027 25031 59016 70083 70084 42892 
18935 9
69848 14964 50749 55359 35077 58002 69849 69850 30685 
17647 9
68012 34113 28561 37602 65463 23184 4962 68014 3282 
17379 9
67596 67597 67598 67599 56388 7456 35531 67600 65488 
16925 9
66884 43531 56823 66885 59870 2713 66886 42918 38311 
16856 9
66775 57714 66776 19148 3006 618 37571 66777 19312 
16667 9
66463 66467 19147 6361 22224 12893 66468 66469 52533 
16646 9
66432 64627 9153 54609 30016 56601 53867 63202 66433 
16539 9
66244 37220 45510 30399 50683 2739 22926 36706 44346 
16105 9
65425 33086 46840 5890 55754 65427 65428 27276 53201 
15797 9
64838 24994 38461 45962 53195 63590 64842 4364 64843 
15057 9
63340 63343 43413 26465 39624 63345 55112 48626 61712 
14494 9
62109 36531 59443 6290 62110 14256 51322 19562 27270 
14487 9
62091 11046 46409 11495 15294 53277 30957 62094 42276 
14148 9
61336 60185 58203 10272 27789 36063 48000 39703 3857 
14008 9
61019 43902 61020 60517 22713 24603 38533 53796 38501 
13876 9
60720 19687 60721 60722 60723 50758 2031 20364 60724 
13867 9
60698 60699 14189 29793 47253 38725 60701 16001 18954 
13771 9
60472 49136 60474 60475 18311 60476 29506 24997 48321 
13200 9
59077 47109 28944 59079 399 59080 7004 59081 59082 
13116 9
58882 58883 8094 6300 58884 8666 3849 37499 25969 
11841 9
55546 5280 40790 26392 55548 17225 10695 51243 8218 
11699 9
55148 40351 55151 35823 28722 55153 25935 11919 33022 
11471 9
54500 54504 54505 36381 39200 54506 42655 54507 54508 
10833 9
52557 52560 16525 52561 52562 52563 14709 52564 52565 
10805 9
52468 1549 33264 30416 11355 34275 48965 52471 33544 
10297 9
50825 50828 4084 50829 25241 49016 50830 42123 39259 
10188 9
50488 50489 19975 7001 50491 50492 50493 50494 32134 
10079 9
50114 50117 50118 49832 24944 50119 22787 35506 50121 
9632 9
48627 17711 29616 48628 48629 42991 33629 48632 48633 
9374 9
47744 44231 47745 47746 12177 47747 5744 47748 24982 
8963 9
46279 46283 46284 46285 26278 46287 46289 33895 18660 
8169 9
43257 43260 40965 43261 43262 43263 31100 43264 3144 
7367 9
40030 40031 40032 40033 40034 28120 40035 27518 34189 
7037 9
38665 10463 38668 38671 38672 38673 18066 23921 38674 
6929 9
38187 38190 38191 32049 38192 22924 14568 1712 38195 
6473 9
36139 15822 36143 36145 33890 13540 31604 36146 13797 
5081 9
29652 28269 22933 29656 28253 25405 29658 11974 29660 
4876 9
28622 28623 28625 28626 28627 28628 28629 28631 28632 
4037 9
24361 24362 24363 24364 24366 24367 24368 24370 10050 
3616 9
22132 22133 22134 1897 22135 22137 22138 22140 22141 
3609 9
22088 22091 16011 22092 22093 22094 22097 22098 22099 
2774 9
17453 12153 17455 17456 17457 17458 17459 17460 5019 
2278 9
14541 1243 14542 14543 12022 14544 175 8979 14546 
2195 9
14031 14035 14036 14037 14038 14039 14041 14042 14043 
1321 9
8712 8715 8717 8718 8719 8720 6436 8721 8723 
1218 9
8058 8060 8062 1273 8063 867 7374 8064 8065 
928 9
6184 6185 6186 6189 6190 6191 6192 6193 6194 
457 9
3077 3080 3082 3083 3084 3085 3087 3088 3089 
29995 9
78597 54734 34891 55761 59832 44731 46657 74186 71177 
29951 9
78575 53596 64410 39806 57216 47719 54825 15380 75237 
29926 9
78563 27353 24386 646 26218 70811 75900 32254 27519 
29910 9
78555 52460 61735 73136 75700 55876 28458 46509 17984 
29904 9
78552 54856 2798 62162 21193 73573 22950 61527 62706 
29834 9
78517 31602 13817 53779 17037 38408 75841 19935 25009 
29829 9
78514 58622 60652 75891 47092 75722 40342 28599 64745 
29794 9
78497 66515 29084 12849 61086 69648 9948 31419 77043 
29737 9
78468 54177 37889 73200 29232 52016 17537 43614 46343 
29662 9
78431 12162 41255 3645 20319 67898 35597 54567 69513 
29651 9
78425 55633 48037 14248 75275 8003 71966 55747 59772 
29644 9
78422 3011 25057 35058 9410 59307 22570 26737 30937 
29629 9
78414 71393 9836 39304 2477 16133 60454 54604 31885 
29580 9
78390 47656 41933 67545 63622 25075 18315 60336 75827 
29573 9
78386 1880 53942 74862 72607 12637 15921 34015 27927 
29556 9
78378 73587 42657 30614 63934 25684 650 60637 13143 
29547 9
78373 20326 13844 75022 17853 45511 468 74203 55126 
29536 9
78368 72677 75879 32798 60867 21935 57752 75088 53115 
29451 9
78325 51380 64662 29230 56609 40689 65208 25811 16084 
29404 9
78302 39948 57209 40156 71294 15505 35826 56873 67783 
29403 9
78301 32474 67381 26053 3565 70384 19102 69605 52135 
29385 9
78292 2228 71327 64458 59514 52417 5071 63863 58341 
29370 9
78285 7473 61694 27422 75254 63284 63279 11551 10418 
29365 9
78282 66763 57272 41401 75464 62480 48476 70553 32760 
29296 9
78247 10205 75530 26393 63922 24863 74473 2833 43316 
29281 9
78239 59149 28665 44469 64674 73998 46967 41453 8243 
29197 9
78197 33101 73447 46681 54328 48461 13662 69585 76692 
29193 9
78195 73623 36337 60558 52277 73015 67714 21424 60073 
29141 9
78169 64040 67156 58569 19672 65186 24406 14826 70923 
29130 9
78164 63589 54374 75740 17981 42032 77197 4071 242 
29121 9
78159 53373 27170 35529 8418 45114 54976 62606 59411 
29116 9
78157 36385 20165 26681 8016 43450 50478 2024 74603 
29111 9
78154 70087 51792 74689 73775 50734 58667 20535 69282 
29066 9
78132 21359 62031 66304 34675 52837 32218 18283 44703 
29062 9
78130 52576 8245 74643 46122 50747 75503 66778 50764 
29042 9
78120 65120 57154 56852 32350 73043 18915 68348 57818 
29034 9
78116 64238 45387 68194 23349 47860 23923 472 23005 
29020 9
78109 36774 12847 59603 53344 75935 16295 29730 72145 
29008 9
78103 50601 72763 73363 74057 68113 60047 8380 1753 
28951 9
78074 12548 69435 26718 63256 76003 18850 67787 2144 
28922 9
78060 31916 72914 62206 68455 32061 9016 22745 64688 
28914 9
78056 1596 38246 68541 64792 44089 12351 54519 62818 
28902 9
78050 64363 74978 50658 72213 29022 69562 43632 56729 
28891 9
78044 27667 40992 14596 22302 66296 19693 14560 69696 
28884 9
78041 44953 24330 44865 190 28891 39416 56193 75346 
28842 9
78020 62590 47504 48252 11298 18223 39778 7483 36202 
28820 9
78009 3858 70514 54542 36955 74133 52604 26186 58491 
28803 9
78000 21690 38490 18966 59886 41967 39972 10818 70534 
28761 9
77979 53705 50233 62588 68915 44460 74276 55232 74454 
28751 9
77974 38722 11920 71023 14725 51069 35587 48259 75662 
28712 9
77954 7716 63592 45358 41248 53958 35209 40260 5734 
28694 9
77945 1041 75658 44355 13418 27916 34752 15440 29104 
28692 9
77944 30848 47771 53527 24880 35606 52704 18492 28928 
28652 9
77923 61720 65132 12422 25326 62831 76208 14878 64911 
28645 9
77919 28663 37979 55269 66592 37847 17851 48914 66174 
28609 9
77900 76988 64837 76263 76237 56891 39789 41 72817 
28601 9
77896 53682 69299 72885 54008 57215 26215 38596 40701 
28548 9
77870 24639 61374 73872 64294 39190 20516 23997 74336 
28541 9
77866 38453 60479 3702 59977 23113 35545 42506 23393 
28536 9
77864 35996 64919 65271 2517 2719 72 26532 64616 
28480 9
77835 28727 8184 6846 69495 977 60620 62118 36250 
28432 9
77810 21284 31988 59262 59023 38471 57692 14798 387 
28393 9
77789 7791 8732 61417 3526 20190 32546 50992 51043 
28390 9
77788 60572 27875 30222 47281 28444 16145 49664 16754 
28371 9
77778 47875 25624 9288 48333 76387 50591 44375 15841 
28324 9
77755 53811 20737 34912 60646 52863 25957 24349 35850 
28274 9
77729 67317 7325 42365 68285 34791 32171 75812 43212 
28262 9
77723 54001 67685 15396 73809 56276 60894 47779 60008 
28259 9
77721 50136 22040 51617 72930 4223 30832 16774 71643 
28243 9
77713 49748 43457 47425 67993 38169 58072 64042 57077 
28234 9
77709 40199 60368 58458 58089 52636 71056 76224 53151 
28223 9
77701 69563 13041 65236 52452 68663 51026 10428 53430 
28186 9
77683 21824 49303 22754 75422 16213 69333 38473 2019 
28181 9
77679 24443 71543 34628 57990 44397 72532 48083 15373 
28175 9
77676 57503 74060 48662 75367 26989 6804 3971 56794 
28154 9
77666 37850 25674 42674 16310 37344 4676 59464 73888 
28150 9
77664 40263 72552 75331 46760 66412 64342 10285 29508 
28110 9
77644 47751 28297 75389 56067 71050 21176 59639 7070 
28107 9
77642 55621 20260 58549 11316 64874 74935 13864 23819 
28098 9
77638 30052 67143 25751 36079 70646 76922 13439 64507 
28087 9
77632 14855 45283 18446 69593 59762 30069 2336 64368 
28060 9
77617 1088 66862 59383 7650 39539 71220 68104 51276 
28059 9
77616 7529 74150 34081 15758 54798 75456 65255 5568 
28029 9
77601 52645 22774 29903 26093 61598 63087 33190 846 
27994 9
77584 24919 62816 69477 30386 17464 43849 69810 67532 
27981 9
77577 23646 43501 16963 31538 23046 6268 8451 73762 
27971 9
77572 31275 65660 3778 63562 224 35613 53569 75762 
27964 9
77569 65273 40099 57982 12076 57169 60880 29063 41387 
27956 9
77565 42548 64628 15908 46115 14917 60186 67568 68007 
27923 9
77547 60718 35338 63830 73475 68033 60152 69496 3951 
27905 9
77538 46578 53231 54017 36119 75289 31746 304 30250 
27883 9
77526 18355 44042 72711 56013 63071 72092 57875 42485 
27818 9
77493 18600 57597 73144 71629 22827 46182 76179 25927 
27738 9
77452 69881 65775 27387 74605 8829 26759 64670 34822 
27732 9
77449 41479 48459 38100 44313 65023 55052 1051 59921 
27724 9
77445 70255 24313 66614 69502 50844 74561 18249 40471 
27706 9
77436 45083 71916 69655 57523 68372 61033 76007 13768 
27681 9
77421 74847 63242 54696 63269 16316 64445 13079 34241 
27660 9
77410 5477 12608 74599 58577 26567 61011 12775 67174 
27659 9
77409 6685 63148 23200 38468 65292 23364 76597 38580 
27633 9
77395 46465 73559 16901 67117 29233 11835 61300 4949 
27614 9
77386 57235 36701 10891 71060 44725 9356 42341 10013 
27610 9
77383 53289 76818 69349 49041 10508 46464 2806 33133 
27570 9
77361 71340 39513 56986 53744 1618 27036 772 57998 
27553 9
77351 14892 60096 36971 26168 59277 70882 30197 30823 
27504 9
77325 71395 64313 9671 6015 58386 23202 47884 70967 
27492 9
77319 68411 70421 20044 71879 74899 47713 44907 45260 
27491 9
77318 73403 34467 47363 34456 8970 26365 20332 40310 
27442 9
77290 54149 65056 16252 5742 22189 72825 76719 56050 
27400 9
77266 66255 75641 58272 44022 72531 38647 56615 71232 
27393 9
77261 17551 34802 67499 33811 36544 76044 68783 68563 
27276 9
77202 52915 38939 40687 50413 15735 49950 10061 37425 
27174 9
77142 61040 70481 32603 53761 50381 805 44157 9949 
27165 9
77136 75196 33699 25549 20038 42099 18145 41804 30292 
27163 9
77135 47249 62863 67423 63368 33379 36076 26741 32380 
27137 9
77121 39421 26271 58672 31421 17335 5282 27633 45406 
27132 9
77119 31000 68612 1145 55073 1564 65283 29990 73244 
27129 9
77117 63411 14137 32845 55021 37540 41365 75037 46772 
27108 9
77107 20563 26690 15988 70182 15006 31452 31313 33884 
27103 9
77104 51990 64244 17903 39967 70729 22552 53901 35821 
26939 9
77013 44900 66937 40572 72255 42530 35888 31801 7114 
26919 9
77003 69238 65111 40531 45398 4980 72067 42051 5091 
26856 9
76961 68222 4147 60957 56498 47841 37552 68375 61644 
26847 9
76954 20946 68514 12821 11169 58603 49761 39407 33947 
26837 9
76949 44694 71092 68347 72621 74863 48187 48129 48555 
26835 9
76948 23719 68350 55849 45381 41829 57379 23283 27718 
26819 9
76940 21371 48523 26865 60563 62135 36449 38748 27833 
26782 9
76917 21073 72310 56843 60143 10110 65722 25644 36830 
26771 9
76910 53926 74966 62069 76256 36170 29583 53287 60357 
26759 9
76903 35342 44260 30064 49037 39540 57760 7271 22022 
26752 9
76900 53291 21291 13449 31093 2446 62901 48138 6723 
26730 9
76888 39700 27964 49622 57617 9767 7333 49600 59991 
26727 9
76886 19459 64765 54063 28641 30902 2177 76581 33937 
26678 9
76857 76708 42596 21546 27344 11192 74705 63593 76722 
26600 9
76812 76813 47733 18381 63403 29642 42083 8229 61025 
26595 9
76809 9679 70992 55749 65375 57933 10082 76059 11446 
26581 9
76801 6021 69108 32359 56143 22312 35139 64850 11441 
26567 9
76794 9378 49011 60196 64483 55248 50270 27951 40752 
26557 9
76789 20674 49406 35707 28102 12600 16707 11692 15957 
26482 9
76748 76353 30227 27670 54180 44702 69220 55959 60486 
26478 9
76746 38493 60316 35396 73374 10556 56264 76452 62980 
26468 9
76740 54053 65277 75403 16131 44996 20500 6670 21355 
26429 9
76714 76715 63836 65042 56289 63263 28349 62876 41813 
26413 9
76705 30068 75868 9588 42038 21184 64647 22148 16308 
26382 9
76687 4747 19911 60856 68278 52437 17854 12966 7409 
26349 9
76669 70878 18406 64377 26493 2773 67172 62213 161 
26342 9
76666 3769 40474 16921 67484 41476 59144 24351 69835 
26327 9
76657 48893 13904 57433 70274 26049 28174 70445 27868 
26321 9
76653 60274 15214 58419 43447 15133 3835 40814 41817 
26312 9
76649 72368 35536 65155 22124 23883 2923 29295 68901 
26293 9
76637 64576 60674 46486 20694 71728 13154 14740 1894 
26271 9
76624 37289 2267 64262 64097 64907 37584 68717 70932 
26269 9
76622 4236 21472 58923 19881 56936 73238 36693 2264 
26262 9
76619 4467 53730 74078 63383 26687 63851 10749 36546 
26168 9
76559 76560 76103 57219 58964 51019 56861 54069 58361 
26166 9
76558 37042 49669 29760 70088 71973 16484 21143 20126 
26159 9
76554 21332 48993 23095 51904 45663 1291 4560 64897 
26097 9
76517 61676 15644 43586 38897 59885 47712 45966 43820 
26080 9
76507 57259 18859 9681 52868 65482 73066 22707 68898 
26043 9
76484 26761 72186 25277 42489 31089 19957 26886 60287 
26033 9
76477 55848 13617 61236 38456 44598 52011 76478 13068 
26010 9
76466 10301 25600 51387 22353 67516 63061 30061 43671 
26007 9
76464 47221 24075 25262 57236 69616 25390 47122 70806 
26003 9
76461 64276 70098 51855 58787 54493 59291 52909 76347 
25986 9
76448 61262 10008 67851 13814 12115 62958 46127 75056 
25984 9
76447 36086 47419 53426 169 74734 39493 65648 35224 
25949 9
76427 64560 20716 63772 43891 64028 34254 54094 12097 
25947 9
76426 63128 58335 59522 18994 9149 30903 62235 51373 
25904 9
76402 22616 38010 16818 15945 15766 75159 49427 67338 
25889 9
76391 9467 48313 10114 66646 62232 66980 13752 62321 
25877 9
76381 68060 71975 7513 68493 54775 50046 70114 62992 
25874 9
76380 70986 74295 9781 1345 27462 56857 63544 25171 
25865 9
76375 11522 49916 55043 58724 55191 43975 29038 31239 
25806 9
76338 31252 58150 66084 43667 57414 18507 52663 67113 
25802 9
76336 74294 16174 56092 1724 36229 67799 51929 14428 
25757 9
76305 45931 64381 25378 47213 73682 63241 48565 40665 
25730 9
76290 29817 38225 41664 51013 34356 4037 56664 64638 
25722 9
76286 48394 75477 9773 59574 8565 67856 45838 40480 
25719 9
76284 44908 6231 7538 49426 43320 18389 49902 9523 
25714 9
76282 73991 65669 15542 63187 50886 72344 72167 65667 
25711 9
76280 48223 60107 38044 13256 59093 29502 49000 66196 
25655 9
76240 65359 31627 42242 57067 72525 18395 68774 24760 
25585 9
76191 67878 59968 7286 73220 35741 30004 61958 73204 
25561 9
76177 3829 72091 69637 69255 38296 16584 57833 41979 
25548 9
76169 58500 8066 65231 25851 51756 30675 12996 14827 
25517 9
76152 4066 57625 5935 71027 41377 26111 57604 52414 
25498 9
76140 4080 69204 55042 8880 76141 21267 12116 12611 
25495 9
76137 66061 59369 72176 35928 76138 39682 6245 27635 
25463 9
76117 73557 76118 55895 54565 47901 11377 6217 58285 
25455 9
76112 44360 45419 16510 55902 61936 62760 71719 66403 
25384 9
76065 49476 739 38677 20722 75962 59056 61335 41081 
25381 9
76063 17158 67240 12341 58596 71014 44242 23098 41997 
25367 9
76055 73396 12909 35637 476 22645 38681 73079 62785 
25351 9
76045 53743 58512 67094 76047 1626 26163 27239 3037 
25308 9
76015 34779 56801 67926 58314 52424 29000 32191 73874 
25210 9
75945 2058 60928 23890 75946 70583 44762 42088 56547 
25184 9
75928 63005 49307 31129 30025 8487 17051 60470 59835 
25166 9
75917 6102 11049 35873 1220 40926 28203 58598 75918 
25153 9
75908 8827 47350 51002 5846 60765 51825 43297 16440 
25148 9
75906 22779 28884 11228 33548 57091 41569 74291 13329 
25115 9
75882 32084 14657 62890 69611 71266 59135 33297 2955 
25090 9
75863 35249 43579 49633 56884 35906 55241 43811 71708 
25089 9
75862 50409 1798 72704 5064 16449 74367 18968 35467 
25029 9
75821 4174 70702 49339 20689 74125 58582 13980 60132 
25022 9
75817 72943 75405 75818 75784 29925 51611 72873 56703 
25012 9
75810 12724 48089 47131 35343 75521 6071 75597 28692 
24981 9
75785 10824 39487 54347 62864 75184 35461 66856 73945 
24923 9
75744 18000 56622 27430 1414 75745 24996 70642 33646 
24885 9
75720 68427 28252 36300 68952 436 58907 16483 50338 
24865 9
75706 39429 49964 68824 23637 59476 21401 38130 74533 
24836 9
75686 62703 16716 51399 18525 35384 21737 39927 33457 
24812 9
75669 30949 47306 36543 649 21392 59499 64875 57668 
24809 9
75667 55731 10420 32515 13680 7418 5165 18931 48915 
24803 9
75663 32805 366 72433 49441 74040 46709 66328 72080 
24777 9
75643 73167 52098 11807 15021 74942 23650 56878 26220 
24765 9
75634 55949 59046 3500 55589 61302 3359 22557 70404 
24726 9
75607 53939 61166 27467 31462 1252 11102 52637 14871 
24689 9
75580 58985 53956 58018 71216 58057 33788 58746 35870 
24665 9
75565 58535 26911 62414 6920 71641 51372 63226 69894 
24650 9
75558 60187 376 59599 5527 62199 63661 68451 52545 
24630 9
75543 41320 24412 9399 62850 2590 55674 46536 41133 
24612 9
75532 72709 34368 55844 45408 70406 74853 3043 26477 
24582 9
75511 19263 16270 41078 62103 47111 55995 73720 15912 
24543 9
75480 55349 48788 68203 55149 54626 67804 50712 34712 
24523 9
75467 42563 73387 17987 10398 2597 13979 43628 6080 
24492 9
75446 74366 64077 36557 55645 57615 75358 4772 72471 
24479 9
75436 14528 43048 17755 5862 25602 42773 21697 63550 
24477 9
75433 75434 65240 71532 75435 65412 48716 74092 22809 
24461 9
75421 34695 16806 38632 38616 69476 24579 3045 75423 
24420 9
75394 10808 7711 17847 47229 46134 28493 65642 46569 
24359 9
75352 72204 72862 21660 7294 61084 30185 72715 24963 
24348 9
75347 54031 32599 64048 40211 58235 25892 60562 40691 
24291 9
75306 75307 58643 13100 25349 72610 8295 42417 62305 
24286 9
75303 58334 2078 57114 30463 30181 71745 4913 4130 
24271 9
75291 25552 59956 65702 11612 72748 65214 45051 65614 
24223 9
75259 53850 10356 59593 6963 41046 45665 35995 74911 
24221 9
75258 71387 1560 55787 21869 52669 32751 30422 26992 
24200 9
75245 42376 60668 28479 3540 5815 4656 29237 10558 
24191 9
75238 40296 25961 73812 21015 6735 64192 49381 26869 
24175 9
75225 54109 72641 55600 69389 22544 45042 35415 16230 
24149 9
75204 9147 22455 62223 52461 37512 37305 4873 22959 
24144 9
75202 8396 13854 39175 42676 21202 53409 16096 8601 
24135 9
75197 60960 61282 30542 54024 52990 62257 16651 14251 
24105 9
75171 23479 60897 15337 12040 17160 31058 2591 9279 
24084 9
75154 75155 66172 3214 75156 42891 51959 47214 68356 
24039 9
75124 20617 32120 26968 50880 21219 46368 8132 8745 
24017 9
75109 35824 40360 23552 26753 64693 65603 53258 1023 
24005 9
75100 68154 75102 58219 30017 71829 12932 23842 72275 
23961 9
75068 41852 46970 38443 37626 46663 913 47900 19352 
23919 9
75039 10704 15317 62555 38860 56802 72563 62264 42949 
23859 9
74989 14647 28072 15929 31107 60208 39785 27190 58358 
23848 9
74981 64695 60411 46010 4776 52243 55029 52796 56256 
23814 9
74953 2526 8226 61464 5514 14209 41667 2287 19915 
23811 9
74951 37231 16280 19342 35832 33839 14581 18773 50526 
23800 9
74944 36252 50965 71040 39126 48381 17508 74945 46235 
23728 9
74893 70990 41207 6483 13915 53694 38661 65426 54987 
23726 9
74892 40953 5611 70350 16147 36084 70199 41831 65157 
23706 9
74874 2192 50037 34774 59021 71492 6471 53069 30871 
23630 9
74803 31401 63630 40905 62369 15996 14932 6065 7101 
23624 9
74799 66205 42171 37093 40856 71651 9541 63707 26607 
23596 9
74775 25342 1072 42745 39306 74114 21483 34973 1498 
23564 9
74752 73410 45209 42490 74652 28275 38926 43734 14593 
23537 9
74736 20773 24748 63720 47174 71948 54047 44365 19746 
23477 9
74690 12428 73122 70774 19559 62174 28700 20050 41006 
23459 9
74675 72683 53185 8728 5173 63039 70842 37119 33808 
23437 9
74659 56899 24651 66117 36988 72668 45214 72356 74370 
23399 9
74629 61169 15927 39999 69002 42134 6024 27542 68414 
23381 9
74617 51135 17884 66959 28578 10434 15759 44440 2435 
23376 9
74615 55913 30178 68565 63379 41635 49822 43097 24934 
23363 9
74607 35879 46519 34406 69912 52795 16590 52821 53116 
23360 9
74606 20069 65782 24673 74450 68149 23896 20282 71604 
23347 9
74594 41722 64505 50823 38449 23697 70425 64779 9212 
23343 9
74591 59049 46599 58392 42720 60500 27287 74592 17611 
23296 9
74555 12644 35557 47053 54914 63149 24403 12624 32600 
23264 9
74527 69233 35317 63064 31019 31368 6895 39562 9407 
23238 9
74507 33289 46046 59753 68161 72652 65062 53245 62390 
23214 9
74487 30188 808 18974 34144 66253 32030 44405 18551 
23189 9
74465 74466 60656 73974 43371 42571 34821 72619 39760 
23173 9
74452 13400 54838 59353 54223 15659 15874 12952 51639 
23140 9
74427 57232 71791 36160 39 44804 5257 48279 36877 
23095 9
74392 68147 17897 3530 41802 13682 68073 26602 67255 
23056 9
74359 74360 49795 40742 3261 74361 36715 14321 36496 
23014 9
74322 74323 71559 62956 31653 74324 70591 14010 6163 
23007 9
74315 38811 70354 14724 74316 637 59598 57566 4704 
22993 9
74305 2397 57405 58728 40697 51214 72467 23790 22581 
22988 9
74301 7404 27758 33639 65097 69133 70252 72504 22918 
22954 9
74270 57792 54845 10109 10338 26325 7966 68735 15687 
22914 9
74234 70568 36505 2187 52074 74235 70911 56698 74236 
22907 9
74227 46185 35842 73070 8709 74229 25461 68474 6008 
22897 9
74220 36667 19512 29343 59115 6563 15803 45386 69198 
22863 9
74193 56324 28007 286 65164 28814 48436 70042 73293 
22846 9
74179 51272 980 73398 74180 10273 13353 69125 35458 
22820 9
74155 31066 20408 63091 20299 16276 19977 46895 8855 
22814 9
74148 19894 65974 20698 3981 47846 44657 25470 45309 
22795 9
74131 25929 6449 15361 46726 7764 18714 36740 36057 
22790 9
74128 65190 34094 73825 67556 74129 64086 15577 9138 
22753 9
74097 1986 48964 73589 8932 46882 22762 74098 1141 
22659 9
74014 74015 61038 34818 36916 61915 4511 7199 17795 
22613 9
73964 53281 42502 63882 14217 20598 8682 73594 3381 
22531 9
73880 63852 69400 58707 73881 66038 69705 55328 14962 
22515 9
73865 39359 23322 37507 36670 1234 65149 63168 65091 
22485 9
73840 22692 60750 36173 10009 68382 73841 47627 47539 
22459 9
73820 69507 33162 20918 9959 31270 60342 27294 42029 
22450 9
73816 19375 26048 60068 65570 11973 73306 50779 38458 
22397 9
73765 64475 63528 73767 28946 33501 42556 20283 24505 
22392 9
73760 609 25134 47375 26523 56897 4303 64654 7677 
22348 9
73729 21593 38148 67731 5238 55136 37546 68045 19574 
22343 9
73725 29025 71538 15942 65742 18181 5830 29974 72842 
22290 9
73683 66093 68959 3624 71580 46479 54410 53183 51950 
22250 9
73643 42241 42120 73644 49258 32982 15387 3560 22582 
22245 9
73638 9514 10132 46179 10378 73639 12454 54910 54387 
22226 9
73618 15745 53817 15276 2551 23582 20714 12026 67365 
22219 9
73609 73610 1434 66461 46259 73611 73612 40728 69968 
22205 9
73595 42478 62134 66121 73597 2560 8206 27318 5414 
22191 9
73578 55921 73579 53204 19623 61626 22433 42117 53543 
22187 9
73575 59590 13976 28613 64148 27283 69794 12489 28750 
22158 9
73548 57632 65423 62298 32298 48860 70945 26617 37311 
22153 9
73541 18778 16737 57499 62201 49295 46816 73542 73543 
22139 9
73529 51976 41400 25440 55799 31250 36631 31920 11958 
22129 9
73518 11431 43049 55796 42398 11056 73520 71855 3342 
22106 9
73498 25195 17062 44730 62777 54073 31008 70389 37999 
22066 9
73459 45777 7292 38760 18566 21107 25249 41939 62870 
22047 9
73437 39334 20995 7293 33661 3827 9512 11798 71815 
22043 9
73433 30870 25665 24587 19381 56719 55881 48845 51964 
22025 9
73416 41181 66594 9989 29273 62034 73418 30296 1201 
21989 9
73379 23354 39907 32024 56468 66921 1990 40272 65444 
21978 9
73365 41054 73366 52456 58716 4325 58352 9498 73367 
21971 9
73356 65534 12088 7297 59575 12530 57056 22144 21772 
21957 9
73342 68594 73343 9866 60779 54736 38564 41342 72253 
21940 9
73324 1824 50464 22368 57438 70873 47493 56747 43931 
21892 9
73284 70765 16069 10064 57148 73285 73286 49914 72622 
21872 9
73264 55741 46244 20588 58568 28434 57159 49447 55884 
21859 9
73247 29928 15519 69592 47086 62359 50095 53612 29827 
21834 9
73225 45359 25224 38783 26357 23951 73226 7420 62701 
21730 9
73117 57859 69157 61684 27612 57519 70874 39935 18846 
21713 9
73099 5425 69444 44938 65859 43613 12380 73101 32284 
21703 9
73087 34210 46704 2533 73088 15197 67961 8658 23734 
21659 9
73041 44919 57672 22462 51317 47199 1470 39280 68788 
21492 9
72859 917 70529 59015 50905 37433 59155 54776 64777 
21474 9
72838 46045 71222 43730 30302 41913 37196 13169 15195 
21469 9
72834 50916 37228 60645 62433 48528 45028 61810 52439 
21441 9
72809 10014 56654 8988 45669 9251 38579 37262 41907 
21420 9
72786 72787 50261 647 62611 48543 63856 46445 60154 
21391 9
72751 60630 72752 59340 59341 44290 54698 61114 46200 
21388 9
72749 58823 64444 26924 57365 26699 59750 43315 59214 
21297 9
72656 64358 6253 5315 61880 69843 72657 3276 18390 
21257 9
72611 16956 26604 7080 19077 66728 6519 58638 65368 
21237 9
72586 14736 38764 72548 32389 20235 53075 19281 6979 
21177 9
72526 72528 45956 31302 35585 37005 19195 2705 31678 
21164 9
72513 32631 21459 38216 25441 52293 69487 11498 57428 
21149 9
72493 63700 23542 72494 29266 61469 17345 21394 42420 
21141 9
72485 44619 72230 5353 22838 33088 72486 30418 11503 
21109 9
72454 36274 39514 51414 52203 8899 44650 52918 47494 
21043 9
72376 47924 28370 7485 58901 55769 72377 72378 65076 
21012 9
72339 19406 27940 72340 60893 72341 5726 59238 69683 
20953 9
72276 34767 8575 46076 23586 54407 62181 38984 401 
20939 9
72261 68603 72263 42404 5981 25242 66748 15827 54305 
20910 9
72234 49351 71564 38876 70977 68607 66156 28214 9226 
20841 9
72160 67646 57128 67422 37996 26783 24644 51479 25150 
20835 9
72150 2768 65953 67758 32382 55087 5077 7695 70565 
20832 9
72147 52531 72148 47532 976 65467 44974 72149 22885 
20801 9
72116 57152 12190 40929 54422 14133 72118 20767 17901 
20746 9
72057 11834 37695 72058 47030 59559 43688 58411 71310 
20708 9
72011 47702 64768 5688 31600 39640 65537 13580 64774 
20693 9
71992 45720 49731 35681 45195 25219 47466 54424 23701 
20689 9
71984 54192 71985 71986 70828 57237 57051 63099 20115 
20665 9
71950 26751 55681 50972 63117 4655 52172 47790 41693 
20663 9
71949 53282 69168 71735 55037 9789 30237 33930 8934 
20650 9
71939 12247 16957 55468 46300 30193 47203 38923 53186 
20638 9
71926 698 70216 59758 71927 15482 14456 36149 25757 
20632 9
71921 26798 2052 71922 15244 33565 2140 35546 5372 
20624 9
71914 6953 62968 69177 24215 9927 56895 21796 3896 
20592 9
71874 19012 25881 9858 22390 32741 28732 57731 43188 
20563 9
71835 31614 33612 71836 48561 39257 30879 70508 48473 
20560 9
71834 65996 31265 68660 49584 47014 10506 33235 60687 
20488 9
71758 51342 674 51551 14633 55973 28792 67329 26586 
20431 9
71686 51765 55555 3260 45497 48093 58336 55426 16257 
20375 9
71632 18518 64968 32164 36976 68289 68961 12528 2514 
20361 9
71615 15812 42397 20690 2405 14531 50064 51401 42210 
20356 9
71612 58492 71613 29096 9193 6693 54027 57288 25620 
20318 9
71570 29824 53693 66256 21227 41016 47356 56462 35466 
20287 9
71530 64646 53243 7505 63136 71415 61037 20600 32597 
20261 9
71499 69102 60483 21240 82 8585 35204 40551 36969 
20159 9
71376 8208 3486 45584 11679 52620 18209 6138 68435 
20090 9
71302 24893 20873 30539 10066 37663 27999 56228 17856 
20078 9
71286 25710 11760 21348 63723 16578 40121 4238 52017 
20047 9
71249 47024 44516 14016 34732 71251 8301 43477 66964 
20023 9
71221 35295 47369 38934 874 26805 71223 19866 8731 
20014 9
71207 56346 11065 56593 48051 64411 71208 71209 71210 
19981 9
71168 65230 30482 61062 67638 71169 33529 36345 54985 
19970 9
71158 49963 57715 53858 23872 31330 68840 33510 10244 
19961 9
71147 69859 24530 3287 68336 71148 55427 25350 53871 
19956 9
71143 33793 61913 9600 39720 47837 71144 26743 55622 
19936 9
71125 69918 12705 39835 31909 28147 52100 49814 31489 
19916 9
71104 46397 7697 45543 33987 51683 61623 13593 60943 
19899 9
71080 66391 42207 71081 55390 71082 7889 45301 48443 
19836 9
71001 41287 38420 64722 36060 64493 2478 49839 23446 
19801 9
70965 4958 57305 13461 48293 60608 3314 55002 23525 
19792 9
70954 25913 62009 26637 65227 15094 70010 55958 63314 
19640 9
70770 46620 9651 48927 26656 33689 38429 1855 20910 
19638 9
70769 56722 44191 59125 68759 36414 39463 60800 60944 
19610 9
70730 61966 53131 55341 70731 66768 3340 42536 1601 
19546 9
70638 70639 70640 33640 62462 52486 68732 44497 45904 
19524 9
70614 70615 42480 68288 5420 56300 22984 55290 44966 
19494 9
70577 64895 49208 22158 66818 3111 13216 70578 70579 
19399 9
70450 12741 52441 66800 70451 57481 45074 70453 50199 
19395 9
70447 1506 9026 21031 70448 24822 4121 44182 48308 
19320 9
70368 67010 34663 62005 70369 4551 16891 48338 42324 
19318 9
70365 29040 47152 67897 16520 33026 45463 31904 68364 
19279 9
70320 1177 23122 59408 802 60952 30346 21685 33046 
19266 9
70308 7208 58815 61645 37351 65207 11810 49403 7369 
19256 9
70297 45428 33498 46041 60961 52773 20103 15171 44472 
19251 9
70291 1761 24481 24989 67237 52107 61015 3885 26327 
19236 9
70279 70280 59572 39838 21678 23443 11186 58543 56832 
19204 9
70239 12434 4322 36744 63208 19922 50354 24869 61999 
19188 9
70215 62453 27626 12592 41452 55071 67310 28245 59267 
19142 9
70148 70149 54132 40092 55156 70150 56126 45924 61258 
19096 9
70079 26730 66971 7737 3974 1265 37336 47872 44099 
19075 9
70043 5470 70045 55595 21661 70046 68448 4636 6494 
19017 9
69971 69972 31901 37624 6700 24704 25374 69973 69974 
19007 9
69954 13934 1616 69957 31876 22620 69958 69959 58110 
18985 9
69920 69922 61793 63339 9740 38929 31131 733 55597 
18945 9
69861 61157 24314 69863 57844 69864 27541 24205 32988 
18937 9
69851 56657 27636 25357 32562 47752 36730 57517 48618 
18837 9
69723 69724 69725 57878 69726 10381 69727 12953 15434 
18781 9
69650 11990 63060 69652 7973 69612 18874 39073 69653 
18757 9
69620 39559 65618 53320 47631 62263 17097 34090 63003 
18699 9
69540 22648 46893 9426 57279 69542 2779 69543 60855 
18675 9
69498 25312 20597 27722 52080 27304 28907 1684 62145 
18647 9
69466 69467 10023 20037 69468 33821 40872 51175 32469 
18626 9
69436 55618 69437 63229 36481 30983 9355 62847 4881 
18609 9
69406 69409 69410 32464 40768 30540 25839 63000 29269 
18564 9
69351 17157 15385 36030 67231 61896 54610 32764 68604 
18557 9
69341 60491 29724 24991 26895 69342 65310 41103 23077 
18457 9
69203 67960 54608 69206 11376 20415 69207 16286 46128 
18447 9
69192 26939 21938 34860 43362 56411 60292 40390 17065 
18409 9
69142 52440 22034 12249 48684 69143 67302 38367 21829 
18371 9
69086 69087 24627 69088 13600 27976 19009 6063 51493 
18246 9
68910 49987 32822 43997 15621 20137 43567 40763 24191 
18230 9
68876 68877 38845 66192 66286 61388 46228 68878 52573 
18189 9
68819 56485 68822 49561 7565 7219 51282 62086 11282 
18162 9
68785 53234 19106 30733 31777 55506 38777 15139 68786 
18154 9
68775 60367 36133 66086 36589 8365 38868 43037 57396 
18138 9
68751 68752 41029 3673 68753 38612 31902 64172 67058 
18132 9
68744 56277 45589 59793 68745 6405 2305 68746 15200 
18065 9
68648 16028 68650 8544 14165 41524 68651 55862 4718 
18049 9
68629 42126 5801 6241 16678 37296 33189 45625 55988 
18040 9
68616 3048 29800 68617 61611 45188 68618 19897 7853 
18034 9
68608 45342 61042 21890 68609 27678 32864 6589 53453 
18013 9
68575 34926 41178 34440 63762 26563 60618 10350 62017 
17971 9
68511 68512 54530 12579 37550 63747 7307 54191 42625 
17958 9
68495 41554 53118 37304 23910 5631 57131 11724 21450 
17951 9
68485 68486 61170 2781 3410 62191 61509 7706 68487 
17925 9
68443 68362 66524 60538 37756 55941 49783 68445 45935 
17907 9
68421 60873 18919 21492 68422 17270 53254 18521 68423 
17839 9
68312 57095 25962 58819 38986 66400 53591 33511 46559 
17762 9
68193 58948 59188 7943 25051 65807 22351 63088 67537 
17752 9
68177 68178 50133 9912 48589 44088 63632 26750 57579 
17686 9
68077 67831 68078 7845 66497 68079 43892 59422 68080 
17641 9
68002 10386 31183 3353 45857 57583 41224 6453 68003 
17609 9
67947 11082 67949 18723 39213 66574 50361 45098 49356 
17580 9
67899 67900 33440 67901 38850 8352 37834 49475 67902 
17564 9
67873 67874 22399 14440 23865 18567 58004 67875 67876 
17531 9
67810 67811 10308 18083 44705 67812 24917 28970 7090 
17507 9
67775 44824 27429 46835 66446 65998 13476 65502 19115 
17504 9
67771 959 10193 139 4661 56808 14410 60973 11373 
17489 9
67746 42030 12452 57943 50559 19638 32853 54237 62102 
17467 9
67712 48080 53897 43246 8708 65981 15002 32146 32231 
17457 9
67698 67467 56851 62826 48743 34784 67699 51944 57042 
17440 9
67675 12664 34092 40672 61297 20526 31109 49711 62252 
17429 9
67659 27838 61956 67375 20046 67662 6714 58996 18684 
17404 9
67630 21545 67631 41410 53914 67632 2447 51782 21085 
17370 9
67586 42619 23276 20954 67587 40449 56686 15743 6559 
17364 9
67578 60628 38153 6030 37705 67579 64324 65972 49574 
17308 9
67488 3887 24941 66562 13578 58388 33976 63684 7807 
17294 9
67469 7177 64347 11099 67470 44332 32783 67165 6664 
17223 9
67366 66261 50365 25446 8771 57310 67367 31185 37281 
17218 9
67360 26416 67361 22064 67362 46879 25179 62018 56680 
17174 9
67287 67288 43145 20263 20061 1879 51757 67289 37647 
17148 9
67249 67250 60607 67251 61459 67252 16511 67253 39314 
17146 9
67247 22255 58773 57502 60432 3435 55118 27906 9081 
17121 9
67204 20028 45294 20893 43648 42689 50344 67205 67206 
17115 9
67193 59007 61272 67195 65954 37646 38021 6005 548 
17106 9
67178 52226 18291 31729 19414 7792 61240 1869 50974 
16966 9
66946 46056 53909 40887 33655 54566 48755 23031 29607 
16881 9
66807 59992 52282 32211 46226 23351 66809 16804 66810 
16854 9
66771 24773 55501 66772 30483 66773 27686 49370 42930 
16823 9
66721 66723 65791 15543 10024 41102 66724 62736 37752 
16818 9
66715 66716 15425 14225 12631 66717 30867 18344 957 
16806 9
66699 66700 23500 42220 14363 61870 11024 31171 65229 
16773 9
66652 64827 51631 44373 45933 52139 53627 34412 33478 
16739 9
66603 46598 10876 5021 5917 65162 14941 66606 66607 
16704 9
66539 52866 21396 27356 66540 66541 66542 23885 66543 
16617 9
66376 19279 44336 66378 25091 33955 14101 66379 1512 
16552 9
66269 17774 66270 42053 59347 66271 52105 24836 37322 
16525 9
66218 66219 62023 53493 66220 19558 31621 41546 59089 
16521 9
66207 66210 66211 66212 37760 61726 57742 66213 59893 
16490 9
66154 20275 66155 10995 31670 9058 62672 2926 64127 
16468 9
66112 22640 66113 66114 49743 44871 43914 60330 7108 
16452 9
66077 66078 2842 22548 30643 13388 6535 44777 48856 
16438 9
66051 61827 45534 66052 8603 39977 11885 23577 38822 
16428 9
66033 43660 1708 6456 7526 66034 59507 52908 814 
16415 9
66006 66007 66008 18484 32585 2407 1451 66009 3356 
16389 9
65958 65959 61891 41488 55134 63869 65960 52201 65961 
16383 9
65944 10745 42602 65945 33232 31312 27299 35698 57687 
16378 9
65938 44068 62243 41198 65939 31476 19710 5400 59482 
16368 9
65919 27386 57848 19742 23781 25542 59958 49068 62746 
16364 9
65914 25899 65915 59708 61217 52765 2082 4657 62107 
16336 9
65862 65863 24683 9004 65864 38617 65865 31685 65866 
16307 9
65813 27272 21603 14115 64721 43839 29576 50970 61267 
16304 9
65810 54738 45881 4804 58290 65811 24007 65181 17108 
16290 9
65788 29414 29909 44399 26295 17958 35820 19400 17672 
16237 9
65686 35501 65690 40061 49590 65691 26441 48745 21894 
16201 9
65609 872 43610 17328 61716 65610 39321 7540 49915 
16175 9
65554 56599 12554 49746 6010 3639 12151 65556 48096 
16133 9
65473 29167 25809 8983 55962 51819 35897 2244 65477 
16119 9
65447 54747 7698 9803 30709 3201 59389 30927 65448 
16054 9
65315 54498 5261 32968 10194 34500 65316 40792 8421 
16040 9
65287 30262 8221 65288 63982 1779 60380 4712 65289 
16022 9
65248 65249 35777 57227 65250 52723 34920 24560 59047 
16019 9
65244 32788 46217 4169 43541 35364 35581 65246 18727 
16007 9
65217 21165 26724 34538 65218 19310 24659 60165 65219 
15987 9
65182 65183 45796 1034 38439 53721 2141 60662 42240 
15971 9
65150 19226 55714 59974 58385 9197 65151 23062 46784 
15965 9
65143 1251 11111 31940 58818 37525 65144 65145 55502 
15942 9
65109 46222 3840 60199 14460 58888 42569 39675 65110 
15923 9
65069 65070 23736 62651 48878 65071 65072 65073 3404 
15699 9
64653 64655 64656 39142 57055 21449 45915 41245 53326 
15596 9
64452 6677 64453 51704 64454 15819 63240 64455 27164 
15587 9
64433 37198 61537 41137 15910 10736 60245 4525 64437 
15576 9
64414 19353 8521 31682 27801 58574 17926 64415 13464 
15526 9
64314 64315 40659 13035 12544 57972 30853 64316 64317 
15495 9
64253 40928 61061 38357 38950 64254 62751 10672 64255 
15380 9
64019 64020 27974 6208 64021 36318 64022 11269 41088 
15286 9
63802 56441 63803 3678 38709 33332 63804 29911 48497 
15281 9
63790 33389 61697 39330 63792 38940 63793 25006 38772 
15155 9
63534 60325 25162 21597 63536 52229 63537 49819 56119 
15144 9
63517 62010 30369 52698 63518 63519 25968 55905 61851 
15142 9
63513 58099 63514 43186 10948 38832 61371 29322 5208 
15134 9
63498 62185 47040 63499 12300 54451 55392 38317 63500 
15133 9
63494 41272 47853 52929 7144 62143 56791 63496 63497 
15081 9
63393 44432 63394 59734 2698 63395 63396 26931 54843 
15078 9
63389 63390 2885 6200 40757 57130 54711 41864 63391 
15027 9
63272 63275 19251 20488 57978 63276 10460 15040 60 
14999 9
63218 56057 63219 542 22603 29890 40485 63220 20197 
14920 9
63056 10807 17814 34353 5231 1293 63057 20930 29530 
14871 9
62949 60970 26966 48179 39443 52147 30329 62951 15147 
14829 9
62852 4021 62854 37630 62855 17351 35666 52086 40984 
14793 9
62771 19159 62773 62397 4216 56158 31567 29622 39653 
14711 9
62602 4629 2916 19433 23641 24019 51038 48343 6528 
14696 9
62574 30889 59344 39277 41143 7761 51678 14639 62576 
14588 9
62330 1827 62331 62332 25550 32068 40222 48777 59566 
14579 9
62310 43009 20573 12729 62311 38604 17602 33863 62312 
14540 9
62220 7247 47275 33271 17063 36515 62222 43747 37968 
14499 9
62119 31379 62120 53296 4710 2489 45484 62121 29372 
14434 9
61970 2722 61971 52950 61355 61972 61973 23801 30414 
14369 9
61823 49240 53228 32455 32377 47679 18074 7375 59024 
14366 9
61816 4604 6002 28569 49190 6999 61817 61818 61819 
14361 9
61800 61802 61186 61398 61803 41307 12129 29767 4344 
14311 9
61686 12460 61689 25321 60611 21735 61690 48881 9585 
14306 9
61679 23018 44962 5088 10362 43363 12404 10128 26463 
14303 9
61671 9750 41051 37472 61672 39374 16208 61673 38814 
14285 9
61627 30869 45648 44547 61629 61630 61163 48782 34337 
14203 9
61446 52994 61449 61450 61451 41274 48983 51809 38349 
14170 9
61377 61378 38489 48798 61379 61380 57936 1006 24619 
14150 9
61337 57162 61338 36308 48192 43137 61339 9342 756 
14092 9
61218 52006 41707 44505 26713 27140 46608 48913 36539 
14085 9
61203 15182 61205 22438 50438 36506 61206 38569 61207 
14080 9
61193 10424 53468 57262 18149 27132 34979 25194 44662 
14054 9
61141 12915 15499 55360 61142 61143 19291 6408 61144 
13993 9
60983 60987 10782 33530 51948 52258 60988 55611 26905 
13949 9
60877 60881 60882 60883 60884 32395 60885 58161 37172 
13924 9
60828 52858 53635 60829 60830 31344 60831 55887 48834 
13917 9
60810 50155 60811 60812 45322 42605 47636 21323 60813 
13910 9
60801 37324 4827 36712 49599 34119 25363 14570 30115 
13900 9
60772 60773 60774 10145 60775 14916 60776 47757 54252 
13897 9
60764 29113 44799 53524 21128 60766 34581 60767 60768 
13887 9
60742 60744 54363 60745 15569 16328 42034 51332 49582 
13885 9
60739 32013 60150 14361 59096 16456 28300 53404 60741 
13868 9
60702 37611 34142 60703 8045 23068 60704 60705 11290 
13841 9
60638 52118 50850 1423 46091 28775 7875 60641 60642 
13805 9
60556 24575 52935 5915 18991 15623 53200 39350 31357 
13730 9
60394 24948 24501 27320 60395 60396 60397 60398 60399 
13719 9
60372 60374 60375 43950 56080 2552 60376 49192 12471 
13689 9
60298 747 60299 57549 57120 52089 60300 58017 60301 
13643 9
60188 60191 44643 60192 42476 22016 60193 14147 41490 
13607 9
60098 27178 9910 49280 60100 60102 22751 60103 47451 
13599 9
60079 47182 33135 60080 60081 60082 60083 18961 60084 
13593 9
60062 59547 7660 44146 55808 60065 60066 2681 60052 
13512 9
59873 4917 59874 23722 59875 59876 59877 15057 26332 
13489 9
59816 35322 53340 21192 54989 59818 28004 57916 9060 
13473 9
59775 49014 59777 59778 59779 59780 15344 24792 46548 
13442 9
59695 59696 59697 52619 59698 7550 52475 34936 44957 
13441 9
59689 59692 59693 59694 1697 44070 30039 52677 40173 
13415 9
59627 7861 50772 16244 59480 59631 59632 32641 56911 
13411 9
59618 52818 17252 59620 59621 25495 20558 51185 59622 
13394 9
59576 45741 8038 59577 59578 59579 59580 48503 59581 
13377 9
59532 49611 59535 57653 3512 6292 15532 59537 50227 
13337 9
59429 59430 13058 37396 1409 59431 26050 18203 59432 
13274 9
59269 13858 7751 39994 2750 59270 28948 48695 10823 
13239 9
59181 59183 59184 23455 53474 106 39335 59185 45717 
13211 9
59106 11398 59109 59110 59111 59112 55593 59113 26204 
13204 9
59090 13595 24725 18421 46852 4561 15711 59091 50049 
13197 9
59071 2370 56692 19689 43826 59072 13849 59073 48691 
13191 9
59062 57785 52656 19108 49264 56326 2817 58630 51945 
13157 9
58980 58982 29828 35468 4469 58983 1223 6353 58118 
13112 9
58872 24192 58873 58874 18167 22251 58875 58876 39829 
13068 9
58758 58759 50776 58760 32014 48334 56439 33333 30224 
13022 9
58632 21017 58633 58634 55825 58635 24864 30545 58636 
12989 9
58551 58553 46942 11619 51351 58282 46603 34950 217 
12956 9
58471 58472 58473 51713 10213 18031 58474 46323 4013 
12954 9
58463 46628 52525 58464 58465 49334 58466 15127 58467 
12830 9
58158 50245 5330 58159 57329 4110 49176 58160 26646 
12816 9
58125 18801 3826 58126 606 58127 58128 47471 56870 
12807 9
58098 55099 26631 32156 8212 58102 58103 58105 58106 
12803 9
58090 55331 52250 6 28190 55080 10236 17214 58092 
12797 9
58077 41353 2194 50268 58080 49050 45858 26415 26322 
12753 9
57964 57967 57968 57969 11055 51079 37810 23796 27994 
12736 9
57920 27969 4612 26508 57921 25120 57922 20067 57923 
12720 9
57888 20680 55733 531 29959 27423 47482 57889 37442 
12656 9
57724 48360 39746 57725 50228 32122 57726 2663 12595 
12646 9
57699 11687 57700 57701 51400 39288 14967 4593 19067 
12580 9
57542 55168 57543 46254 26664 12301 57544 57545 22380 
12576 9
57531 51333 39398 32313 54445 11996 29727 21622 36694 
12540 9
57446 13792 17608 57447 33643 34281 57448 57449 53512 
12497 9
57345 57347 50379 33195 52119 5191 57348 1085 57349 
12390 9
57048 45155 15616 918 17414 13112 34929 57049 45953 
12375 9
56999 57002 8036 57003 57004 54084 57005 55049 57006 
12278 9
56745 21333 14910 53442 41015 132 20557 12870 6380 
12222 9
56602 56603 14714 56604 22011 56605 36378 49788 56607 
12192 9
56518 23243 56519 21218 51051 26065 18202 46664 51665 
12163 9
56429 56432 37932 38299 38704 39607 56433 56434 18188 
12138 9
56359 56360 51143 56361 41121 18562 45636 13135 56362 
12118 9
56306 56307 56308 8517 56309 5108 54618 54408 56310 
12025 9
56051 56054 56055 17910 24496 40503 18330 19573 4020 
11971 9
55907 55910 48183 41730 44331 22890 43198 55911 32498 
11929 9
55791 55793 55794 41193 49114 40112 44989 43438 30842 
11904 9
55716 55717 48470 39867 32739 252 29234 28669 55718 
11868 9
55617 49506 51965 52272 3189 53003 52033 44608 14252 
11818 9
55491 46950 27088 42018 39650 55493 2210 55494 20471 
11813 9
55474 36919 55476 55477 3169 55478 11818 55479 23211 
11809 9
55461 48646 26838 10922 55465 52174 33690 13341 55466 
11789 9
55407 34354 54852 10164 20017 2538 55410 46471 7747 
11785 9
55394 55399 37786 55400 55401 43941 55402 30305 9580 
11765 9
55334 55337 22068 55338 55181 39316 27698 44039 55339 
11755 9
55305 14477 25821 20544 55310 16996 30040 24624 26975 
11732 9
55236 50631 5027 55237 55238 55239 15810 37368 17354 
11711 9
55183 55186 55187 17954 27950 8449 39005 51298 19934 
11655 9
55022 42127 36646 5486 2197 1439 53354 55023 48756 
11584 9
54827 42880 12474 27157 36553 50554 40104 54828 54829 
11571 9
54792 8443 54794 13640 54795 54796 42138 5356 37292 
11568 9
54787 54788 27587 29340 54789 18058 11383 38545 54790 
11566 9
54783 54784 47168 42594 7539 2699 16301 8993 54785 
11562 9
54768 54769 54770 34462 54771 54772 29841 46223 54773 
11437 9
54409 9935 54412 9933 22679 33735 18401 54414 54415 
11392 9
54283 51321 39583 790 7525 34053 51477 54284 47056 
11387 9
54264 54268 17654 54269 52699 54270 36301 54271 3930 
11371 9
54215 54217 9699 54218 54219 33871 49643 39893 11035 
11364 9
54198 54199 10611 40698 9289 2184 46092 53954 54200 
11289 9
53966 53968 41994 18081 53969 53970 53971 33915 53972 
11277 9
53931 2573 53933 31992 11778 42772 53935 53936 42154 
11230 9
53798 53799 43465 53800 15104 19594 34713 53801 51091 
11224 9
53771 53772 27870 36608 8787 48551 52570 4186 53773 
11185 9
53649 20826 53652 47563 53653 40860 36075 53654 53655 
11148 9
53544 1176 27668 53545 13406 31779 37731 53546 26591 
11107 9
53411 22834 41952 43365 46440 53415 53416 38930 53417 
10978 9
53021 40320 53022 34983 45153 9428 47862 1497 27725 
10958 9
52961 49645 3401 40229 52962 52963 50362 15932 19080 
10931 9
52877 52881 48139 52882 52884 48966 34265 28765 40410 
10900 9
52782 12124 32074 52784 41025 46717 45385 52785 52786 
10821 9
52518 52521 8760 39796 52522 21298 19290 41096 30319 
10764 9
52353 13308 52354 24878 52355 4289 52356 52357 52358 
10751 9
52306 22315 52308 52309 43621 7308 14671 49535 52310 
10718 9
52218 18240 21100 52219 52220 48028 3202 12978 52221 
10668 9
52055 47192 52056 41018 25708 17667 29849 52057 8814 
10606 9
51863 41799 51864 51865 51866 51867 43433 51487 51868 
10572 9
51744 31927 51745 49517 48859 51746 51747 47696 38961 
10571 9
51738 38732 22780 51740 13805 39179 51742 1670 51743 
10563 9
51714 18842 28950 18545 51720 17082 2774 51721 2263 
10513 9
51556 51413 1073 12235 11729 51558 48711 6537 51559 
10476 9
51436 51437 51438 24112 51439 5366 51441 51442 5946 
10467 9
51398 34855 51403 7221 8224 51404 51405 15370 46986 
10446 9
51335 51336 51337 41909 19049 51338 51339 10304 7183 
10437 9
51301 51303 50576 10761 46071 1952 37609 16172 51304 
10433 9
51290 17364 26862 35188 51291 51292 51293 51294 16940 
10420 9
51249 37081 36644 51250 31769 18913 51251 51252 51253 
10415 9
51227 36633 26698 51230 51231 44641 51232 51233 49755 
10345 9
50983 30581 5669 50987 25613 50988 28266 50989 50990 
10269 9
50733 15424 50736 50737 46110 41557 27066 50738 50739 
10265 9
50717 50719 26227 35543 50720 50721 50722 1732 50086 
10258 9
50701 26230 50702 28475 13443 39839 12044 10417 50703 
10254 9
50686 50687 27596 50688 50690 1221 7786 5041 50691 
10239 9
50640 14977 41383 34431 50641 2101 19907 47208 50642 
10203 9
50527 46975 4180 50529 42735 26081 48005 38543 50530 
10199 9
50515 50518 50519 17803 33259 39336 50520 50521 15584 
10183 9
50466 50468 10421 17724 25234 30549 7495 50469 30712 
10155 9
50363 8930 50368 47096 50369 49717 50370 25325 50371 
10134 9
50292 6789 50293 50294 42622 44666 50295 50296 50297 
10129 9
50272 50274 2679 50275 50276 8873 50277 50278 29586 
10122 9
50250 21441 12779 45334 50251 25229 50252 16899 50253 
10075 9
50100 5948 50102 1408 33521 43882 50103 50104 50105 
10046 9
50005 32868 20012 50006 50007 45343 50008 32720 50009 
10025 9
49932 29731 44423 15869 16689 44207 18361 49935 49936 
10000 9
49858 23761 49859 34710 49860 14299 8954 20987 18827 
9910 9
49549 49550 49551 49552 23672 49553 1867 49554 31865 
9903 9
49522 49524 49525 1858 6426 32768 39154 49527 10880 
9845 9
49333 3585 33624 30600 49335 7009 49336 26511 49337 
9829 9
49282 34652 27818 49283 44263 49284 15961 49285 22181 
9812 9
49230 30943 49231 20828 49232 39814 49233 31623 49234 
9803 9
49200 15486 26842 45466 35726 17906 49203 49204 39297 
9789 9
49151 49154 7026 49155 49156 10221 27493 9411 45637 
9761 9
49066 26047 49069 16239 45159 6242 10186 40149 4377 
9733 9
48975 48976 48977 48978 32080 48979 17012 48980 23999 
9700 9
48863 25829 29641 48864 12866 17850 16554 45503 20861 
9663 9
48726 48728 29245 48729 48730 8539 32272 2350 45340 
9638 9
48649 48650 48651 30518 2811 48652 12469 48653 10163 
9634 9
48635 24657 48636 48637 3921 48638 48639 46953 48640 
9623 9
48591 40060 44890 45649 48595 3049 48596 48597 48598 
9615 9
48567 4814 48568 48569 11291 11253 48570 48571 39529 
9597 9
48508 47240 23597 48510 24959 48511 48512 5503 32729 
9349 9
47659 47664 47665 47666 47667 1625 47668 43515 24335 
9261 9
47344 39551 47347 33499 27671 14786 12669 29046 30909 
9245 9
47289 18428 35717 47291 220 47292 17201 31877 36141 
9200 9
47136 47137 37010 37287 2459 40163 22087 47138 46943 
9184 9
47074 21269 31405 36606 47075 47076 47077 47078 21930 
9145 9
46934 46937 36909 46938 17726 41550 46939 33594 46369 
9134 9
46896 46897 3459 46899 46900 46901 41185 46902 22015 
9125 9
46858 41232 28720 28997 46861 46862 20427 46863 46864 
9109 9
46801 45606 46806 46807 46808 46809 18872 42355 34486 
9095 9
46757 6954 9936 46118 15563 19561 46761 46762 43253 
9092 9
46753 1168 42995 46754 18207 12008 22239 43169 26424 
9055 9
46615 38952 24350 19495 44982 8808 46618 38418 7226 
8892 9
46013 46015 46016 46017 44106 46018 46019 46020 46021 
8815 9
45733 45737 45738 25347 34134 45203 45739 20227 24746 
8800 9
45689 45690 45691 9637 45692 45693 43042 6106 44427 
8779 9
45611 12117 45614 45615 45616 21174 45617 17503 45618 
8734 9
45441 45442 9089 45444 45445 42888 45446 44969 45447 
8727 9
45410 44508 45413 45414 45415 34128 45416 45417 22339 
8686 9
45250 45251 24788 45253 45254 45255 45256 45257 27650 
8682 9
45234 41322 39962 27685 45235 45236 45237 45238 45239 
8652 9
45123 45124 26090 41752 3327 31820 19197 43184 5018 
8635 9
45054 32990 45057 45058 45059 45060 45061 45062 45063 
8593 9
44899 14019 44902 44903 22972 22999 44904 9863 44905 
8542 9
44715 37559 36215 44716 18789 15338 24428 9531 44717 
8507 9
44576 12748 44580 44581 10220 28760 8086 44582 44583 
8436 9
44305 42522 44306 44307 44308 44309 44310 44311 7115 
8428 9
44284 33439 39084 43440 1900 20585 227 44285 18302 
8425 9
44267 25023 27958 26708 44270 35538 44272 44273 44274 
8420 9
44252 8503 44253 44254 44255 44256 44257 3740 44258 
8344 9
43960 12138 43961 37341 43962 43963 36933 43964 39479 
8303 9
43780 22842 43782 5787 16668 43783 43784 43786 30609 
8283 9
43694 43698 43699 43700 20157 43701 43702 43703 43704 
8192 9
43351 43352 12014 2693 43353 30971 12350 13688 43354 
8121 9
43062 8620 42482 43065 43066 1091 43068 43069 23684 
8063 9
42834 42837 42838 15673 42839 41259 25092 37070 42840 
8051 9
42788 42792 42793 42320 42794 42795 42797 33988 42798 
8048 9
42781 42782 19142 36310 34178 42783 31956 34622 42784 
8036 9
42738 42739 5940 40591 12712 7896 42740 40049 42741 
7980 9
42493 42494 28335 38639 42495 42496 38990 32123 42498 
7964 9
42435 12885 26276 42436 10379 42437 42438 33247 42439 
7953 9
42383 8555 14454 42387 42388 42389 4 42390 42391 
7859 9
42017 42020 42021 42022 42023 14058 28589 42024 42025 
7799 9
41764 41767 41768 25147 25327 41769 24058 41771 41772 
7768 9
41652 16925 41653 15886 7926 41654 41655 41656 41657 
7722 9
41463 19926 17587 8570 22356 41464 41465 37371 41466 
7710 9
41424 39080 36921 41425 41426 41427 9810 23606 41428 
7675 9
41271 3945 41275 41276 35954 10089 41277 41278 26528 
7663 9
41222 30210 41226 41227 10411 41228 41229 894 41230 
7645 9
41153 5057 41155 26396 32044 15433 41156 41157 16911 
7594 9
40956 40957 16455 40958 40959 14757 40960 40961 40962 
7574 9
40877 20794 40878 40879 40880 40881 16073 40882 32663 
7536 9
40719 40720 40721 7442 40722 40724 40039 40725 40726 
7527 9
40677 31771 32789 20338 40681 34206 40682 40683 18794 
7506 9
40601 13754 40602 40603 37532 40604 40606 40607 40608 
7387 9
40110 40113 8556 9589 5309 16469 40114 40115 39862 
7378 9
40073 31556 28747 17676 10700 2152 40074 4226 40075 
7370 9
40042 40044 8054 5398 13215 40045 40046 31633 40047 
7283 9
39680 39684 5439 39685 23599 18305 39687 25422 18595 
7264 9
39601 39602 17163 25469 23567 39604 39605 39606 36121 
7238 9
39496 38546 39497 39498 39499 32759 12237 26123 39500 
7184 9
39283 22033 29150 39284 20249 39285 39286 1204 39287 
7119 9
39018 10367 39022 39023 37688 18520 7300 39024 11740 
7115 9
39002 36653 16029 39007 39008 39009 27142 39010 23195 
7106 9
38966 27296 38967 38968 38969 38970 17403 30589 38971 
7105 9
38960 22955 3845 38962 38964 29008 13809 12913 38965 
7085 9
38879 32811 35617 37391 4599 38882 38883 7113 38884 
7026 9
38618 38620 38621 38622 38623 38624 38625 26868 10103 
6994 9
38481 38482 23676 38483 23107 38484 38485 38140 38486 
6943 9
38249 38253 38254 38255 38256 38257 38258 16522 38259 
6903 9
38063 38068 38069 38070 38071 38072 26485 15095 23575 
6892 9
38024 31659 5929 20129 3347 22110 35539 6131 26462 
6887 9
38000 173 13897 38004 20158 38005 22240 4491 38007 
6876 9
37957 37958 10170 37959 29175 37960 30822 37961 11836 
6613 9
36766 36768 36769 19581 36770 67 9674 36771 36772 
6577 9
36609 36614 34177 21939 36615 22735 36616 27217 36617 
6567 9
36570 36573 19578 36574 14183 25368 36575 36576 36577 
6556 9
36520 33906 36521 12493 36522 36523 36524 36525 31502 
6537 9
36433 36436 272 21466 32999 36438 36439 22106 17061 
6534 9
36425 36426 36427 33373 36428 36429 36430 7458 36431 
6514 9
36327 36328 36329 36331 36332 1101 303 36333 36334 
6475 9
36147 36150 20327 23209 30640 36151 36152 36153 36154 
6465 9
36097 33263 36102 36103 36104 36105 36106 36107 4358 
6440 9
35999 8441 36000 36001 36002 2758 36003 36004 36005 
6422 9
35920 3310 1143 21135 35921 8448 35922 15982 35923 
6397 9
35793 35796 18057 35797 35798 35799 12477 35801 35802 
6381 9
35728 22986 35734 5199 27966 35735 35736 19104 35737 
6362 9
35646 35616 35647 35648 34212 35649 8900 35650 35651 
6333 9
35515 35519 35520 35521 28823 35522 35523 35524 18178 
6311 9
35427 35430 23099 11670 35431 35432 35433 35434 35435 
6250 9
35158 35159 2749 35160 10484 12349 35162 28226 35163 
6249 9
35149 22082 35152 25033 35153 35154 2361 35156 35157 
6167 9
34800 14753 34805 34806 881 34807 28678 11404 34808 
6156 9
34757 33870 34758 13384 34759 34760 1341 23863 34761 
6062 9
34328 34329 34330 34331 34332 34333 14488 15246 34335 
6056 9
34300 16798 34301 34302 34303 34304 34305 4779 34306 
6021 9
34147 34152 33486 34153 34154 1523 34155 34156 34157 
5983 9
33978 18046 32859 33981 33982 33983 11931 20056 33984 
5938 9
33773 33774 33775 13033 33776 33777 33778 7388 33779 
5929 9
33722 33726 9932 33727 33728 33729 33730 4850 33732 
5919 9
33673 33677 33678 33679 33680 33681 33682 33683 33684 
5906 9
33619 5955 1823 33620 23640 33621 33622 16715 31145 
5780 9
33015 33016 33017 20700 33018 33019 33020 33021 17216 
5718 9
32732 32733 3371 28996 32735 32736 26014 32737 32738 
5700 9
32652 32653 32654 14171 768 32655 32656 32657 32658 
5654 9
32427 32428 32429 32430 5876 32431 7424 32432 32433 
5540 9
31886 31887 31888 31889 31891 14654 22580 31892 31893 
5535 9
31855 19477 31859 6791 6113 31860 28670 31861 31862 
5509 9
31731 26593 7750 19160 31736 23609 11817 31737 5966 
5474 9
31573 31574 28233 31575 9559 1967 31576 31577 31578 
5469 9
31545 5988 20433 16106 15357 31551 31552 31553 28731 
5464 9
31529 31530 31531 31532 10694 13133 8901 2845 12032 
5459 9
31503 31506 31507 31508 31509 11224 31510 31511 31512 
5400 9
31221 7922 31222 31223 31224 31225 31226 31227 31228 
5391 9
31173 25177 12340 31177 16641 31178 31179 31180 31181 
5288 9
30676 26608 30677 30678 1246 30679 27521 30680 30681 
5222 9
30351 30352 30353 30354 30355 30356 30357 25535 3157 
5216 9
30320 30321 30322 30323 30324 30325 30326 20887 30327 
5145 9
29975 29979 10751 29980 29981 29982 29983 29984 29985 
5138 9
29948 29949 29950 10195 29951 22705 3374 29952 29953 
5110 9
29804 29805 2647 29806 29807 29808 13262 29809 29810 
5092 9
29714 29715 29716 26958 15538 29717 29718 19583 29719 
5054 9
29518 29519 29520 10466 29521 10870 8836 10374 29523 
5053 9
29509 8129 29511 29512 29513 29514 29515 29516 29517 
5046 9
29477 29478 7377 29479 29480 29481 29482 29483 29484 
5015 9
29319 29323 29325 29326 6984 3651 29327 29328 29329 
5005 9
29270 29275 29276 29277 2237 29278 10756 29280 29281 
4983 9
29155 29159 29160 5440 29161 29162 29163 23355 19745 
4972 9
29110 10120 10555 9420 29111 24790 7464 29112 18493 
4951 9
29004 29009 29010 29011 29012 29013 29014 29015 773 
4926 9
28877 28878 28879 28880 5049 18627 28881 28882 28883 
4842 9
28464 5044 28465 28466 15190 28467 28468 16884 28469 
4732 9
27936 24141 17964 27937 27938 16356 18824 27939 21011 
4679 9
27683 27688 26046 27689 27690 27691 19542 13848 27692 
4618 9
27361 27362 27363 27364 27365 8729 17474 3708 27366 
4512 9
26830 26831 26832 26833 3338 886 26835 26836 26837 
4416 9
26346 26347 26348 15196 26349 26350 419 26351 26352 
4401 9
26259 14612 23329 26263 26264 26265 26266 26267 26268 
4326 9
25854 18535 25855 25856 25857 25858 25859 25860 25861 
4321 9
25828 25830 14157 25831 25832 10189 6236 25833 25834 
4196 9
25199 25200 25201 25203 25204 25205 25206 25207 25208 
4177 9
25088 25093 25094 23949 25095 25096 25097 25099 14437 
4174 9
25078 5249 25079 25080 25081 7198 13967 24119 25082 
4051 9
24432 24435 24436 24437 24438 24439 20084 24440 24441 
4021 9
24280 24283 24284 24285 24286 24287 24288 2523 24290 
4015 9
24249 11399 24251 24252 24253 24254 24255 15379 24256 
3984 9
24090 24091 18997 24092 16398 18176 24094 24095 24096 
3963 9
23977 23981 23982 23983 22488 23984 23986 23987 14699 
3960 9
23966 23967 23968 23969 23970 11371 23971 23972 23973 
3936 9
23848 23849 23850 23851 23852 23853 19444 23854 8560 
3901 9
23655 23660 23661 23662 23663 23664 23665 23666 23667 
3895 9
23623 23628 23630 4287 23631 23632 23633 23634 14221 
3869 9
23489 23493 23192 23495 23496 10003 23497 23498 21313 
3825 9
23259 20232 16968 23263 19870 23264 23265 23267 10167 
3779 9
23017 23023 23024 23025 23026 1859 23027 23028 2548 
3773 9
22985 22989 22990 22991 22992 22993 20929 17728 22995 
3732 9
22765 22766 22767 22768 22769 22770 22771 22772 22773 
3659 9
22355 22358 22359 22360 22361 22362 8531 22363 3533 
3602 9
22056 17021 21055 22057 22058 22059 22060 22061 22062 
3561 9
21830 10217 21834 21835 21836 18950 21837 21838 21839 
3531 9
21663 21668 21669 18666 21670 21671 21672 21673 11053 
3526 9
21644 11757 21645 21646 21647 3378 12093 12556 9928 
3440 9
21177 21178 21179 21180 20053 21181 21182 21183 7622 
3380 9
20844 20845 20846 20847 20848 20849 20850 20851 463 
3220 9
19965 3617 19966 19967 19968 19969 13720 16388 151 
3197 9
19834 19839 1372 19840 19841 19842 19843 19844 19845 
3131 9
19464 19468 19469 19471 19472 19473 19474 19475 13202 
3122 9
19416 19417 19418 19419 19420 19421 19422 19423 19424 
3105 9
19316 19321 8696 1542 19322 12468 19323 19324 19325 
3080 9
19185 14143 19186 19187 10332 1801 6392 19188 19189 
3074 9
19152 19153 18397 19154 19155 19156 19157 19158 3561 
3030 9
18902 2678 18903 18904 1763 18905 4283 18906 7824 
2861 9
17933 17937 17938 17939 17940 17941 5952 17942 15903 
2846 9
17857 17858 17859 17860 5426 17861 17862 17863 9517 
2785 9
17511 17517 17518 17519 17520 15301 676 17521 17522 
2761 9
17369 17373 17374 17375 17376 17377 15186 16102 17379 
2726 9
17185 5383 5832 17187 10471 17188 17189 17190 17191 
2723 9
17162 17166 17167 17168 14158 13774 17170 17171 17172 
2718 9
17139 17140 15406 17141 17142 17143 14807 17144 17145 
2648 9
16721 16722 1628 16723 16724 16725 16726 13318 4154 
2620 9
16568 16569 16570 16571 16572 16573 16574 16575 16576 
2606 9
16490 8739 16492 16493 16494 16495 16496 16497 16498 
2585 9
16359 16365 16366 16367 16368 16369 10635 16370 16371 
2580 9
16337 16338 9828 12725 16339 6427 16340 16341 16342 
2464 9
15663 1095 15664 15665 15666 15667 15668 15669 15670 
2367 9
15070 15076 13382 15077 15078 15079 15080 15081 15082 
2361 9
15036 15042 15043 15044 15045 3102 11697 15046 15047 
2342 9
14921 14922 11651 14923 14924 14925 14926 12841 14927 
2329 9
14841 14845 14846 14848 14849 14850 14851 14852 14853 
2312 9
14741 14742 14743 14744 14745 14746 14747 14748 14749 
2301 9
14668 14673 14674 14675 14677 14678 14679 14680 14681 
2272 9
14505 14506 14507 14508 1609 14509 14510 14511 14512 
2169 9
13878 10712 13882 13883 13884 13885 13886 13887 13888 
2110 9
13543 13544 13545 13546 10261 13547 12713 13548 13549 
2038 9
13117 13118 13119 13120 13121 13122 13123 13124 13126 
2022 9
13020 13021 3569 13022 13023 13024 13025 13026 2765 
1983 9
12783 12788 12789 12790 12791 2142 12792 12793 12794 
1896 9
12258 12259 12260 12261 12262 12263 12264 12265 12266 
1782 9
11564 11565 11566 11567 11568 11569 11570 11571 11572 
1765 9
11456 11462 7254 11463 11464 11465 11466 11467 6072 
1763 9
11443 11448 11449 11450 11451 11452 11453 11454 11455 
1714 9
11154 11155 11156 11157 11158 11159 11160 11161 11162 
1701 9
11067 11073 11074 11075 11076 11077 11078 11079 11080 
1690 9
11001 11002 11003 11004 11005 11006 11007 11008 11010 
1679 9
10930 1350 10935 10936 10937 10938 5849 10939 10940 
1657 9
10794 10798 10799 10800 10801 10802 10803 10804 10805 
1607 9
10490 7921 9083 10494 10495 10496 310 10497 10498 
1456 9
9569 9570 4930 9571 9572 9573 9574 9575 9576 
1435 9
9431 9433 9434 9435 9436 9437 494 9438 9439 
1404 9
9241 9242 9243 9244 9245 9246 9247 9248 5086 
1381 9
9088 9094 9095 9096 9097 9098 9099 3009 9100 
1265 9
8349 8355 8356 8357 8358 6661 8359 8360 8361 
1240 9
8194 8195 8196 8197 8198 8199 8201 8202 8203 
1220 9
8069 8070 8072 8073 8074 8075 8076 8077 8078 
1198 9
7932 7933 7934 7935 7937 7938 7939 7940 7941 
1183 9
7831 7835 3892 7836 7837 7838 7839 7840 7841 
1150 9
7623 7624 7625 7626 7627 7628 7629 7134 7630 
1061 9
7046 4762 7052 7053 7054 7055 7056 7057 36 
983 9
6542 6546 4054 6547 6548 6549 6550 6551 6552 
956 9
6367 6368 6369 6370 6371 6372 6373 6374 6375 
949 9
6317 1993 6322 6323 6324 2378 6326 6296 6327 
927 9
6170 6176 6177 6178 6179 6180 6181 6182 6183 
856 9
5708 5709 5710 5712 5713 5714 5715 5716 5717 
808 9
5389 5390 5391 5392 5393 5394 5395 5396 5397 
709 9
4746 4751 4752 4753 4754 4756 4757 4758 4759 
692 9
4638 4639 4640 4641 4642 4643 4644 4645 4646 
662 9
4439 4440 4441 4442 4443 4444 4445 4446 4448 
590 9
3958 3959 3960 3961 3962 3963 3964 3965 3966 
581 9
3891 3897 3898 3899 3900 3901 3902 3903 3904 
477 9
3212 3218 3219 3220 3221 3222 3223 3224 3225 
387 9
2613 1406 2618 2619 2620 2621 2622 2623 2624 
369 9
2487 2493 2494 2495 2496 2497 2498 2499 2500 
331 9
2241 2245 2246 2247 2248 2249 2250 2251 2252 
230 9
1566 1567 1568 1569 1570 1571 1572 1573 1574 
193 9
1309 1314 1316 1317 1318 1319 1320 1321 1322 
144 9
986 987 988 989 990 991 992 993 994 
114 9
780 781 782 783 784 785 786 787 788 
42 9
292 293 294 295 296 297 298 299 300 
29957 8
78578 23716 16079 17123 32589 9055 55406 42188 
29807 8
78503 65020 67027 41871 69179 23236 72508 21667 
29713 8
78456 25575 2383 10293 39943 68644 10579 4452 
29702 8
78451 73531 33169 39966 28905 44534 55909 31629 
29685 8
78442 37683 57816 47264 72169 65030 18639 26224 
29602 8
78401 74765 33048 36465 22542 56214 69687 59342 
29562 8
78381 66849 65925 69536 25126 54138 56635 72259 
29526 8
78363 42775 62215 18022 58628 13635 20062 17646 
29519 8
78359 55960 70761 17122 2704 74070 64395 33076 
29444 8
78322 47866 43458 30926 25164 26210 4038 47652 
29426 8
78313 54799 62388 35017 50773 67563 32392 66004 
29326 8
78262 39692 59335 31504 71821 41810 54486 24727 
29318 8
78258 72455 58619 61529 9985 54832 54392 63811 
29307 8
78252 41392 68148 36743 62613 73570 67349 16953 
29286 8
78242 60430 14690 70597 42145 13006 34694 31713 
29225 8
78211 29433 54099 75472 4700 70645 12424 8534 
29179 8
78188 7291 53638 5991 54918 31276 52580 52854 
29161 8
78179 69295 22843 23260 67477 28130 36186 65685 
29152 8
78175 35758 40388 67964 65580 51978 42096 60393 
29126 8
78162 77705 20296 51680 61743 2759 29996 42950 
29083 8
78140 6140 63703 59038 57030 49045 74640 51161 
29074 8
78136 76572 67677 68460 66962 19134 9350 52574 
29070 8
78134 58895 74987 75659 369 29288 20931 16973 
28929 8
78063 45055 31931 11304 63636 37750 15185 48532 
28866 8
78032 66708 51570 70810 73600 17794 68713 53338 
28864 8
78031 21766 47181 25774 68195 73607 956 76096 
28749 8
77973 32581 46273 76244 4459 45103 40651 11874 
28745 8
77971 70537 63561 62616 57548 68134 33281 40109 
28707 8
77951 2761 11964 22807 1124 56208 28798 69471 
28598 8
77895 45267 33696 66827 52567 49099 18622 57392 
28523 8
77857 12391 20906 38375 7962 74682 18084 1362 
28509 8
77850 15694 54421 66209 34944 33784 31078 16952 
28482 8
77836 29880 68610 77837 73217 41529 25324 22691 
28454 8
77822 41950 16444 36490 74717 27307 18151 76317 
28386 8
77786 10465 61133 67201 71970 68598 44279 67845 
28379 8
77782 19176 62351 61502 20899 70163 45454 73116 
28354 8
77770 2862 76730 66285 48221 57674 74289 74771 
28142 8
77660 49373 20574 36584 1853 28093 15105 53300 
28118 8
77648 18689 66195 53921 70913 41628 37678 52939 
27983 8
77578 49598 28762 32923 48873 34180 69666 7012 
27877 8
77523 19601 12224 17614 60112 71134 72935 16278 
27865 8
77516 70000 71772 39963 51682 7866 67711 60197 
27861 8
77514 279 52793 48714 12057 33441 56015 20611 
27855 8
77511 46749 466 16688 17925 47586 53169 17234 
27834 8
77501 37300 58938 47503 8543 52333 19872 58373 
27827 8
77497 21478 61859 8425 15217 6564 55117 52644 
27755 8
77460 24022 10320 60522 73947 55953 62700 51708 
27619 8
77388 7552 18616 34005 34461 69722 36279 59457 
27566 8
77358 46866 63156 71055 63096 60401 39996 29306 
27554 8
77352 54709 53217 32229 6504 44300 50436 68539 
27551 8
77350 43999 72336 9540 51037 75958 3457 52261 
27539 8
77344 23814 70948 14762 68943 19902 32595 51418 
27530 8
77340 75054 13588 2208 48606 33407 50415 74661 
27390 8
77259 57454 43409 6363 71864 54309 16074 77260 
27313 8
77220 47338 65604 45494 65886 57115 24544 54197 
27291 8
77209 61200 76114 30002 21992 13737 59441 73180 
27258 8
77191 47562 75912 38338 33126 77192 66076 76425 
27219 8
77167 59825 15469 40456 77168 37104 31822 17439 
27214 8
77165 73898 74757 30441 75651 48072 73979 66602 
27194 8
77155 71017 64447 51174 66127 14532 70513 53890 
27159 8
77132 66392 21381 67132 24770 46463 59615 72857 
27154 8
77130 73458 74282 67566 75931 17289 31800 42201 
27135 8
77120 71490 46443 54684 42968 24204 63374 42893 
27115 8
77110 20432 54336 53908 66217 47497 44629 36898 
27047 8
77075 66861 61589 62533 35009 58410 55039 64263 
27017 8
77057 65814 31116 47333 37082 14288 50753 58860 
26996 8
77047 29684 75071 57991 30469 30217 61704 33925 
26866 8
76966 68658 8803 17695 56298 17600 50815 71519 
26861 8
76963 39303 1289 71962 73793 3153 64989 29556 
26749 8
76898 45148 47041 25153 50699 63996 56720 464 
26598 8
76811 26130 54222 23421 52707 74766 1172 6810 
26588 8
76805 68489 64550 71028 49201 9389 57205 65878 
26552 8
76787 75961 72018 7827 53583 46616 14981 64430 
26541 8
76781 1094 127 58354 41294 32142 72717 48091 
26515 8
76766 51531 61959 57825 50144 6096 44766 61624 
26476 8
76744 63515 14213 34615 65389 36248 19045 20401 
26393 8
76693 75211 19094 20913 37202 57196 42729 56534 
26340 8
76665 42004 50786 12801 73407 23144 67271 69030 
26329 8
76658 43764 63223 53720 9867 2335 31338 67985 
26219 8
76591 41100 41223 43027 62418 37150 26950 13553 
26063 8
76497 71988 4871 55203 60466 1989 49721 65458 
25846 8
76363 22946 39816 65290 64422 26553 53577 71699 
25825 8
76350 47320 66252 24828 27444 18185 5977 72871 
25673 8
76251 64219 71106 64916 50312 56283 64562 55027 
25624 8
76214 15843 46450 43502 64476 76215 76216 1186 
25535 8
76162 55515 31053 31869 35397 37473 10257 72982 
25461 8
76116 26652 59212 6526 69071 45847 42449 60365 
25424 8
76092 68892 11142 54573 64868 36565 32522 48529 
25389 8
76068 43192 1500 12488 74550 75401 35266 9011 
25355 8
76049 71506 13798 61633 37212 63831 37788 56096 
25272 8
75988 75989 29078 30265 2434 31995 42135 59227 
25268 8
75984 10831 61989 63847 1758 21684 57973 56412 
25262 8
75981 22881 15801 75798 67954 65978 1182 29450 
25134 8
75897 43828 18498 54475 4231 15641 72221 71991 
25075 8
75850 75687 75851 62886 65718 57802 17690 57670 
25070 8
75848 46775 52989 18935 56715 70704 38717 68108 
25060 8
75842 30621 32604 69152 73359 24636 73205 67082 
25030 8
75822 63575 42446 68841 61462 53019 72769 30893 
25019 8
75814 51972 31130 20748 74574 61830 29668 16376 
24997 8
75795 8455 72580 64509 70775 48205 41403 12936 
24882 8
75719 72967 63400 75111 36805 61914 66679 29176 
24871 8
75711 50977 57316 58869 7415 72489 37699 25181 
24851 8
75695 8145 40150 28008 1995 43472 23587 31674 
24761 8
75632 53561 57151 35711 64733 1416 17733 16160 
24749 8
75622 18194 24672 71678 70270 39418 75623 40890 
24678 8
75575 26372 48077 64523 64535 24239 21052 11115 
24673 8
75571 57239 69356 18512 31013 53924 69183 74904 
24643 8
75551 48947 36368 47307 75553 59889 71052 13203 
24637 8
75547 74782 55946 16283 64849 29418 22386 42977 
24635 8
75546 30289 31631 70792 54678 48131 17422 75003 
24598 8
75524 71655 63216 4229 70030 45938 7746 23610 
24556 8
75491 28081 33800 39323 75323 42855 30811 2760 
24438 8
75407 10432 34262 37043 69331 10435 73173 28367 
24399 8
75377 65802 71965 27158 71809 40621 42292 48295 
24304 8
75315 65487 19307 35469 45308 7315 75191 27972 
24283 8
75301 26270 16216 18365 21859 8691 73142 44029 
24276 8
75295 1392 30817 52069 26590 45890 37083 40355 
24263 8
75286 5539 21326 74137 29311 71539 2224 59941 
24227 8
75262 27593 68374 48467 75263 56139 70379 53609 
24188 8
75234 64491 75235 59884 42081 50900 70429 75236 
24185 8
75232 904 69700 46693 44020 1496 23069 68778 
24182 8
75230 11576 4648 70939 62108 74907 35671 22154 
24137 8
75198 60005 55634 58470 53918 17744 14449 4547 
24102 8
75170 3272 64853 1580 65675 63522 11907 49959 
24091 8
75161 13235 29485 46721 71933 17562 30119 31200 
23985 8
75083 72599 3914 57591 10521 65154 19235 67397 
23930 8
75046 75047 23386 27990 35210 57292 34401 36451 
23740 8
74902 53997 33592 60967 43540 2939 72045 9009 
23657 8
74828 57020 34692 8043 41166 74830 22929 71812 
23595 8
74773 36109 72720 74774 59833 9442 839 35861 
23531 8
74732 33225 61986 7079 22734 58918 43558 73815 
23499 8
74706 49757 64251 28956 584 40783 67158 54750 
23405 8
74634 8904 22998 25900 7327 13445 51349 55530 
23355 8
74600 15591 45778 17725 34324 70822 10274 20352 
23316 8
74572 59359 51194 60337 35072 63671 6773 42970 
23308 8
74565 62318 30396 49568 52279 54242 73032 68552 
23268 8
74530 9630 72903 56930 27437 2784 62568 32316 
23235 8
74504 19479 65552 42311 12018 57319 36416 20142 
23230 8
74502 18467 33851 67658 6261 71193 61693 35576 
23206 8
74477 74478 5598 50636 74479 67134 39141 65269 
23187 8
74462 34079 22566 50998 34726 69000 14160 73222 
23182 8
74460 70025 15530 60748 28216 60448 17033 10789 
23163 8
74442 35716 33547 74444 74445 29157 71890 70908 
23076 8
74378 72380 55348 65424 67821 32920 69039 55709 
22986 8
74300 59667 45432 40738 68093 45040 59678 57577 
22951 8
74267 30150 30504 70267 59587 4945 13787 53148 
22931 8
74250 35080 39245 60715 45012 29606 17409 52408 
22884 8
74210 31815 63318 60836 67797 33991 59373 65929 
22879 8
74206 74207 68718 43218 59322 73715 54147 57472 
22850 8
74182 43348 54390 24267 13762 54536 36424 74183 
22834 8
74167 40371 6057 74168 74169 74170 58207 73104 
22827 8
74159 30163 59723 6402 74160 56982 62935 59019 
22768 8
74112 70282 73237 36241 62692 46952 53672 5291 
22744 8
74089 72818 62908 45723 58039 8152 21874 68908 
22731 8
74073 52079 33131 49433 46417 10811 43711 32646 
22720 8
74063 53001 36685 1792 73679 8747 57176 11135 
22670 8
74022 37363 59860 39329 61774 714 10573 9676 
22654 8
74008 51815 74009 15683 73918 8398 661 74010 
22629 8
73980 29851 4162 4390 25619 53538 73981 5805 
22617 8
73966 55264 61043 47013 72242 16385 21445 67924 
22600 8
73950 30034 68980 65640 2348 67996 73951 70161 
22585 8
73933 73811 45624 70845 8897 62554 70936 28499 
22477 8
73835 54280 67525 46365 64427 19357 65734 58508 
22442 8
73806 72719 69082 27766 60304 26451 5109 22717 
22371 8
73742 73743 13436 47492 60334 25358 46723 61652 
22359 8
73736 59141 11394 51018 35957 12526 67567 51489 
22193 8
73581 56681 33220 38844 57372 8772 60373 3695 
22134 8
73525 6948 36657 50304 59448 32936 71085 59057 
22104 8
73497 3750 50407 29404 53316 55750 60497 67920 
22078 8
73470 36476 50980 56531 59487 56799 39964 21221 
22005 8
73393 71288 29993 70895 50482 18013 56201 32416 
22003 8
73392 33447 54154 26290 36270 28932 59798 72159 
21897 8
73289 38977 47689 9688 37613 29706 35471 73290 
21739 8
73125 55499 70505 26611 73126 47545 30341 23550 
21664 8
73048 51615 2671 12393 72043 57783 73049 72194 
21584 8
72968 72969 72970 39849 43643 29861 50936 137 
21579 8
72961 16466 41531 63940 19100 24243 46474 72962 
21481 8
72843 42687 62225 72845 64696 44406 12485 42141 
21463 8
72831 64855 44821 25642 68954 64012 66883 12047 
21457 8
72826 9737 7487 58351 47330 38529 11270 44823 
21453 8
72822 9772 14836 64979 17096 56554 67825 72036 
21340 8
72699 72700 43412 10877 59447 15697 20083 41676 
21250 8
72598 15447 28748 5322 20608 48275 26292 25566 
21217 8
72566 3549 11499 63446 31710 344 56721 26015 
21116 8
72464 13755 35818 71567 43127 47799 60225 54418 
21110 8
72456 24539 45396 10624 29789 35642 21810 62077 
21104 8
72449 18312 72450 42679 68772 71622 1511 28988 
21010 8
72338 1149 2431 62280 26487 33196 65703 48974 
20976 8
72302 54961 46758 22635 59434 34966 64103 28037 
20972 8
72296 51939 43944 48948 27352 9555 64893 57646 
20803 8
72119 66472 20554 10784 43620 58892 30838 36244 
20770 8
72085 17412 57078 68226 28666 4401 59769 22757 
20768 8
72082 63797 4742 61563 47642 72083 58776 35869 
20667 8
71952 27642 14315 30945 27406 45989 41750 62036 
20581 8
71854 43149 71856 71512 56138 68777 46376 71857 
20544 8
71814 65496 56373 40807 58303 68061 50451 41033 
20438 8
71694 66427 56229 56094 2870 42550 23020 58298 
20437 8
71691 51800 63824 66944 9214 35099 58748 71693 
20417 8
71672 52823 41013 42663 40266 61578 55221 59907 
20372 8
71630 26504 71094 50072 71631 30059 58425 31347 
20233 8
71466 2084 35657 14445 2841 17254 71467 62639 
20184 8
71410 63381 71411 17181 71412 68409 20108 62945 
20183 8
71409 41247 46340 5022 24658 59553 37186 22706 
20160 8
71377 14953 46856 1828 71378 66223 71379 39522 
20125 8
71337 71338 28990 27414 26117 40969 56004 49412 
20122 8
71336 735 28364 19529 68522 56052 1902 9735 
19925 8
71111 59236 38981 2067 69110 51109 35591 14427 
19887 8
71063 70509 53156 24852 69312 32190 32160 12954 
19829 8
70991 3292 21564 57384 70994 8386 53181 70995 
19812 8
70972 30058 50909 53222 61595 59680 682 45748 
19797 8
70958 15335 26758 53560 52313 60269 65652 70960 
19762 8
70915 92 52191 14590 70916 1286 46038 27617 
19681 8
70817 55753 53138 68710 68749 27539 27555 249 
19652 8
70786 34387 68497 65403 41736 68867 57664 44778 
19542 8
70634 7099 17293 31795 55044 18088 39120 31776 
19385 8
70434 62772 55976 50939 70436 12094 50680 63886 
19372 8
70423 67995 27491 46473 66357 57618 32194 64704 
19338 8
70390 52814 18320 33054 63473 23086 31325 16797 
19327 8
70372 64339 70376 35571 34318 36189 70377 59871 
19177 8
70197 31619 63053 26167 62642 49725 35915 39950 
19147 8
70155 66179 66188 53950 70157 70158 1138 70159 
19136 8
70139 21924 20183 1157 5877 30887 53070 58914 
19107 8
70097 29901 40587 4230 33462 67008 40002 69080 
19094 8
70076 63987 422 20281 8780 70077 49659 14490 
19092 8
70074 21117 48076 56978 53946 55625 9530 45115 
19090 8
70069 70070 67514 28973 50623 70071 70072 66356 
19086 8
70062 70063 20458 26329 11682 43572 48095 19584 
19067 8
70034 2995 29559 47146 69138 1860 26780 69606 
19002 8
69950 56620 27062 36704 67560 32574 7212 68316 
18964 8
69888 40219 69889 25408 8597 57751 64100 38123 
18898 8
69795 45948 18729 4540 69796 11305 34385 5753 
18872 8
69762 23470 34355 38463 10975 12533 58120 9107 
18864 8
69755 29870 23959 24867 46965 69756 42616 9636 
18830 8
69713 54090 10527 5997 69714 69715 10031 45353 
18816 8
69698 26662 69699 52145 27108 48462 62766 14951 
18782 8
69654 35910 22261 68935 16983 60487 27673 35186 
18707 8
69553 57009 13990 38479 59463 66023 33453 69556 
18666 8
69485 38362 15800 8918 19649 69486 13324 55450 
18651 8
69472 3523 19165 69473 58038 21554 69474 40062 
18607 8
69404 54168 51029 48781 25666 50124 66224 57520 
18582 8
69373 69374 69375 15039 53984 59607 13750 5912 
18529 8
69302 4008 65374 53094 20080 54173 42488 59300 
18462 8
69212 31640 59616 24203 33275 43124 31792 69213 
18448 8
69193 52514 68250 30656 11433 49798 61784 61500 
18352 8
69060 10846 22025 62277 47962 28872 69061 48087 
18312 8
69008 52291 28387 7588 61820 29794 47810 31398 
18306 8
68997 68998 18678 62406 3188 32426 21365 59357 
18283 8
68965 6831 68966 25553 32467 62324 1463 36214 
18272 8
68950 61035 68951 44391 61551 25775 40088 50309 
18226 8
68868 59782 68869 19385 68870 36595 68072 16435 
18099 8
68691 63980 48319 53899 49355 33855 68692 52288 
18066 8
68652 38139 16711 45240 63417 185 68653 60728 
18050 8
68630 36935 53144 54853 50265 60305 58648 6146 
17999 8
68556 43574 6929 63978 68558 21873 19782 5320 
17932 8
68456 46472 49235 2452 36254 6457 1474 29411 
17872 8
68365 33444 5910 62750 14553 5705 68366 32688 
17804 8
68264 14485 16176 59088 24897 95 37421 68265 
17790 8
68239 21804 23327 12056 68240 68241 33634 58236 
17660 8
68036 35290 26674 60406 68037 61821 65442 41577 
17639 8
67998 67999 43500 61501 9085 68000 3380 68001 
17561 8
67867 21525 6845 50137 25035 42515 5972 67869 
17553 8
67850 67852 2174 59773 27632 67853 39870 4145 
17550 8
67847 65605 63007 67848 67849 46106 7438 21984 
17462 8
67705 64588 30073 58955 25897 67706 67707 16380 
17449 8
67687 67688 24861 33892 55554 67689 12958 59298 
17437 8
67669 29030 67671 42684 51014 40610 20559 35518 
17421 8
67648 39053 67650 43227 4864 66053 16053 47881 
17246 8
67404 63766 47859 66170 40718 13620 59179 21409 
17245 8
67399 15037 67401 67402 67403 48101 60223 67007 
17184 8
67304 5747 28859 67305 16100 32140 67306 45907 
17076 8
67128 6495 42979 19210 57963 7482 67129 46446 
17016 8
67028 31864 34700 62271 9140 15772 11716 21764 
17014 8
67025 67026 40553 13488 6233 5520 33904 28112 
16930 8
66891 11876 21411 8141 36088 749 34727 62673 
16920 8
66879 42093 10895 66880 66881 17914 54245 1887 
16908 8
66858 16500 64209 38572 31786 60263 1430 12169 
16905 8
66851 66853 26445 58729 47457 48796 53680 58180 
16895 8
66831 44228 29609 5646 23261 60136 9826 19923 
16893 8
66829 1857 66830 22262 12225 20226 26666 2492 
16887 8
66820 20506 6825 28573 60762 22844 66821 59735 
16874 8
66803 63633 6319 6212 16228 49716 65664 16862 
16835 8
66739 57931 13240 49253 66741 15570 12642 21470 
16732 8
66588 57418 66589 49538 14980 57638 18857 15160 
16688 8
66509 1256 46399 24246 66510 42590 66511 23508 
16681 8
66496 18940 36257 17969 6038 32497 45698 43061 
16499 8
66167 48675 30440 25955 4077 10423 64568 47133 
16485 8
66143 63576 23702 65650 47705 6167 66147 31997 
16475 8
66125 54808 2006 50352 23384 63953 9430 27290 
16441 8
66054 47262 66056 65299 55677 21461 66057 54619 
16427 8
66029 14298 66030 66031 40862 1583 22763 66032 
16333 8
65855 25530 65856 27502 10755 59917 65857 40995 
16292 8
65789 8964 45982 65790 22507 58986 15483 57011 
16247 8
65709 51113 26377 45972 13761 48288 65711 27535 
16156 8
65523 63281 54298 40279 37334 63577 29357 61799 
16073 8
65358 65361 65362 65363 9340 36305 15451 19382 
16062 8
65331 65332 65333 16187 62380 46026 65334 61266 
16042 8
65291 35750 26406 27946 60807 42218 6882 4568 
15996 8
65200 25052 18602 37326 62921 65201 6151 43451 
15992 8
65191 49837 65192 38765 41624 9694 44425 65193 
15909 8
65045 9424 23757 8680 65046 60792 31740 65047 
15904 8
65038 32500 5507 57072 65039 22857 59608 19116 
15888 8
65007 65008 61558 62117 62349 65009 20055 51906 
15780 8
64811 17292 40161 25730 998 45336 57293 20198 
15729 8
64713 54516 13209 62953 64715 64716 64717 64718 
15711 8
64684 33601 63625 4627 35631 59940 55158 20191 
15642 8
64546 53791 64547 56231 2319 4458 40138 34062 
15641 8
64544 52889 12988 45186 9689 41629 22661 64545 
15470 8
64197 52973 64198 41373 23111 64199 64200 61391 
15461 8
64185 7702 56472 1898 41549 34039 44266 32457 
15456 8
64176 64177 64178 44356 37539 33136 41778 42566 
15406 8
64072 64073 64074 64075 55245 54208 28853 64076 
15357 8
63957 63960 54071 63961 63962 9047 55267 56431 
15324 8
63892 63893 890 20556 63894 32719 35744 55877 
15245 8
63722 24060 11432 63724 61376 46543 54389 4005 
15217 8
63659 63662 31595 63663 42346 585 33118 57187 
15148 8
63524 54954 56912 56743 28677 17019 42678 32195 
15130 8
63490 24242 63491 46227 4737 24416 15736 44462 
14967 8
63150 63153 61809 42405 44364 45928 63154 57496 
14947 8
63104 63109 14700 451 9388 40600 13703 22600 
14941 8
63089 4870 45667 58139 63093 53177 63094 27911 
14913 8
63037 63040 19223 16211 46983 29458 63042 46247 
14901 8
63010 63011 48826 51553 12994 15278 63012 50221 
14848 8
62897 50765 11910 58763 36390 48047 18505 331 
14837 8
62873 62877 18544 45461 62878 53525 18053 60408 
14815 8
62819 62821 35759 7785 23532 57248 30892 62822 
14811 8
62809 46156 62811 13771 32584 43490 60843 43013 
14743 8
62670 3407 51097 62674 41558 41912 52838 28232 
14740 8
62666 62667 41071 9371 40539 42279 62668 51096 
14726 8
62632 7717 16540 59859 19762 54304 39198 62633 
14620 8
62402 45160 39207 62403 7328 62404 62405 28410 
14567 8
62278 62282 51259 22307 17136 41070 55051 62283 
14447 8
61996 62000 19292 60783 36277 370 44038 62001 
14380 8
61846 56041 23506 61847 61848 30719 6744 59126 
14330 8
61731 43160 47429 26908 46444 14318 12923 61732 
14262 8
61576 49660 25725 61118 61577 54151 57766 21518 
14178 8
61399 61400 61401 61402 51943 61403 29897 61404 
14118 8
61268 47688 14277 61269 21297 50955 19451 61270 
14082 8
61198 48346 16851 17008 12504 52985 14619 61199 
14074 8
61185 10119 56164 27077 52027 33528 5665 17514 
13977 8
60948 60950 27351 21799 46022 14815 37622 26311 
13932 8
60844 6511 31258 9560 5964 49835 9562 15208 
13929 8
60838 28617 53541 5365 60839 44379 43550 26409 
13921 8
60819 60820 60821 4550 44737 28915 59722 54021 
13810 8
60565 60566 60567 60568 60569 51239 13142 59528 
13712 8
60358 871 56941 16227 55784 33142 60359 60360 
13635 8
60171 14594 60173 3167 35660 16433 47033 42802 
13623 8
60141 26064 37309 22637 60144 42873 60145 32601 
13616 8
60124 60125 60126 52457 32075 7974 60127 60128 
13596 8
60074 44668 1217 57142 18809 12538 60075 60076 
13524 8
59903 44092 10121 7138 59904 5441 47357 49255 
13456 8
59731 52450 59732 49143 47722 36695 11045 59733 
13361 8
59485 59489 18948 23272 11143 5029 55648 38941 
13161 8
58989 28171 8573 58992 58993 58994 58824 13573 
13057 8
58727 58731 58732 17554 52342 43220 50608 58733 
12946 8
58437 32344 58438 20614 24609 58439 57139 7756 
12883 8
58284 24638 58286 58287 58288 56270 15593 22408 
12793 8
58066 57689 55573 51431 58069 30229 27380 21558 
12761 8
57986 55430 44201 16542 16610 29071 52870 16991 
12733 8
57914 34071 44614 57917 3831 31934 11153 28207 
12653 8
57713 34076 16793 511 41284 39865 57716 43380 
12571 8
57521 24171 34897 57525 41128 57526 27086 9457 
12546 8
57464 26922 21818 27732 36727 57465 5884 4451 
12503 8
57361 56988 42652 12497 57362 1774 45646 31133 
12469 8
57258 49541 32447 48820 53422 34448 57264 42627 
12446 8
57198 22718 57199 38522 57200 31749 53887 408 
12426 8
57145 38035 41663 34958 57146 35775 19774 32488 
12234 8
56629 22997 56630 56631 52944 21096 56632 8068 
12224 8
56610 56611 30420 45094 38326 13945 5329 10906 
12208 8
56562 41639 51150 54546 40533 34115 56563 3684 
12095 8
56246 56249 10631 33003 17799 23555 27069 38369 
12075 8
56199 20721 33390 56202 45369 1750 52981 56203 
11945 8
55838 28745 55841 45961 53366 54101 45958 46682 
11923 8
55775 55779 55780 48248 54391 35293 45807 12643 
11919 8
55759 55764 10319 55765 47223 8766 622 55766 
11863 8
55602 16243 53987 55605 1883 55606 6417 55607 
11826 8
55510 54934 16082 38143 46887 1422 45909 55511 
11806 8
55454 55455 48884 55456 17561 37757 55457 55458 
11799 8
55435 47817 34664 21704 22696 12972 35143 55438 
11792 8
55416 50729 28852 39526 2668 55417 31055 49002 
11775 8
55362 55367 24121 33348 45268 17665 21811 55368 
11720 8
55206 15701 20082 55208 9496 39589 37461 55209 
11714 8
55192 25705 33570 55193 55194 22123 55195 55196 
11673 8
55078 22561 27013 15696 38276 28583 2163 7395 
11634 8
54965 54966 54967 54968 45019 51828 52158 54104 
11627 8
54940 54944 13152 38871 37263 54945 54946 54246 
11560 8
54763 15172 41201 7249 54764 54765 29855 54766 
11509 8
54627 20916 54629 37152 37998 54630 53695 54631 
11457 8
54458 32473 6496 54460 16467 50486 54461 54462 
11440 8
54419 23943 35952 13511 54420 53477 28002 39042 
11329 8
54081 57 54085 54086 54087 20159 54088 46577 
11305 8
54007 27607 24707 2065 49927 54010 54011 52047 
11217 8
53749 53753 1973 23520 25660 53754 52084 28488 
11178 8
53632 53633 28348 6803 53634 29268 731 28642 
11126 8
53480 7887 18072 50039 22808 19 53481 53482 
11096 8
53381 48464 53382 12743 48171 53383 53384 49618 
11074 8
53322 25512 38666 53323 32693 50330 53324 53325 
10954 8
52946 52947 34182 16389 52948 30486 52949 23233 
10913 8
52822 40487 34123 47877 52825 22958 52826 52827 
10893 8
52751 52754 52755 379 36041 51659 12633 52756 
10802 8
52463 36295 52464 44681 52465 36421 41042 52466 
10782 8
52410 10946 31213 15174 8213 21413 26096 52411 
10740 8
52284 52285 51236 49779 12621 5190 33315 9536 
10671 8
52061 39014 52063 52064 52065 52066 35172 52067 
10589 8
51799 51804 45992 25130 47987 31448 51805 51806 
10585 8
51786 51789 51731 8805 21034 32828 51790 21875 
10580 8
51771 19488 8557 51774 51775 51776 45085 11461 
10536 8
51625 51626 20389 24556 22450 51627 51628 51629 
10530 8
51605 51606 51503 34539 51607 44017 51608 48507 
10518 8
51566 51567 51568 46686 2183 30845 51569 12194 
10480 8
51452 51453 51454 51455 51456 1036 34194 51457 
10449 8
51341 51344 42499 51345 51346 19128 35595 22917 
10399 8
51166 47423 41154 4181 13463 438 29042 51171 
10369 8
51058 35857 51062 51063 48027 51064 45004 41200 
10218 8
50578 9964 13654 50579 50573 44556 8445 50580 
10076 8
50106 14079 50107 50108 46366 50109 50110 50111 
9946 8
49679 49680 36973 49681 49682 34913 49683 37145 
9941 8
49663 47416 13321 35084 7620 49666 19625 21876 
9917 8
49572 32375 9999 49575 49576 49577 19162 25663 
9848 8
49345 49346 49347 49348 49349 24853 30432 49350 
9758 8
49061 49062 49063 49064 22508 9904 44895 44937 
9540 8
48309 48310 20398 37438 1717 48311 9513 48312 
9525 8
48255 20747 48260 48261 21902 43791 9947 48262 
9481 8
48112 37777 48115 28383 36886 27672 48116 29397 
9398 8
47824 47825 47826 47827 28886 47828 38359 47829 
9357 8
47687 13655 47692 31407 15221 47693 43492 39641 
9330 8
47595 47596 483 5450 7476 24817 47597 47598 
9309 8
47518 17558 47523 47524 40666 27899 11683 47525 
9273 8
47388 47391 47392 19671 47393 47394 11608 45753 
9105 8
46788 36091 23139 46791 45521 46792 46793 24945 
9060 8
46635 16829 40216 14422 28892 24218 46636 46637 
9000 8
46424 40508 46425 6575 39059 33509 43398 46426 
8957 8
46258 14998 32998 46261 39818 46262 30861 45172 
8938 8
46191 11749 10175 46192 46193 2114 46195 46197 
8937 8
46186 41381 46189 46190 33065 39401 20321 36528 
8860 8
45895 32946 45043 5409 45896 45897 45898 45899 
8740 8
45467 45468 15702 45469 6934 45470 45471 10563 
8733 8
45435 45438 32216 43258 45439 45440 11108 23357 
8605 8
44939 44941 44942 6540 42203 44943 44944 44945 
8600 8
44924 34091 6451 44925 27042 44926 23417 17745 
8493 8
44520 44522 15512 44523 44524 44525 12836 44526 
8488 8
44510 40133 37135 44511 14830 44512 8041 44513 
8464 8
44415 44416 44417 44418 44419 44420 44421 44422 
8370 8
44062 44063 43467 44064 39866 11780 24268 18449 
8335 8
43915 40978 13935 43640 43920 43921 43922 43923 
8321 8
43850 20734 43854 3646 36689 43855 43856 43857 
8296 8
43754 37255 43755 26622 43756 36072 42847 43757 
8295 8
43745 43749 43750 23201 35885 43751 43752 43753 
8252 8
43589 39101 10266 12092 43590 2906 6053 43591 
8170 8
43267 27466 43268 41434 21147 43269 43270 38270 
8164 8
43242 510 36231 43243 32832 43244 43245 40947 
8085 8
42917 42921 42922 4120 9902 2946 42925 42926 
8053 8
42799 42803 37885 33229 1247 42805 42806 42807 
7942 8
42350 23128 39454 13172 39756 42351 42352 42353 
7920 8
42262 42263 42264 17512 42265 19700 42267 42269 
7882 8
42110 42111 35664 31790 5690 15258 40203 42112 
7856 8
42008 42009 39477 42010 35789 42011 42012 26546 
7849 8
41974 41980 41981 41982 35292 41983 41984 5060 
7844 8
41956 41957 63 41958 18862 41959 5149 41960 
7780 8
41700 16042 41701 16222 31118 29051 18294 29713 
7669 8
41246 41251 39061 2066 41252 5253 36728 18683 
7514 8
40635 40636 22347 13965 31012 40637 40638 11856 
7512 8
40628 2652 40629 40630 32050 40631 40632 20186 
7435 8
40295 40301 38741 40302 40303 34010 40304 40305 
7409 8
40185 40188 40189 38363 25283 9208 5673 40190 
7377 8
40063 40067 40068 40069 40070 21475 40071 40072 
7271 8
39630 39634 20313 39635 30385 31095 37407 39636 
7259 8
39573 39577 25254 39578 39579 35446 39580 39581 
7080 8
38861 38862 38863 27289 38780 34441 38864 33580 
7066 8
38797 38798 38799 19318 38800 38801 38802 38803 
6955 8
38297 38302 19609 38303 38304 11132 38305 38306 
6883 8
37984 37988 3344 37989 37990 37991 34121 15608 
6736 8
37314 37315 37316 21200 37317 16195 37318 33763 
6665 8
36995 403 36999 37000 27389 37001 37002 20178 
6579 8
36618 33853 36622 17700 36415 36623 36624 36625 
6544 8
36470 36471 36472 20656 36473 36474 13067 36475 
6542 8
36459 36460 36313 36461 36462 36463 36464 25812 
6528 8
36396 16546 36397 36398 36399 36400 36401 36402 
6442 8
36009 36010 36011 36012 36013 27776 17601 35489 
6313 8
35436 9414 17825 29151 35441 21929 28132 35442 
6305 8
35394 35400 35401 12250 35402 35403 7859 35404 
6300 8
35376 35377 35378 35379 35380 25003 35381 35382 
6204 8
34961 5819 34962 24921 28423 23882 15967 32837 
6199 8
34932 34937 34938 17791 34939 34940 34941 31025 
6145 8
34715 3503 10525 34718 34719 18669 34720 34721 
6132 8
34657 34658 15142 34659 34660 34661 32301 34662 
6119 8
34587 34593 34594 34595 34596 6587 34597 34598 
6113 8
34556 27265 34561 34562 34563 34564 34565 34566 
6051 8
34279 34283 34284 33330 17675 34285 34286 34287 
6011 8
34100 34106 18965 34107 34108 34109 34110 34111 
5934 8
33754 19441 33755 16078 33756 33757 33758 33759 
5839 8
33298 33304 8341 33305 5058 33306 26909 33307 
5835 8
33277 33282 33283 33284 25614 33285 33286 33287 
5816 8
33182 33183 13286 31739 33184 33185 33186 5791 
5693 8
32616 32622 10605 32623 28676 32624 32625 23147 
5680 8
32554 32555 3294 32556 32557 32558 32559 32560 
5676 8
32532 32533 32534 32535 962 31662 32536 32537 
5491 8
31642 31644 31645 22532 31646 31647 30400 30553 
5429 8
31353 31358 31359 31360 31361 31362 693 20905 
5393 8
31182 20872 31189 28243 31190 31191 31192 10005 
5385 8
31146 30731 31153 31154 31155 16415 276 24431 
5380 8
31122 31123 21805 31124 31125 31126 31127 31128 
5290 8
30687 30688 26091 30689 18132 30690 28103 30691 
5285 8
30657 30664 30665 10863 30666 6572 30667 30668 
5252 8
30497 424 30498 30499 30500 30501 30502 30503 
5234 8
30405 2297 30406 19211 30407 30408 30409 30410 
5199 8
30235 30240 30241 30242 30243 30244 19330 5687 
5197 8
30225 30230 8280 30231 30232 30233 30234 7214 
5116 8
29835 29836 29837 29838 18897 9360 29839 29840 
5041 8
29445 3362 26005 29451 29452 29453 29454 13414 
5035 8
29413 29420 843 29421 16400 23172 29422 23125 
5016 8
29330 26661 25414 29331 29332 10534 29333 17527 
4971 8
29100 25029 29105 29106 22636 29107 29108 29109 
4945 8
28971 5831 28978 28979 28980 24642 28981 28982 
4854 8
28519 28520 28521 28522 28523 28524 28525 28526 
4839 8
28446 9002 19741 28450 28451 28452 28453 28454 
4765 8
28089 28096 28097 28098 28099 28100 22282 24731 
4720 8
27879 27880 27881 27882 27883 27884 27885 27886 
4713 8
27845 27849 11036 27850 27851 27852 27853 27854 
4539 8
26957 7759 26960 19748 26961 26962 26963 26964 
4336 8
25906 25907 25908 6293 25909 25910 25911 25912 
4329 8
25866 25869 25870 475 25871 25872 8508 25873 
4323 8
25835 3053 25841 25842 5083 17404 25843 25844 
4273 8
25584 25589 598 25590 25591 25592 25593 23054 
4252 8
25485 25486 25487 25488 25489 25490 25491 25492 
4180 8
25111 25112 25113 25114 25115 12718 25116 25117 
4105 8
24732 18325 3100 24734 24736 11657 380 24738 
4101 8
24711 24716 24717 24718 24719 24720 24721 24722 
4063 8
24506 24511 24512 24513 24514 10056 19124 24515 
4057 8
24467 24473 24474 24475 24476 24477 24478 24479 
4006 8
24208 24209 19982 24210 7705 6332 24211 24212 
3992 8
24133 218 24134 24135 24136 24137 15459 24139 
3964 8
23988 20023 23989 23990 23991 12423 23992 23993 
3959 8
23958 23963 23964 12962 20766 23965 3784 5752 
3923 8
23769 23774 23775 22837 23776 23777 23053 23778 
3802 8
23149 23150 2015 23151 7146 23152 2165 23153 
3756 8
22896 22897 22898 22899 22900 22901 22902 22903 
3755 8
22887 3844 22893 2575 22894 22895 11 20306 
3652 8
22323 22324 22325 22326 22327 22328 22329 22330 
3605 8
22067 22071 22072 22073 22074 22075 22076 2993 
3587 8
21962 21968 21969 21970 21971 8032 21972 21973 
3528 8
21651 21652 21653 21654 21655 21656 21657 21658 
3452 8
21244 18761 9624 1863 21245 21246 4304 21247 
3372 8
20802 20803 20804 18571 20805 20414 20806 20807 
3176 8
19719 19720 19721 19722 19129 19723 9405 19724 
2948 8
18438 18439 18440 18441 12858 18442 18443 18444 
2917 8
18246 18251 18252 18253 18254 18255 18256 18257 
2912 8
18224 18225 18226 15824 18227 18228 18229 18230 
2837 8
17801 7645 17807 17808 17809 17810 11408 17811 
2833 8
17777 17783 17784 17785 14071 17786 12995 17787 
2819 8
17698 17704 17705 17706 17707 17708 7169 17709 
2764 8
17394 17395 3725 17396 17397 17398 17399 17400 
2691 8
16967 16974 16975 16976 16977 16978 16979 4921 
2655 8
16755 16762 16763 16764 16765 11590 16766 16767 
2577 8
16314 16318 16319 16320 16324 5336 16325 16326 
2485 8
15782 14952 15788 15789 15790 15791 15792 15793 
2394 8
15234 15235 15236 15237 15238 15239 15240 15241 
2362 8
15048 15049 605 15050 15051 15052 15053 15054 
2353 8
14984 14991 14992 14993 14994 14995 96 14996 
2254 8
14393 14394 14395 14396 14397 14398 14399 14400 
2137 8
13684 13690 13691 13692 13693 13694 13695 13696 
2108 8
13535 13471 12844 6230 13536 8822 13537 13538 
2090 8
13428 13429 7124 13430 13431 11613 13432 13433 
2089 8
13416 13421 13422 13423 13424 13425 13426 13427 
2057 8
13219 13226 13227 13228 13229 13230 13231 13232 
2051 8
13187 13191 11734 7977 13192 13193 13194 13195 
1995 8
12854 12860 10501 12861 9682 12862 12863 12864 
1968 8
12697 12698 12699 12700 12701 12702 8085 12703 
1898 8
12270 12271 12272 12273 12274 12275 9978 12276 
1794 8
11636 11637 5590 11638 11639 11640 11641 11642 
1777 8
11529 11534 11535 11536 11537 11538 11539 11540 
1684 8
10964 10965 4193 10966 10967 10968 10969 10970 
1683 8
10952 10957 10958 10959 10960 10961 10962 10963 
1619 8
10559 10564 10565 10566 10567 10568 3289 10569 
1562 8
10229 10230 10231 3178 10232 4224 1893 10233 
1520 8
9967 9968 9969 9970 9971 7121 9972 9973 
1486 8
9758 9759 9760 9761 9762 9763 9764 7573 
1333 8
8789 8794 8795 8796 8797 8798 8799 8800 
1260 8
8322 8323 8324 8325 8326 8327 8328 8329 
1193 8
7892 7899 7900 7901 7902 7903 7904 7905 
1155 8
7648 7654 5524 7655 7656 4353 7657 7051 
1114 8
7396 7397 7398 7399 7400 7401 7402 7403 
1096 8
7277 7278 7279 7280 7281 7282 7283 7284 
1089 8
7228 7233 7234 7235 7236 7237 7238 7239 
1041 8
6917 6923 4470 6924 6743 6925 6926 6927 
951 8
6328 6334 6335 6336 6337 6338 6339 6340 
878 8
5852 5853 5854 5855 5856 5857 5858 5859 
634 8
4254 4255 4256 4257 4258 4259 4260 4261 
586 8
3931 3932 3933 3934 3935 3936 3937 3938 
326 8
2214 2215 2216 2217 2218 1396 2219 2220 
281 8
1903 1910 1911 1912 1913 1914 1915 1916 
250 8
1700 1701 1702 1703 1704 1705 1706 1707 
191 8
1296 1302 1303 1304 1305 1306 1307 1308 
121 8
820 827 828 829 830 831 832 833 
103 8
697 704 705 706 707 708 709 710 
80 8
550 551 552 553 554 555 556 557 
29990 8
78595 28755 37537 39344 16143 73413 70989 59191 
29967 8
78583 14253 55968 64847 52778 1346 48447 29856 
29839 8
78519 45130 65285 41394 36596 70381 14117 8320 
29797 8
78498 63552 22333 56649 57250 54587 74421 20456 
29636 8
78418 33957 2986 53121 62495 69426 56197 18782 
29616 8
78408 44330 68234 72468 74637 68223 11766 43551 
29600 8
78400 67203 52435 10783 36135 75036 4908 64675 
29594 8
78397 56221 54082 31590 26719 26850 35601 75141 
29495 8
78347 18416 53602 9205 17878 21927 77134 19805 
29485 8
78342 45553 43439 18643 38012 9039 59470 68235 
29477 8
78338 363 41409 14697 70337 44344 31539 64101 
29399 8
78299 51077 67695 14032 41863 19536 17615 10413 
29283 8
78240 48391 47555 61245 67232 57183 68802 74517 
29275 8
78236 32724 35764 56766 69935 70073 38018 4900 
29133 8
78165 67456 53405 26162 30090 6638 34728 10764 
29101 8
78149 55234 30316 39772 75809 47331 34794 17101 
29094 8
78146 54036 37456 20926 71189 30907 68500 48124 
29076 8
78137 66793 13841 59995 41634 62997 74798 72681 
28809 8
78003 19334 77331 32079 36687 74526 21904 11667 
28672 8
77934 51228 54261 43824 32806 47115 50285 56458 
28666 8
77931 73073 44606 42209 71061 9126 68698 22840 
28654 8
77924 43680 64508 15064 41063 27981 15068 7039 
28640 8
77917 74369 39351 50326 5593 68055 29577 54368 
28603 8
77897 29709 57301 28704 66150 66312 67328 35229 
28550 8
77871 29077 17797 62882 50239 73010 3572 57666 
28440 8
77814 72383 63912 47095 22128 26954 37746 15034 
28415 8
77800 63958 72628 76771 27576 49496 71714 4217 
28402 8
77794 26165 54717 35605 66142 47789 21497 30740 
28351 8
77768 60904 48049 48887 70980 9683 31101 76077 
28343 8
77764 72097 40686 4842 13656 18003 41580 33160 
28335 8
77760 8608 467 51633 68502 2675 67354 9173 
28288 8
77736 74002 21866 28210 19564 61798 48025 70093 
28233 8
77707 5498 67553 22020 19541 43002 58706 10045 
28212 8
77696 42403 32267 67355 75846 31345 67384 48281 
28137 8
77657 71306 75218 42122 49344 67087 65035 10730 
27954 8
77564 20052 31912 20996 68412 16739 48330 45485 
27942 8
77557 39811 62276 40322 53140 72866 65680 33449 
27939 8
77555 70973 59460 53253 65274 48399 66039 21170 
27897 8
77534 28637 56137 25228 67131 48519 54113 56670 
27881 8
77525 58468 31052 59592 64729 30256 26073 1888 
27873 8
77521 15517 73266 55977 69558 12888 13446 47091 
27801 8
77483 8330 32168 42974 58059 37925 58402 23220 
27768 8
77467 47547 48799 66103 61844 15981 45395 10444 
27763 8
77464 56265 38132 5620 65723 72878 76310 21760 
27572 8
77362 63643 378 49786 18649 74720 69685 26107 
27564 8
77357 30592 65466 46188 30276 37440 70851 11833 
27536 8
77343 58022 74321 41160 45742 29320 38407 75469 
27511 8
77329 37858 66910 42967 20222 61294 10899 36113 
27500 8
77323 61116 2889 22530 66232 52834 47129 76235 
27483 8
77314 18341 67702 67448 32835 46877 40291 51474 
27247 8
77184 72390 261 20818 72770 40799 30318 60931 
27147 8
77126 14805 9619 50153 30562 3328 60553 59326 
27075 8
77089 31999 71292 52697 18724 31941 2724 44410 
26990 8
77044 29902 47071 34397 60994 14988 7127 869 
26887 8
76982 48196 42329 71236 8166 16234 46609 3843 
26825 8
76943 62754 48624 26475 24818 47564 31913 65875 
26798 8
76928 2353 59882 13845 15438 29620 65716 56233 
26791 8
76924 43723 36564 52996 34548 28518 41881 62981 
26740 8
76894 76503 25706 10184 49812 69016 63971 36469 
26697 8
76867 66490 68579 41724 76868 52494 70697 50575 
26688 8
76863 35128 55127 48844 7160 53522 58757 17295 
26672 8
76853 68314 76854 36987 35618 69340 14645 47325 
26522 8
76772 67278 15209 53957 8 72304 41064 34138 
26518 8
76768 20407 55644 76769 55920 28301 67071 27543 
26509 8
76763 53601 24236 65013 4859 33908 46380 69743 
26287 8
76633 37450 35196 68464 55363 62303 134 9917 
26272 8
76625 57274 42673 72099 75536 41052 65599 57366 
26253 8
76612 30257 57253 60038 43311 44363 39098 30598 
26230 8
76599 46586 59366 64727 39597 28328 2832 61151 
26226 8
76596 15959 43340 26147 45187 10043 70869 24832 
26154 8
76551 61349 30954 35980 4087 68641 49149 11913 
26103 8
76521 69547 39066 49238 68548 11622 20449 72923 
26012 8
76467 17035 45472 37566 33472 74135 43248 44380 
25999 8
76458 6359 58088 40093 22079 22170 18620 67468 
25922 8
76411 65799 57663 23491 4849 64124 50854 67209 
25895 8
76397 31381 16677 48936 28476 29019 33045 60616 
25821 8
76348 4033 4775 54064 75123 28579 54859 44917 
25817 8
76344 65166 27171 20892 51955 73771 34580 14059 
25685 8
76260 76262 58382 15390 64589 69890 64502 68478 
25577 8
76186 28181 74047 52515 37631 46386 39819 19516 
25540 8
76165 18044 8135 3956 1730 24483 58836 30219 
25475 8
76125 54235 56888 14075 26211 23818 47514 41422 
25472 8
76124 59498 23403 56336 21150 72084 68583 13863 
25438 8
76102 43638 65942 57484 65397 7597 53714 59171 
25409 8
76082 41915 10409 2424 72185 54888 44746 63812 
25337 8
76032 25151 35782 48057 34319 11387 62208 32644 
25325 8
76024 73976 42422 47855 71342 2577 59128 45407 
25241 8
75966 75760 1587 38414 66824 73930 7739 48754 
25178 8
75924 73181 56391 59573 25501 42969 3803 49918 
25151 8
75907 66422 52455 75025 60541 72094 43664 73008 
25142 8
75902 62634 64904 23580 62518 10923 6971 19130 
25120 8
75887 59350 13763 59822 59052 13259 51662 75888 
25046 8
75832 28291 37970 40943 38819 19492 58552 67581 
25021 8
75815 44999 24949 34614 59305 75816 31609 31757 
25017 8
75813 1122 68267 50801 55729 19037 43239 7471 
25004 8
75804 55137 40398 63038 6295 54364 5622 57587 
24953 8
75765 64222 28480 32352 8867 71374 37465 45681 
24894 8
75727 59420 56497 38059 75728 37405 63558 37455 
24881 8
75718 505 22855 47818 35905 9422 72026 13031 
24842 8
75690 44796 55133 182 28773 68251 70824 10333 
24829 8
75680 3751 39762 36889 75681 63716 71181 13672 
24816 8
75671 31880 58922 64754 75672 27859 47550 57932 
24784 8
75647 14094 32366 13649 29396 38210 3405 18978 
24762 8
75633 52375 43292 22923 14070 5213 30578 32106 
24708 8
75592 73944 15928 31247 45068 68006 69520 48181 
24623 8
75538 62729 34814 56682 29885 59396 8282 42165 
24561 8
75494 73354 29682 44031 22851 50209 74871 38768 
24538 8
75478 34013 38281 70242 26496 12970 7406 65679 
24526 8
75470 71521 54628 43778 67745 63529 44339 50732 
24500 8
75451 66953 38410 64548 43576 12159 58847 11850 
24449 8
75413 18028 66268 28639 8689 63364 61119 49492 
24436 8
75406 5081 281 36006 50544 70780 50571 46241 
24378 8
75365 6299 1741 43512 63533 47777 569 6885 
24303 8
75314 3016 273 34498 4631 20018 4476 17437 
24249 8
75274 32088 70676 5105 31254 54740 65173 12010 
24245 8
75272 50462 18278 801 13702 55763 29893 38523 
24211 8
75251 40922 72161 62522 27262 65529 2874 14463 
24180 8
75228 59847 68542 5902 22165 66799 58028 48206 
24169 8
75219 56481 32413 65135 43349 35407 31009 51448 
24159 8
75212 69730 56614 38016 61815 837 71666 2102 
24140 8
75200 25366 53829 46994 31149 32282 58852 16643 
24093 8
75162 52752 13881 9123 63689 10607 32086 7187 
24065 8
75138 7684 58997 30062 30964 71500 20320 57992 
23992 8
75089 48946 70706 58122 75090 72653 51527 35568 
23924 8
75043 21755 62889 8211 10663 16713 69464 2851 
23802 8
74946 50267 5979 62920 45478 59730 72280 56652 
23724 8
74890 73071 62482 43230 56950 74891 39644 32686 
23666 8
74836 12967 62269 34634 28991 74231 35222 63578 
23653 8
74824 49049 41910 62860 24077 74646 61499 17703 
23593 8
74772 8965 17756 19386 50038 24939 17321 8849 
23466 8
74683 10156 47973 12118 39003 33416 33402 51409 
23412 8
74639 5585 19938 39701 55616 44496 72505 60864 
23388 8
74622 36148 66978 24413 65341 19054 34357 15724 
23333 8
74581 41834 54290 13010 40338 35305 19140 62814 
23314 8
74569 25801 58998 53597 70231 48044 74570 30546 
23136 8
74425 44947 14470 65297 65908 30972 17410 5844 
23117 8
74408 45699 66611 65979 71242 73027 65657 31996 
23107 8
74400 11393 68831 41419 64420 63818 72601 26051 
23017 8
74325 38222 20648 34455 43809 44143 38747 36651 
22953 8
74268 12075 32897 18999 73929 31945 74269 65066 
22750 8
74095 74096 61129 49954 47263 18594 22465 44948 
22748 8
74093 72946 21457 21884 46708 4877 51008 47209 
22737 8
74081 65885 15984 22877 74082 170 42641 35834 
22706 8
74049 41327 55082 7498 74050 39742 66069 15035 
22686 8
74034 51425 39035 63970 59022 72608 17112 74035 
22680 8
74029 35890 74030 56405 55636 43875 47346 61573 
22677 8
74027 68519 41626 15479 57068 20997 50598 64951 
22591 8
73938 28923 63981 18310 37980 4918 19865 20757 
22507 8
73857 61714 22870 48547 21474 66095 17945 1713 
22481 8
73837 63387 12139 4701 24470 62948 43347 54048 
22388 8
73758 42432 24769 21309 64803 58394 22207 70636 
22346 8
73727 30880 8940 65194 19756 4668 49222 73728 
22306 8
73698 69297 15561 68138 69304 43852 13765 29812 
22279 8
73669 34378 67376 71850 15837 51523 73671 40253 
22275 8
73667 71332 58589 71122 30211 46338 56414 32854 
22241 8
73633 66097 27828 70111 73635 33243 58454 41176 
22133 8
73523 55089 49513 73524 16936 41944 51165 47578 
22075 8
73467 63966 835 25158 30496 40212 68973 28831 
22071 8
73464 47957 42528 7262 32981 56961 16653 2913 
21995 8
73384 42334 19017 60509 66372 14692 36038 64421 
21975 8
73360 73361 71934 19880 58647 19138 42726 43197 
21842 8
73233 4485 11168 17699 39040 60934 62376 27244 
21830 8
73221 70830 5358 27840 17995 58211 43006 37328 
21799 8
73188 27448 52073 23741 42786 30528 73189 70254 
21778 8
73168 26402 32659 23686 6820 25748 38229 10711 
21760 8
73148 18865 30267 37194 32054 22214 45037 72895 
21755 8
73141 68228 50044 34117 16528 20527 37482 29850 
21693 8
73081 60063 55535 35661 43989 70564 16426 34798 
21688 8
73076 8259 29472 5267 65172 63670 52770 66549 
21649 8
73026 20259 46711 33123 5174 2132 73030 45281 
21645 8
73024 69405 70420 31316 2738 18658 58629 11486 
21636 8
73017 72723 30956 49211 2150 42366 66960 38034 
21572 8
72953 14936 41646 418 33115 63806 57660 42958 
21524 8
72901 30692 36067 21757 64930 14130 72902 63853 
21518 8
72892 46566 68739 35198 72893 26449 41666 72894 
21415 8
72778 26892 40382 18679 5411 72780 48426 36547 
21356 8
72716 4128 36118 48841 1493 22384 19404 17979 
21336 8
72693 30555 72694 42129 68191 43101 72695 56097 
21278 8
72639 52321 54187 44501 39181 24016 57753 55820 
21201 8
72553 56992 55424 4565 23423 57394 39936 63976 
21151 8
72495 3399 45926 22847 52790 67617 51025 72497 
21100 8
72445 23771 72381 3208 13527 68370 47134 72446 
21068 8
72409 53306 67841 48908 56166 49083 24042 68454 
21060 8
72403 45492 13441 63030 20135 28721 49569 16395 
21050 8
72391 38152 19280 72392 53157 21911 65400 56127 
21031 8
72360 71042 15770 53862 60791 72361 22125 55297 
20983 8
72309 17864 55684 21361 17194 4184 29345 72312 
20940 8
72264 23551 56344 33950 68933 1476 54202 44181 
20926 8
72247 8311 44660 55387 45622 71572 26858 44393 
20876 8
72201 66035 25888 13624 64416 30866 43289 32056 
20788 8
72104 40530 62871 70183 30670 67079 26233 20919 
20753 8
72063 58196 36179 32371 71008 23097 64826 30948 
20704 8
72006 25376 3408 33902 72007 46375 65169 64596 
20582 8
71858 71859 1789 71860 30248 70092 10998 71861 
20519 8
71789 815 59004 53061 63292 50639 372 2728 
20470 8
71739 67770 53906 13730 17064 49310 71740 51197 
20405 8
71663 20660 16332 64658 44043 34447 20683 6938 
20340 8
71596 44971 2863 70388 49288 16284 8818 63174 
20266 8
71508 23803 43015 71509 21626 37006 42685 41462 
20222 8
71455 71456 71457 48466 67605 4628 66892 29184 
20137 8
71352 71353 18021 15488 41623 67840 45863 4330 
19848 8
71015 40048 17240 71016 4633 10822 15551 28735 
19810 8
70971 32356 49374 68275 14138 64121 47520 10191 
19809 8
70970 38370 15878 8136 28925 38824 39341 30854 
19789 8
70949 12318 53767 8223 46549 16916 34748 37542 
19766 8
70920 59345 58755 22382 49379 9747 51027 47201 
19677 8
70813 33037 66992 53517 61548 3635 59600 59908 
19655 8
70787 27397 24661 39938 20335 23298 56756 9702 
19645 8
70777 21077 43493 58320 58820 53623 28491 67769 
19426 8
70490 13234 70491 65626 61838 63198 36757 12634 
19425 8
70487 70488 56567 9090 1907 15557 30094 50674 
19357 8
70405 64083 51673 62977 61024 55180 6688 66556 
19332 8
70382 69668 70383 1156 7584 16729 61120 64004 
19308 8
70355 27983 10971 10814 57278 48018 17330 4725 
19264 8
70307 21262 43310 49502 16772 25816 36272 26089 
19244 8
70287 6672 41241 29765 36349 54158 48477 18623 
19218 8
70256 21640 70257 63373 53080 19828 22229 38806 
19210 8
70248 3273 17779 44037 20759 52029 70249 30128 
19175 8
70194 46001 5408 70195 9506 69260 3591 33795 
19158 8
70172 61423 24535 23839 38982 11753 70173 63370 
19130 8
70130 61386 62449 36719 44357 61277 57500 70131 
19072 8
70039 11320 59150 40312 21328 48490 26891 70040 
19055 8
70021 43969 22416 27138 70023 54258 62032 22175 
19049 8
70013 15529 32234 10832 21380 52951 70016 41585 
19012 8
69965 65422 59218 27914 517 10947 69967 50784 
18908 8
69806 62531 18980 39376 3014 4163 69807 25648 
18778 8
69646 23257 15769 60041 69647 55497 69649 44813 
18776 8
69644 69645 34653 61375 52442 53782 58136 56844 
18679 8
69503 19082 40865 65983 69504 52624 69505 67780 
18633 8
69443 52954 17068 55553 69445 69446 69447 8354 
18624 8
69433 69434 68325 41151 68386 49221 8493 52339 
18571 8
69355 69357 51210 37127 28236 68425 2243 69358 
18548 8
69327 48886 40233 26366 26599 2605 58040 62950 
18514 8
69279 53339 69280 53717 59797 3925 34376 65778 
18425 8
69161 24680 17197 68839 43918 15598 55204 40337 
18391 8
69111 38804 26993 69113 22695 4662 62947 67657 
18349 8
69056 69057 69058 67185 68525 55176 48802 21403 
18338 8
69045 15025 60276 15523 65843 69046 61308 33312 
18335 8
69037 69040 56113 60333 67210 64750 62021 69042 
18330 8
69033 2795 2600 60852 40626 52748 21957 57845 
18129 8
68738 58712 64572 12419 42063 55482 13962 39354 
18105 8
68699 21659 35810 32339 31671 68700 40271 68701 
18092 8
68684 10157 14737 16164 29429 49642 21228 25072 
18029 8
68599 3667 63035 68600 27377 37057 36923 20021 
17946 8
68479 61242 67092 14119 68480 66692 54532 68481 
17851 8
68330 35540 68333 55270 25682 40818 45339 68334 
17768 8
68202 12240 53974 14063 68204 29926 40829 43603 
17738 8
68159 10942 66096 39942 22213 40490 4899 46062 
17645 8
68008 21976 67554 68009 41748 68010 28175 58400 
17558 8
67861 43408 67862 4462 67863 67864 9996 29336 
17516 8
67793 47967 19527 60763 64977 21453 25329 25688 
17483 8
67738 24037 7589 49614 67647 22469 26150 67740 
17471 8
67721 16509 13619 6364 33539 40129 28197 3127 
17445 8
67682 24967 67604 41459 67683 45265 45499 17932 
17139 8
67230 16710 24729 58423 56043 63329 49904 49431 
17102 8
67169 44398 67170 26006 65975 55382 5943 12708 
17100 8
67167 26121 65701 36222 45843 29597 64863 54495 
17045 8
67075 15167 33716 27558 53535 67076 67077 31735 
17037 8
67065 43044 65108 55653 568 17887 67066 37914 
16979 8
66968 66969 66970 19789 13984 58851 35930 53659 
16941 8
66905 13289 39530 46720 66906 66907 66908 17149 
16934 8
66896 25065 60347 40333 60428 63036 55845 66897 
16763 8
66639 66641 35127 39069 58036 54469 57887 30191 
16722 8
66571 7517 66572 3982 66573 35311 24551 21062 
16713 8
66557 1099 59943 54803 66026 9119 66558 65890 
16663 8
66456 57222 35474 7778 39697 66458 62175 18301 
16486 8
66148 61592 62319 16038 7691 41963 55150 43092 
16421 8
66015 14529 36035 60002 27014 55694 43739 66021 
16344 8
65879 2026 29788 65880 2472 28829 65881 3197 
16320 8
65834 61213 11929 50130 36445 24170 50873 47315 
16281 8
65769 43346 11842 52113 37621 680 65773 46468 
16263 8
65738 60029 49793 65058 8881 49046 65740 10684 
16257 8
65729 65730 24409 49637 343 55122 50203 64460 
16203 8
65611 7072 11677 21360 21598 65613 37534 19368 
16159 8
65525 59516 2527 54474 46083 65527 37891 51547 
16027 8
65256 65258 10668 22505 58650 65259 65260 26114 
15959 8
65136 61216 6351 53035 7563 47869 32973 64910 
15944 8
65113 65114 4028 15500 16019 65115 20124 65116 
15854 8
64946 64283 64947 10321 38917 2442 64948 52922 
15775 8
64797 47805 54194 64798 64799 34693 63784 5181 
15759 8
64775 28427 22009 36533 64778 54483 52204 35120 
15707 8
64672 30179 63451 13875 45044 64676 64677 64678 
15623 8
64501 64503 12481 31773 41112 44940 55104 17782 
15601 8
64461 64463 15574 64289 947 64464 64465 31400 
15566 8
64397 47310 50342 1238 47212 48769 56557 16075 
15562 8
64386 64388 27763 60442 13670 54446 50509 29402 
15561 8
64383 39133 38973 64384 27278 17212 4104 25632 
15533 8
64327 64329 64330 37181 64331 997 10180 6420 
15524 8
64308 7098 64309 55351 64310 64311 29745 64312 
15521 8
64299 64301 59787 64302 64303 10084 40779 64304 
15449 8
64159 62275 64161 46601 44562 4845 37406 36968 
15418 8
64095 60402 36890 27267 18668 20340 17714 58961 
15388 8
64035 46878 64036 13468 64037 50070 1039 36356 
15301 8
63834 18715 56866 18192 63837 10344 63839 28989 
15277 8
63785 19112 19657 35629 35116 63786 14555 7466 
15254 8
63743 47588 58627 59415 29582 45683 3594 54622 
15225 8
63675 63679 13383 18691 5240 24174 55834 12152 
15206 8
63639 54973 63640 22267 18116 6513 9308 63642 
15105 8
63435 48010 63436 63437 41563 46741 46499 4887 
15099 8
63423 9458 20733 53629 63425 47116 15524 63426 
15028 8
63277 63278 31246 22065 56330 31692 24040 63280 
15023 8
63265 36926 23978 9944 60905 34433 52004 61438 
14959 8
63135 63137 25138 63138 33574 42529 62377 30521 
14936 8
63082 63083 59202 2376 43865 36791 35608 59180 
14914 8
63044 29799 12409 63045 34002 63046 37634 63047 
14877 8
62964 62965 5111 24405 59810 41386 56415 45647 
14807 8
62802 50208 45227 22103 62803 32813 50774 33153 
14649 8
62472 21975 62474 27588 62475 62476 62477 61211 
14469 8
62055 4518 5962 3814 29134 57854 45526 37608 
14426 8
61954 42638 8817 36868 25787 61955 55816 49060 
14420 8
61943 25622 60059 5051 61945 58109 47247 61946 
14406 8
61906 53959 61625 61907 16107 55327 17580 61909 
14274 8
61604 58516 51601 61605 12905 61606 34974 26870 
14059 8
61152 61154 51114 52467 57534 47258 33675 61155 
14032 8
61090 6738 40669 19369 61091 38562 30940 40325 
13881 8
60729 60730 60731 48455 34735 60732 60733 54520 
13878 8
60726 13447 57782 55676 33064 9798 32180 52529 
13855 8
60670 59628 29505 44985 2321 56063 26066 24522 
13848 8
60658 38837 16558 49456 35310 60659 60661 56065 
13671 8
60255 60257 38448 60258 60259 56773 8644 55342 
13658 8
60229 29547 60230 53188 28340 51820 15550 60231 
13651 8
60209 60210 37457 60211 60212 10683 49833 2090 
13604 8
60093 2303 13046 8343 44934 28908 60094 27714 
13573 8
60015 52126 60016 60017 60018 48517 15931 60019 
13509 8
59863 17692 59865 3770 18624 27506 59866 59867 
13454 8
59724 59725 59726 59727 51932 18128 52700 59729 
13418 8
59637 45086 726 35788 53465 59638 5692 59640 
13391 8
59567 59569 37519 23960 24588 54680 16897 59570 
13362 8
59490 40968 50452 49012 13166 59492 59493 37084 
13302 8
59343 4538 40038 44687 16394 40903 35086 40784 
13272 8
59264 59265 16487 59266 5863 6754 7465 53620 
13266 8
59250 36199 49097 35398 59252 14231 17539 9615 
13244 8
59196 8705 2193 57540 59197 31184 59198 59199 
13232 8
59166 41069 44259 12125 59167 33446 59168 59169 
13114 8
58878 12926 45434 54812 3008 20815 58879 30568 
13072 8
58766 58175 58767 56345 58768 41122 58769 31958 
13034 8
58666 43977 54531 45011 7093 51847 15069 8181 
13024 8
58639 24782 7947 26237 38416 47740 58640 15065 
13016 8
58613 58614 58615 42473 11584 48151 58617 58618 
13012 8
58599 25563 40646 58600 58601 50456 46739 32944 
12975 8
58519 33760 58521 37816 58035 58522 50193 12161 
12874 8
58258 58259 39649 49873 44604 45878 53794 48706 
12866 8
58238 58239 58240 314 46727 58241 41132 52730 
12857 8
58216 39841 58217 58218 50665 58220 23906 3350 
12771 8
58010 21630 18648 19481 58012 58013 54019 58014 
12756 8
57975 57977 18644 13801 46690 36677 57979 24311 
12710 8
57864 44774 20480 31924 57865 39183 57866 30167 
12681 8
57784 10990 33820 53593 27431 44623 8178 57787 
12674 8
57770 48586 57771 37912 57772 57773 2422 8381 
12593 8
57567 57569 53605 45079 57571 54821 10652 47408 
12482 8
57294 31404 57295 5564 57297 57298 57299 57300 
12414 8
57108 47836 55552 57109 42519 47798 10283 54848 
12408 8
57094 18290 12524 57096 39166 31505 57097 57098 
12387 8
57036 38172 57038 9131 57039 57040 57041 57043 
12317 8
56845 54995 42882 56846 18553 56847 56848 56849 
12221 8
56598 43802 28957 48396 5755 45687 41376 42467 
12219 8
56592 32561 48246 33519 56594 56595 56596 56597 
12190 8
56510 50710 280 43063 24901 56511 56512 56513 
12166 8
56440 45944 41468 35358 39478 45999 55226 44386 
12151 8
56395 56398 43445 56399 43781 56400 56401 39790 
12146 8
56383 46844 56384 6892 56385 56386 41780 56387 
12106 8
56274 56275 25129 47113 13370 47607 39450 33596 
12014 8
56025 56026 46144 49573 30074 29554 4049 30439 
11999 8
55979 43642 55981 55982 3586 55983 34610 48803 
11989 8
55952 145 24942 27211 55738 48058 55954 25175 
11832 8
55524 55525 25190 5963 1484 26012 32481 55526 
11739 8
55257 3047 5748 8480 55259 33780 55261 40434 
11712 8
55188 29207 38347 55189 32521 55190 50147 25758 
11704 8
55167 740 55169 18175 36875 4810 7608 42565 
11601 8
54870 54873 18924 54874 54875 43327 52517 25015 
11511 8
54632 54633 39584 51737 32089 54634 42941 53432 
11486 8
54549 28194 54550 54551 25284 30584 50924 54553 
11411 8
54330 5701 54331 29027 41803 19247 25231 54333 
11406 8
54321 54322 54323 2169 9509 45165 50188 24224 
11298 8
53994 21636 53995 8852 41308 28863 53996 12182 
11278 8
53937 53938 16098 2108 53940 37812 37069 53941 
11235 8
53810 6455 24061 53813 25379 11247 53814 53815 
11160 8
53579 41965 44215 9533 53581 3003 2178 50350 
11137 8
53508 53510 53511 40196 34451 36718 39089 24461 
11115 8
53444 3919 53447 53448 8004 7652 9862 53431 
11095 8
53374 53377 53378 53095 23892 10211 21917 53380 
11084 8
53350 26231 53351 38586 27847 53352 562 10129 
11051 8
53236 8210 51275 16813 12226 53241 6297 12445 
11015 8
53129 37374 36238 33697 16903 32230 26314 36849 
10908 8
52806 40090 34835 26595 20368 35476 52808 52810 
10905 8
52792 30187 3758 13350 30960 52798 52799 25508 
10872 8
52692 50796 39719 52693 120 52694 52695 52696 
10830 8
52550 52551 52552 20221 10753 36559 47880 52553 
10817 8
52507 13459 47070 48549 34755 41906 52510 38789 
10813 8
52499 11758 36739 52502 52503 27189 52504 35569 
10767 8
52361 13326 36409 22915 52363 52364 52365 52366 
10757 8
52325 47362 39372 24868 32076 41073 52328 52329 
10726 8
52246 50917 52247 23501 19940 46360 34023 45828 
10704 8
52167 52168 52169 5610 52170 52171 15099 46936 
10699 8
52150 11093 9417 52152 52153 52154 23706 52155 
10591 8
51807 47085 32398 51810 51811 51812 27730 51813 
10566 8
51726 51727 51728 33112 25019 26896 47284 51729 
10564 8
51722 20173 2718 45751 42275 51723 48019 51724 
10457 8
51365 48882 40993 22383 51368 21342 47581 36373 
10434 8
51295 38594 51296 30587 17480 51297 5992 34605 
10408 8
51201 51202 51203 41607 5543 51204 51205 38874 
10391 8
51134 49650 51138 51139 13473 51140 16026 51141 
10371 8
51065 17211 26889 34910 51068 43201 43417 26878 
10336 8
50959 6752 27195 50960 9860 50961 50962 50963 
10312 8
50882 50883 12317 50884 50885 27432 40767 50887 
10232 8
50618 10953 46881 39666 50619 50620 50621 37618 
10226 8
50599 50600 1400 40671 26722 21666 15206 50602 
10059 8
50050 42872 50053 50054 46090 47931 32541 50055 
10042 8
49991 46695 5219 49992 48015 16537 12470 22747 
10041 8
49983 49985 49986 19182 49988 49989 49990 29401 
10023 8
49926 49928 20793 32649 49929 49930 49931 18783 
10005 8
49870 40590 34171 46560 49875 49876 23929 49877 
9997 8
49841 33686 49843 49844 49845 49846 32628 9628 
9896 8
49503 25182 46280 49504 27760 41647 49505 37921 
9890 8
49484 49486 49487 49488 35316 49489 25936 49490 
9882 8
49464 49465 33717 15873 14821 36658 32148 49466 
9843 8
49324 49328 49329 49330 49331 49332 43203 2584 
9841 8
49318 6639 49321 25439 49322 49323 40223 15848 
9773 8
49098 49101 1769 49102 49103 49104 27469 32704 
9673 8
48757 48762 10488 9344 40201 48763 48764 13820 
9616 8
48572 48573 9526 30674 48575 46034 24825 36833 
9532 8
48284 48285 42180 48286 48287 46124 41208 22558 
9516 8
48225 41819 48226 17000 48228 15426 48229 43452 
9446 8
47997 42734 41645 47998 4999 47999 12826 48001 
9417 8
47892 25676 19363 47894 47895 30794 3985 7967 
9402 8
47843 47844 47845 25980 26623 27687 47847 38644 
9193 8
47101 31526 47105 1090 47106 6914 20422 8305 
9065 8
46651 46655 28090 46656 16413 46658 46659 24650 
9017 8
46483 33057 46487 7392 28092 46488 39828 46489 
8999 8
46418 46421 46422 28304 40447 46423 7979 26127 
8911 8
46089 24856 12561 46093 29387 24114 46095 46096 
8852 8
45864 41012 45865 43800 45866 45867 42573 45868 
8820 8
45759 36447 30220 45760 23073 45762 45764 12759 
8787 8
45639 22905 41489 45643 11970 3863 44991 17138 
8769 8
45572 45574 45575 34496 11268 45577 45578 31272 
8717 8
45368 18404 17477 45372 15391 24830 18887 16941 
8690 8
45270 18393 6022 45271 14373 3491 36187 45273 
8549 8
44735 6463 24862 17483 43804 12031 34667 44740 
8536 8
44693 18694 8089 44695 44696 9341 28231 44697 
8528 8
44663 44664 14458 24201 6214 44665 28400 44667 
8521 8
44633 44636 35903 44637 9939 25536 44638 9686 
8472 8
44447 32940 44448 44449 44450 24175 36561 44452 
8391 8
44139 44145 43906 9250 11658 44147 44148 44149 
8354 8
44004 44005 22602 10313 44006 44007 44008 25472 
8234 8
43517 43518 37183 43519 43520 43521 43522 11762 
8231 8
43504 15249 18791 21885 43506 35837 33437 43507 
8224 8
43478 9185 43479 32244 43480 43481 43484 43485 
8210 8
43419 43420 43421 43422 29028 26710 43423 43424 
8202 8
43391 43392 43393 43394 32938 29819 36184 43396 
8186 8
43332 30742 43333 26726 43334 43335 43336 38167 
8174 8
43282 3939 43283 43284 34780 43285 43286 43287 
8155 8
43204 43208 43209 17206 5124 38627 43210 43211 
8138 8
43139 7157 38691 32519 43140 43141 43142 43143 
8057 8
42816 42817 42818 42819 1764 16741 28691 42821 
8043 8
42756 38567 42760 42761 425 42762 21827 42763 
8026 8
42692 42693 33154 42694 42695 42696 42697 42698 
7991 8
42534 32137 8563 42538 42539 42540 7259 42541 
7929 8
42299 21234 42302 42303 41190 12500 42304 42305 
7866 8
42056 42057 42058 42059 42061 17591 40622 42062 
7839 8
41927 41931 41932 41934 41935 36015 41936 41937 
7821 8
41856 37549 21013 41860 36092 22442 1804 41861 
7716 8
41441 15949 33542 40510 19239 41442 8848 41443 
7610 8
41024 27780 5263 17841 6428 41026 22431 41027 
7604 8
41002 24768 10402 41003 26714 41004 2661 16124 
7547 8
40764 13948 7612 2849 40769 35918 40771 4800 
7544 8
40753 40754 35990 40755 40756 40758 40759 40760 
7460 8
40405 22921 33458 17286 40406 29130 40407 40164 
7420 8
40235 40236 40237 40238 32748 40240 10516 14419 
7406 8
40181 40182 40183 4157 40184 25328 26930 39875 
7390 8
40123 40124 2331 40125 17105 40126 25187 40127 
7340 8
39916 39917 39918 7685 39921 39922 39923 39924 
7231 8
39461 39465 39466 39467 39468 28087 39469 39471 
7213 8
39392 17054 39394 25279 33238 39395 7445 36572 
7190 8
39308 39309 39310 39311 39312 1811 10371 39313 
7113 8
38992 38996 38997 38998 38999 39000 27978 39001 
7091 8
38901 21688 38906 38907 18127 38908 17438 38909 
6939 8
38230 24069 38235 38236 38237 38239 3804 29055 
6934 8
38214 21431 38215 31515 38217 38218 38219 38220 
6716 8
37230 37232 28398 37233 37234 37235 37236 37237 
6687 8
37091 37095 30160 37096 32791 20499 37099 37100 
6685 8
37080 37085 37086 37087 37088 36350 37090 23104 
6680 8
37061 37062 37063 37064 37065 37066 24693 10616 
6596 8
36696 22876 36697 36698 36699 8559 36700 32983 
6568 8
36578 36579 36580 25445 36582 24354 7830 36583 
6549 8
36488 36492 7995 36493 16352 36494 34908 36495 
6325 8
35486 35491 13818 12562 7094 35492 24545 35493 
6215 8
34999 25895 718 35002 35004 35005 8992 35006 
6176 8
34842 34843 34844 26616 18844 34845 34847 34848 
6152 8
34740 3235 34742 32055 34743 34744 24787 34745 
6135 8
34669 34671 34672 34674 4975 34676 34677 34678 
6129 8
34639 34643 9906 34644 34645 34647 34648 34649 
6031 8
34192 16204 34195 32972 34196 34197 34198 34199 
5986 8
33993 13105 33994 12640 33996 24922 20487 30506 
5915 8
33653 33657 1352 33658 33659 33660 33662 33663 
5727 8
32770 32771 32772 32773 20435 20400 32774 32775 
5709 8
32690 13905 9441 32695 14702 32696 24865 3398 
5650 8
32406 237 32407 32408 25303 32409 4046 32412 
5609 8
32201 32206 32207 19121 32208 32209 14066 25222 
5586 8
32097 26068 32098 32099 32100 32102 32103 25597 
5567 8
32006 32009 31342 32010 8933 32011 30738 15968 
5557 8
31959 27410 31962 24422 31964 31965 31966 31968 
5453 8
31468 31472 31473 31474 31475 30920 25479 31477 
5363 8
31037 31041 21913 22212 31042 31044 31045 31046 
5361 8
31026 31030 4007 31031 31032 31033 31034 31035 
5354 8
30993 30994 10648 29565 30995 30997 30998 30999 
5211 8
30294 10838 627 14636 30297 30298 6558 12137 
5192 8
30203 25371 13387 19233 30205 30206 30207 30208 
5152 8
30018 30020 21576 20902 30021 15785 10451 30022 
5008 8
29289 29290 23425 25322 29291 21812 29292 29293 
4969 8
29089 29094 29095 5644 29098 14210 7175 29099 
4907 8
28777 28781 12880 28782 28783 28784 28785 28787 
4888 8
28696 25610 28697 28698 28699 4820 24189 21322 
4872 8
28605 26447 2596 17275 28606 28608 22631 28609 
4852 8
28509 28510 28511 28512 24749 28513 28514 21339 
4811 8
28313 7741 28317 28319 28320 28321 28322 11527 
4788 8
28198 28199 28200 28201 26060 28202 26534 28204 
4666 8
27618 27619 15066 27620 27622 27624 11294 27625 
4566 8
27094 27095 27096 13455 27097 27098 27100 27101 
4431 8
26420 11588 26426 26427 26428 26429 26430 26431 
4294 8
25699 25700 25701 4191 9583 25702 12136 25704 
4270 8
25577 6582 23453 25578 24800 25580 22452 22674 
4216 8
25297 25298 25300 24078 4829 694 21745 25301 
4214 8
25291 4058 25083 25292 25293 21462 22311 21352 
4138 8
24904 24905 24907 24908 16489 24909 6088 12560 
4118 8
24803 24804 24805 24806 2869 24808 24809 24811 
4024 8
24303 24304 24305 22775 24306 24307 24308 24309 
3995 8
24144 24148 24149 24150 8186 24152 24154 24155 
3949 8
23908 23911 23912 23913 58 21967 15922 23915 
3883 8
23558 23564 23565 23566 18818 23568 8669 23569 
3821 8
23238 23244 23245 23246 17081 23247 23248 23249 
3776 8
23006 23007 23008 23009 4872 23010 2826 23012 
3769 8
22965 22970 22971 20107 6962 22973 22974 22975 
3714 8
22663 22664 22666 22667 22668 22669 22670 10430 
3679 8
22466 22471 22472 22473 22474 22475 22476 22477 
3660 8
22364 22365 22366 4081 22367 22369 22371 21366 
3644 8
22284 22285 8318 22286 11125 22288 22289 22290 
3582 8
21941 21942 21943 21944 21945 21946 21948 21950 
3538 8
21709 21710 21712 21713 8368 21715 11693 21716 
3436 8
21155 21156 21157 6201 21158 3950 19651 21159 
3420 8
21063 21065 21066 21067 21069 21070 21071 21072 
3349 8
20663 20668 20669 19795 20671 20672 20013 5965 
3125 8
19429 19434 19435 7596 19436 19437 19438 19439 
3086 8
19214 19216 19217 19218 613 19219 19220 19221 
2977 8
18599 18603 18604 18605 18606 18607 18609 18610 
2972 8
18576 18577 18578 18579 5185 18581 18583 18584 
2947 8
18427 18433 18434 18435 5215 18436 10263 18437 
2938 8
18377 18378 18379 18380 18382 18383 18385 18386 
2935 8
18354 7441 18359 18360 141 1212 18362 18363 
2919 8
18258 18263 18264 18265 18266 18269 18270 18271 
2888 8
18092 18093 11750 17545 17016 18095 2783 6204 
2827 8
17741 6830 17746 17747 17748 17749 17750 17751 
2665 8
16811 11853 16816 16819 16820 16821 5944 16822 
2562 8
16236 16237 16238 12140 16240 16241 14672 16242 
2521 8
15998 16003 16004 16005 16007 737 16008 16009 
2518 8
15987 5112 10246 15989 15990 15991 15992 15993 
2458 8
15626 15627 15628 15629 15630 15632 15633 6270 
2424 8
15416 15417 15418 4301 15419 13596 15421 15423 
2412 8
15346 15347 15348 15349 15350 15351 15352 15353 
2404 8
15297 15298 15299 15300 15302 15303 15304 15305 
2398 8
15261 15262 15263 15264 15266 15267 15268 15269 
2368 8
15083 15084 6921 15085 15087 15088 15089 15090 
2320 8
14790 14791 14792 14793 14794 14795 14796 14797 
2237 8
14284 14290 14291 14293 14294 14295 10592 14296 
2206 8
14102 14103 14104 14105 4323 6114 14107 10296 
2159 8
13815 13821 13822 268 13823 13825 13826 13827 
2141 8
13709 13715 13716 13717 13718 13719 5371 13721 
2064 8
13273 12519 13274 13275 13276 1126 2461 13277 
2049 8
13174 13178 13180 13181 13183 13184 13185 13186 
2043 8
13139 5737 13144 11791 13145 13146 13147 13149 
2030 8
13069 13070 13071 11280 2115 13073 13074 13075 
1964 8
12675 9057 5268 12677 12678 12679 12680 12681 
1951 8
12590 12596 12597 12598 12599 12601 12602 12603 
1947 8
12565 12570 12571 12573 12574 12575 12576 12577 
1718 8
11175 11176 11177 11179 11180 7043 11181 11183 
1668 8
10867 10868 10869 10871 10872 10873 10874 10875 
1600 8
10457 10458 8102 10459 2667 4512 10461 10462 
1578 8
10323 3425 10325 10327 10328 10329 10330 10331 
1485 8
9744 9751 9752 9753 9754 9755 9756 9757 
1452 8
9543 9544 9545 9546 9547 9549 9551 9552 
1376 8
9062 9063 9064 9065 9066 9067 9068 9070 
1369 8
9012 9018 9019 9020 9021 9022 9023 9024 
1305 8
8607 8612 8613 8614 8616 8617 8618 6774 
1252 8
8269 8270 8271 8272 8274 8275 8276 8278 
1106 8
7343 7344 7345 7346 7347 7348 7349 7350 
923 8
6147 6153 1756 6154 6156 4326 6157 6158 
794 8
5298 5299 5300 5301 5302 5303 5306 5307 
783 8
5223 5227 5228 5229 5230 5232 5233 5234 
769 8
5130 5136 5137 5138 5139 838 5141 5142 
744 8
4983 4984 4985 4986 4987 4988 4989 4990 
730 8
4888 4889 4890 4891 4892 4895 4896 4897 
670 8
4492 2545 4494 4495 4496 4497 4498 4499 
636 8
4266 4267 4270 4271 4272 4273 4274 4275 
633 8
4240 4245 4246 4247 4248 4249 4250 4251 
627 8
4201 4206 4207 4208 4209 4210 4212 4213 
557 8
3736 3741 1896 3742 3744 3745 3747 3748 
523 8
3510 3514 3516 3517 3518 3519 3520 3521 
458 8
3090 3091 3092 3093 3094 3096 3097 3098 
440 8
2970 2971 2973 2974 2975 2976 2977 2978 
367 8
2475 2480 2481 1339 2482 2483 2484 2486 
289 8
1958 1963 1964 1965 1966 1968 1969 1970 
245 8
1660 1666 1667 1668 1669 1671 1672 1673 
224 8
1526 1527 1528 1529 1530 1531 1532 1533 
29987 7
78593 44122 61801 67505 26195 76176 58913 
29980 7
78590 27629 5067 70166 69452 62534 63388 
29881 7
78540 8706 14938 41336 38197 71295 17817 
29862 7
78531 26861 67268 1862 9231 67846 29406 
29861 7
78530 66208 68396 65399 50645 76745 37967 
29857 7
78528 72477 66568 73355 73614 70698 17040 
29809 7
78504 6974 48014 73100 75152 7929 24105 
29803 7
78501 64039 8765 8893 35214 73275 66186 
29789 7
78494 35252 7894 19036 61869 57289 73757 
29780 7
78490 33477 44492 56803 43138 65795 1659 
29749 7
78474 65543 64922 21809 5206 40556 73240 
29747 7
78473 6907 5252 33294 56705 55970 27455 
29739 7
78469 51915 45971 58792 16363 59914 68084 
29693 7
78446 57398 68940 40951 46050 33392 55523 
29664 7
78432 14811 27188 51686 50587 43942 30515 
29658 7
78429 64487 32692 60412 919 49290 6218 
29560 7
78380 68319 53197 4101 59542 16566 58427 
29551 7
78375 30314 71004 52141 39598 67927 27570 
29539 7
78369 5281 26358 38265 56573 59316 30472 
29520 7
78360 45833 4997 72394 39773 74654 67135 
29360 7
78280 72102 33173 30935 59586 32342 17661 
29354 7
78277 65846 49189 11953 19246 795 35908 
29335 7
78266 73388 65075 59746 20599 7419 44564 
29294 7
78246 49886 61357 68018 25792 42159 48823 
29227 7
78212 54837 66531 67227 61250 37964 56723 
29208 7
78203 64208 42277 56668 30312 37942 14303 
29200 7
78199 2107 449 23471 52840 75502 50785 
29187 7
78192 5404 37238 27089 65658 25840 54377 
29175 7
78186 54023 38993 70179 55805 69180 10138 
29171 7
78184 64153 42187 23979 75277 44553 62619 
29135 7
78166 27355 26308 77628 56627 16622 46889 
29048 7
78123 583 63701 2633 49710 58156 10349 
28971 7
78084 24701 17818 69869 52099 65985 311 
28965 7
78081 17627 33649 34389 76617 56061 54540 
28920 7
78059 44319 21296 18952 63820 39988 3593 
28870 7
78034 73838 58723 67911 61421 8990 6593 
28858 7
78028 41587 1852 70519 30513 36511 56679 
28822 7
78010 71706 5359 36455 16407 9232 43744 
28770 7
77984 51184 32184 54943 70927 71075 69744 
28769 7
77983 73380 21664 66920 15277 68145 69136 
28711 7
77953 18286 43532 49863 61078 62101 62644 
28663 7
77929 39114 29581 18036 31142 37474 45934 
28625 7
77909 64834 12886 2550 42323 68895 2990 
28592 7
77892 50894 48099 26412 37291 67585 51891 
28583 7
77887 41739 8786 37203 53870 14879 25375 
28581 7
77886 41785 36517 39667 8549 66066 25392 
28577 7
77884 9974 39915 71172 34923 2232 29688 
28568 7
77880 67503 68131 4263 29381 7784 25238 
28552 7
77872 39381 8028 48472 17340 54371 64982 
28539 7
77865 45970 74490 10115 54251 123 4594 
28501 7
77846 48136 76091 66417 52194 39609 54527 
28463 7
77826 70035 73697 19448 66664 8968 43046 
28458 7
77824 40155 59840 5957 66119 43709 34299 
28457 7
77823 71204 36039 61437 71461 36745 65840 
28420 7
77803 25468 61481 28681 25963 50308 69789 
28405 7
77795 27302 62874 59315 66264 38518 71171 
28372 7
77779 13045 21999 5184 61520 47163 16379 
28276 7
77730 11110 12607 31715 49638 35026 75751 
28206 7
77693 73466 9014 51177 58060 10689 71141 
28205 7
77692 19622 64450 7179 76094 72631 60111 
28165 7
77671 47806 2917 8762 41345 60110 19831 
28104 7
77641 45537 67716 46233 27764 48008 66802 
28057 7
77615 73460 63291 72666 58586 68729 55682 
28048 7
77611 2666 63667 71113 59912 8593 76041 
28037 7
77605 28432 76915 18169 62041 71777 61744 
28007 7
77590 29036 67518 27378 64364 59922 29504 
28001 7
77587 21883 75310 42854 68354 46153 35112 
27991 7
77582 31896 39439 19224 5697 27509 41250 
27979 7
77576 28035 19715 24460 42150 61739 26956 
27914 7
77543 28543 64280 45452 29697 75188 41267 
27890 7
77530 56731 77531 1679 59146 71201 46391 
27871 7
77520 47424 61044 31923 65912 42577 11423 
27846 7
77507 73550 63506 43016 70243 8437 62503 
27845 7
77506 19588 66695 43862 58170 51621 17950 
27825 7
77496 34274 39197 42075 38368 74199 75391 
27793 7
77479 55540 66045 47127 63086 74726 23286 
27790 7
77478 73833 23481 29654 22613 69907 52734 
27784 7
77475 19004 51818 51306 19371 53059 35183 
27756 7
77461 74184 53530 26973 13808 75768 49292 
27723 7
77444 46025 62322 16527 13861 15388 64128 
27718 7
77442 17567 1947 65926 51808 21212 19618 
27715 7
77440 43544 52245 73192 1213 18888 49035 
27712 7
77439 3332 64764 76265 27056 74701 18067 
27709 7
77437 13648 34063 62594 74681 31431 38141 
27609 7
77382 7331 37524 75261 23214 37039 64231 
27585 7
77368 5689 6649 44233 55512 74881 58498 
27576 7
77364 46914 26675 23571 5544 66727 63467 
27562 7
77356 65607 3414 29462 60153 10030 25789 
27517 7
77333 16908 49206 35804 68353 76206 75993 
27506 7
77326 51610 77291 70234 12029 15124 8553 
27479 7
77312 59261 71481 10380 12835 52650 73139 
27465 7
77305 46352 14008 37732 365 27134 66024 
27460 7
77302 63613 4996 12355 62559 51098 74191 
27421 7
77277 74540 55807 26779 45498 41282 28661 
27383 7
77255 68873 12021 64007 16254 68983 24113 
27301 7
77214 46725 27413 20809 69364 27451 50240 
27262 7
77194 49946 21051 26506 59207 53809 25142 
27261 7
77193 67760 39506 22569 12817 58744 77036 
27207 7
77161 69704 46907 30339 69078 64321 73826 
27204 7
77160 33765 69955 19906 10714 56931 45422 
27200 7
77158 35975 14114 49134 65950 64307 11391 
27192 7
77154 5170 47351 1980 68491 44119 38166 
27183 7
77148 28018 65787 70497 39897 64394 62759 
27180 7
77147 13005 42615 68716 75513 19531 12921 
27145 7
77125 21625 65559 60736 22604 67990 24418 
27118 7
77112 3870 15287 76279 3619 6209 68833 
27091 7
77098 34531 686 61292 56807 27403 61081 
27049 7
77076 51795 35659 51426 12141 22621 46311 
27043 7
77073 7605 25541 45056 67410 19582 28156 
27030 7
77064 30311 47673 60985 60320 61457 46597 
27007 7
77052 8779 58430 76021 40592 56814 3768 
26982 7
77038 56552 11386 45711 62049 28013 15707 
26960 7
77025 74417 73350 28270 37690 68706 62572 
26910 7
76999 67817 46602 61963 33326 66939 50222 
26903 7
76994 31461 30951 60848 73196 2839 12726 
26885 7
76980 55564 74827 42371 45559 49665 54911 
26851 7
76957 43836 74217 6497 57624 28351 5001 
26746 7
76897 59771 74789 26474 74334 69534 17717 
26721 7
76882 1473 27795 63192 74631 32004 5587 
26684 7
76861 37806 14439 11858 75327 39464 74353 
26669 7
76851 55184 29500 48266 34125 47465 25587 
26625 7
76826 53868 72684 58434 74343 22511 74664 
26606 7
76816 20224 19277 13592 53776 33391 47167 
26597 7
76810 28597 20409 33833 23000 7302 43228 
26577 7
76799 44931 11412 59237 70012 26688 53494 
26551 7
76786 47628 8840 15288 908 53403 8526 
26529 7
76775 30721 29045 49891 33817 33302 13780 
26511 7
76764 33671 51311 32889 59044 19163 35695 
26502 7
76760 9402 70003 13724 26054 40775 25077 
26497 7
76756 76122 64957 19932 48994 59801 73690 
26487 7
76751 24983 70344 32025 28248 33296 13946 
26481 7
76747 32017 31516 15950 3893 21500 48063 
26441 7
76723 37548 63729 36594 76724 38109 3397 
26424 7
76712 68406 48188 48012 8388 4126 66477 
26416 7
76707 72327 4549 48392 46845 68667 26998 
26333 7
76660 75016 43510 49106 36027 74371 68929 
26318 7
76652 5736 16163 27404 2109 10954 42913 
26290 7
76636 38244 20194 74341 36233 26164 62340 
26265 7
76620 10131 44560 72300 63350 4036 65823 
26163 7
76556 12172 11043 27226 32873 45458 3023 
26144 7
76546 49708 60121 70091 68924 59817 70668 
26118 7
76531 67054 39269 59755 31667 27263 53109 
26093 7
76514 72462 55157 45524 66517 71544 14950 
26058 7
76494 36380 17359 5531 60348 43081 23285 
25957 7
76431 5364 39908 36678 76218 74984 44519 
25909 7
76404 67389 64484 37361 1736 46590 35733 
25898 7
76399 21871 16844 74024 67018 25004 58326 
25856 7
76370 65646 44030 53607 70718 41873 36129 
25840 7
76360 1081 32790 28418 74495 37818 28014 
25801 7
76335 37861 39748 60920 1581 45426 72644 
25791 7
76329 50807 60603 10226 71582 50671 25345 
25783 7
76322 70116 5074 8172 3 28360 30908 
25770 7
76313 16140 33325 11546 58977 1240 35307 
25716 7
76283 2948 60933 59939 25554 30365 6527 
25691 7
76267 12416 63951 62116 19991 24992 23688 
25667 7
76248 52040 40397 67190 63119 17255 22470 
25661 7
76243 1130 66499 26709 53167 59076 51571 
25610 7
76205 72714 38405 67504 50523 17820 74424 
25562 7
76178 47491 62337 45873 62682 20561 42666 
25539 7
76164 38273 34410 72660 71533 74103 46544 
25524 7
76156 13394 25864 26576 45607 19066 62144 
25504 7
76145 47903 38360 72245 52151 71707 57269 
25477 7
76127 18775 15310 62070 14434 70771 57612 
25437 7
76101 39254 26864 40101 8017 52732 37783 
25421 7
76089 68887 70277 73145 12623 44699 29286 
25399 7
76075 59231 72130 28085 55005 55715 74588 
25369 7
76056 70175 56572 60940 35073 49420 18218 
25363 7
76053 46079 30280 42683 27334 73310 42832 
25361 7
76052 43072 32245 64812 41532 49396 63833 
25330 7
76029 23079 18925 51379 70018 68216 36536 
25329 7
76026 42742 76028 67879 69277 63450 15510 
25246 7
75970 18745 43580 58939 7170 38846 2455 
25235 7
75963 58317 22864 54913 28528 30819 26106 
25225 7
75954 68064 49411 5294 11151 14131 54259 
25216 7
75949 68768 24952 46307 9638 13456 30536 
25180 7
75926 49275 26529 36296 27894 27470 12981 
25105 7
75874 23085 52415 48957 457 9394 11748 
25081 7
75855 13812 2464 44225 71219 37195 50328 
25040 7
75829 69914 16397 27525 44756 67372 34698 
24998 7
75796 63022 62352 64570 60109 49163 48474 
24958 7
75769 5618 74826 48593 32676 53315 59644 
24949 7
75763 27246 49750 26620 54521 22784 31718 
24904 7
75733 62972 36477 64079 39171 72986 23063 
24901 7
75731 10343 5273 36055 15679 19377 34056 
24872 7
75712 19401 16362 37830 16971 36185 68871 
24821 7
75675 5695 46331 40999 33928 74139 14587 
24711 7
75593 26928 50543 32852 60915 75595 40361 
24693 7
75582 6931 66600 41393 9034 19629 65106 
24686 7
75579 26356 12742 6116 48921 28959 5115 
24607 7
75528 45131 69658 28556 66990 31518 62749 
24563 7
75495 57853 12337 14220 7642 58148 68879 
24535 7
75475 28178 7243 32827 40713 67107 30271 
24463 7
75424 47382 56437 69904 31955 61273 65079 
24445 7
75410 72623 74859 26434 71658 60550 8334 
24426 7
75397 33367 61832 35171 37694 69899 2276 
24424 7
75396 57013 73473 63186 28063 75065 16810 
24404 7
75381 4815 35815 37943 28593 9634 19493 
24393 7
75374 47865 59254 51788 5756 68508 68399 
24318 7
75325 30743 3266 71548 45952 3864 13390 
24268 7
75290 10158 20894 38776 17715 66287 1787 
24233 7
75266 54105 67173 29795 778 5920 34533 
24186 7
75233 63714 62065 52731 32003 56237 39576 
24173 7
75224 24847 3860 60382 27051 7044 71802 
24128 7
75192 53143 27003 12717 13725 73130 42516 
24071 7
75144 56023 31038 25314 70740 75145 72171 
24050 7
75131 18309 38630 10843 75093 69964 64944 
24026 7
75116 40731 27254 55058 45846 60939 56559 
23965 7
75070 17006 61365 21337 53054 13744 67827 
23950 7
75060 29662 59686 3107 67913 71645 31568 
23903 7
75024 37423 53572 2162 60481 66283 33789 
23868 7
74996 69866 51242 71099 73958 36535 74997 
23830 7
74967 43199 62658 65563 74968 67198 53506 
23797 7
74941 65526 53302 31745 53255 33894 68523 
23789 7
74936 8530 57952 12856 56253 39633 12947 
23750 7
74910 59966 54932 53740 71382 33571 11731 
23716 7
74882 74883 44197 67106 74884 30114 46215 
23638 7
74812 61108 38707 68403 71425 27197 73096 
23635 7
74807 72952 25261 64164 1292 8838 72436 
23560 7
74750 36132 51506 59891 54744 5761 61752 
23559 7
74749 60526 8871 27180 1294 44046 56140 
23513 7
74716 70855 952 71905 70068 66082 3628 
23484 7
74696 73157 71368 28088 65955 29754 27016 
23474 7
74688 34738 25746 44801 19085 50561 44024 
23462 7
74677 3553 22341 64248 12114 3975 61855 
23422 7
74647 61088 74648 44362 28702 6795 58580 
23417 7
74642 12916 58559 42176 8518 48578 39129 
23396 7
74627 70795 29196 15944 31280 9768 74628 
23322 7
74576 34488 29589 37256 41266 53880 58991 
23318 7
74573 3584 39227 65647 68473 17003 28736 
23313 7
74567 15286 28412 50173 16014 50760 74568 
23305 7
74562 58855 35406 15378 48888 67609 47653 
23270 7
74532 20462 44742 24088 72223 4199 68437 
23254 7
74518 33826 74519 49023 5399 70521 18662 
23253 7
74516 64069 42238 21287 26808 49855 66158 
23210 7
74483 73080 64881 49195 45688 26704 67766 
23190 7
74467 2836 54895 33597 21881 22372 7748 
23145 7
74429 24146 19554 66841 41194 30334 284 
23114 7
74407 27711 70265 67667 7359 18725 47905 
23104 7
74399 64467 68237 42119 69068 53679 68647 
22911 7
74232 51467 63310 19526 3788 73910 55898 
22860 7
74192 42868 54823 60580 19728 34151 13489 
22836 7
74171 54890 56496 53587 61331 39741 71130 
22620 7
73969 15102 69913 41413 31039 10387 52967 
22556 7
73907 61184 71002 24890 10791 57855 73908 
22541 7
73891 52603 56617 14433 64145 49146 41237 
22524 7
73875 19286 16621 3529 45404 40194 3131 
22502 7
73855 63029 4388 70056 47585 20974 35946 
22468 7
73827 44612 34803 18236 63948 54728 35121 
22420 7
73786 25764 42857 28404 41494 29154 18479 
22411 7
73777 31856 2426 23102 57962 7558 31936 
22403 7
73772 29377 49044 4588 26929 65267 63285 
22368 7
73741 43860 27243 22957 13972 2954 8087 
22263 7
73654 20572 22504 54492 50821 73469 8394 
22246 7
73640 61455 33623 43194 9421 73641 63988 
22216 7
73608 34075 64993 45538 28170 25891 45412 
22201 7
73591 51021 73592 55432 57419 59959 46805 
22136 7
73527 22676 25119 14311 57380 66440 70929 
22089 7
73480 10007 64376 71156 54313 34470 70546 
21953 7
73338 49010 24957 57938 22826 43436 49707 
21932 7
73317 21862 38342 52789 18808 5069 39032 
21923 7
73311 59323 35537 50273 70952 38773 37007 
21856 7
73246 34087 46164 54753 41551 67860 4064 
21821 7
73211 13208 64888 61584 42885 66266 10716 
21728 7
73115 17754 32614 68914 53139 69181 32620 
21715 7
73102 22164 71690 35590 26436 71839 28312 
21619 7
73001 16231 73002 62858 10538 38241 55873 
21609 7
72990 13278 11261 72992 37595 47384 72993 
21594 7
72979 54240 34163 71096 34609 52397 49874 
21593 7
72976 44048 20355 62626 72978 53852 70629 
21571 7
72951 43538 61729 55428 32552 62084 1780 
21523 7
72900 34054 34793 70286 57594 23980 19284 
21517 7
72889 72890 72891 47252 6802 9602 38039 
21513 7
72884 54511 56781 37353 72886 15748 31802 
21501 7
72867 30910 60495 72868 5878 62239 72869 
21499 7
72865 10675 68385 2028 24652 4045 38979 
21445 7
72812 30658 6128 6813 58804 24202 40267 
21438 7
72806 18011 72807 5513 14331 22928 52299 
21434 7
72799 15229 72800 56186 5012 2733 61724 
21409 7
72772 21039 65596 5145 21851 72773 46973 
21352 7
72712 45875 7385 9139 54583 71664 2301 
21246 7
72594 22331 72595 37153 72311 68272 52319 
21163 7
72511 17077 24968 41339 29571 51178 31083 
21134 7
72481 48830 9693 45757 67858 69568 7394 
21102 7
72447 51942 57172 27109 22647 30810 23547 
21082 7
72424 42249 64935 72425 69305 5993 61009 
21000 7
72330 65827 69270 65829 72331 58075 57190 
20878 7
72202 46885 62942 36382 67418 23488 59520 
20864 7
72187 17993 14482 72188 64940 14497 56406 
20796 7
72112 50805 7338 40740 72113 56049 52638 
20794 7
72111 38880 5162 43988 40007 24521 14498 
20790 7
72107 55255 24872 24272 32895 11967 7604 
20783 7
72098 18152 71661 33178 54434 47377 21591 
20731 7
72033 13929 12917 66493 34078 46555 5504 
20653 7
71940 28262 36403 54441 56351 15313 8225 
20612 7
71900 46175 65678 23671 64933 619 57373 
20573 7
71848 7723 31484 44759 20384 22883 103 
20570 7
71846 51590 23739 42535 17269 25353 71847 
20549 7
71817 71819 69264 18523 45134 29129 55094 
20423 7
71676 7611 31102 36413 13495 71679 59331 
20365 7
71619 33423 32007 70366 39037 71623 24936 
20237 7
71471 64720 61902 67220 71473 35899 66087 
20204 7
71434 71435 37360 508 11823 47651 29034 
20178 7
71406 45509 25024 8746 4866 69084 31244 
20130 7
71346 71347 23758 30223 25395 71348 50091 
20115 7
71328 24193 71329 19560 55797 13811 71330 
20052 7
71260 71261 51885 28889 70222 26873 33609 
20043 7
71244 17030 71245 65352 48660 38877 34785 
20029 7
71228 64554 71229 53516 23292 62915 51555 
19997 7
71185 60295 26843 67120 67100 6385 52590 
19946 7
71135 32499 60307 51817 4940 70940 69813 
19918 7
71105 43225 39155 57539 63008 36803 56711 
19914 7
71101 71102 58222 64102 70540 20250 53128 
19905 7
71088 19361 54942 37278 62909 10932 47675 
19877 7
71051 1027 34124 16915 41601 57530 61678 
19860 7
71032 5403 60639 70859 49866 8302 58316 
19775 7
70934 41648 38128 16438 19319 14174 3837 
19765 7
70919 40484 27740 14537 13011 56500 1404 
19751 7
70899 39189 70901 51681 14857 70902 70903 
19734 7
70879 29752 28660 28554 52078 5534 57880 
19613 7
70732 47161 20774 54986 70734 70735 13374 
19566 7
70666 32028 7414 56824 67257 9462 37182 
19556 7
70651 70652 70653 12039 31059 12895 4482 
19507 7
70590 19374 44494 63600 19688 24316 70592 
19467 7
70542 29264 39415 21801 35743 27605 39820 
19455 7
70523 58944 70525 70526 54025 63563 19955 
19407 7
70462 70464 49175 70465 47939 70466 11360 
19405 7
70458 65185 70459 18690 40808 70460 70461 
19396 7
70449 5002 25410 54981 13871 42285 29768 
19390 7
70442 18853 2884 11822 70443 69887 34491 
19388 7
70441 65688 22534 2576 38395 17956 26400 
19369 7
70417 47244 42630 3505 20118 43526 18881 
19367 7
70415 55771 1502 40845 40096 17565 24745 
19352 7
70399 70400 46915 35028 12672 12774 62535 
19330 7
70380 26152 17962 3726 14501 27531 51383 
19239 7
70281 21149 28003 18926 21293 2592 12444 
19232 7
70272 40641 18045 55326 70273 1721 38601 
19187 7
70212 64392 52890 63952 5556 70214 41930 
19178 7
70200 32198 38144 8807 61750 70201 40395 
18970 7
69896 29393 23764 58331 49994 64887 27000 
18953 7
69874 65991 25635 3680 35063 54718 46585 
18920 7
69825 69826 55332 34372 33520 46441 21803 
18891 7
69780 63880 44836 34323 69782 30137 43728 
18881 7
69769 24444 38313 19785 60761 66584 56466 
18840 7
69731 43646 61711 61663 31661 41807 69732 
18792 7
69664 10994 42322 66457 42284 64701 55533 
18740 7
69600 46503 62969 9626 55507 69601 52578 
18738 7
69597 69598 27846 36348 68766 54300 69599 
18714 7
69564 30402 59165 11259 30597 65887 37729 
18711 7
69559 4484 28920 57780 52269 56459 68656 
18686 7
69516 37735 28638 6827 35634 69517 8572 
18670 7
69491 14959 69492 47150 9776 656 59147 
18622 7
69430 1298 9788 41148 30238 39844 40207 
18604 7
69401 68991 10098 59352 52984 62506 69402 
18577 7
69366 9500 67084 1623 60914 55420 23953 
18539 7
69316 1486 69317 59588 16470 7065 68917 
18492 7
69250 13926 38075 69251 69229 28420 69252 
18466 7
69217 69218 60907 38442 53975 10087 30725 
18393 7
69114 27953 22574 69115 45139 20139 69116 
18382 7
69100 16625 32484 713 25169 69101 27218 
18369 7
69083 69085 5949 53152 6004 49895 68516 
18363 7
69075 64995 4544 64267 68257 29200 65905 
18319 7
69017 47530 51238 13108 53337 35205 3469 
18297 7
68986 64967 38978 63525 63462 44997 62906 
18185 7
68814 49188 68816 40732 56726 60609 4880 
18147 7
68762 67975 64296 10077 68763 68764 33848 
18126 7
68736 42881 1191 38708 13532 36354 6683 
18001 7
68559 13727 15399 19901 42416 8294 27968 
17914 7
68429 54136 53463 56913 62686 68430 68431 
17913 7
68428 66385 25213 1300 10931 60971 21272 
17904 7
68420 51476 42963 17253 53413 61642 42929 
17885 7
68384 54927 26557 51675 804 37376 4200 
17802 7
68261 59643 41182 52717 67212 14257 19445 
17774 7
68210 68211 19735 15740 23857 12200 68212 
17764 7
68196 50115 68197 40463 64459 16796 44345 
17741 7
68160 33226 55967 59223 42185 14350 19078 
17705 7
68105 58488 40491 39222 68106 39382 68107 
17701 7
68098 68100 46819 26655 68101 23762 68102 
17698 7
68096 59098 43581 12881 50023 58397 68097 
17691 7
68086 55770 45724 42660 62039 68088 41728 
17684 7
68074 52015 6731 68075 30805 68076 51384 
17630 7
67984 54992 32514 67152 29610 65471 19987 
17627 7
67980 67981 41498 39777 25214 22783 42131 
17592 7
67921 67922 5098 20201 27222 21700 5193 
17512 7
67784 45960 3782 67785 3050 67786 60901 
17480 7
67735 43859 66331 67736 51687 14411 67737 
17434 7
67665 52281 63604 13285 67666 8309 44116 
17362 7
67574 67575 17880 10081 25007 67576 38991 
17272 7
67442 41372 8183 5501 38387 67443 67444 
17228 7
67373 67374 45719 49480 52362 25670 27844 
17189 7
67311 67313 37716 49740 58037 15233 67314 
17172 7
67283 39534 66951 66153 23213 67284 58578 
17133 7
67222 18751 57437 5023 65077 67223 64527 
17127 7
67214 54613 35203 67215 27168 67216 63231 
17083 7
67136 57574 673 34499 47068 40009 67138 
17068 7
67114 40362 1060 17229 27977 27639 18962 
17065 7
67110 50206 52368 17732 2745 1868 43727 
17061 7
67105 31138 17909 48942 31993 19392 8909 
17058 7
67102 13487 30570 67103 29490 67104 64920 
16950 7
66922 4127 66613 62411 66923 1996 7874 
16916 7
66868 14842 38549 66869 66870 48855 66871 
16914 7
66867 47066 18184 19716 40157 59455 24089 
16911 7
66860 62425 62421 66863 64378 66864 53540 
16899 7
66840 66842 66844 61180 12919 66845 34438 
16869 7
66795 5045 63829 59275 66796 22179 6250 
16858 7
66779 66780 14874 10658 40083 16964 53207 
16850 7
66764 52031 30934 1385 23939 66765 10478 
16785 7
66668 47576 45433 28598 61063 499 9503 
16744 7
66617 26716 3644 22378 48161 48036 51215 
16740 7
66608 58541 61029 66609 51248 66610 16054 
16719 7
66565 8377 1054 1004 3834 64666 51989 
16622 7
66388 57568 66389 11524 8459 66390 12734 
16557 7
66276 66277 66278 30557 64228 51263 36217 
16494 7
66159 45766 65189 63456 66160 66161 37347 
16493 7
66157 23527 51549 31416 35948 5050 22689 
16483 7
66141 63033 40813 12413 21443 33998 45502 
16467 7
66108 40786 29858 5874 7145 60050 57122 
16443 7
66058 13571 11013 66062 66063 63185 42484 
16411 7
65995 65999 11124 4981 66000 4730 20437 
16400 7
65980 38936 62528 14329 55288 51760 33161 
16387 7
65952 28553 40855 33837 31422 41242 57308 
16340 7
65873 65874 2268 4018 44811 60051 14053 
16326 7
65844 37036 62003 6165 25953 65845 3036 
16282 7
65774 13162 23100 65776 8247 52509 3664 
16253 7
65721 65724 21767 65725 12520 27160 62723 
16244 7
65707 57974 8204 20030 51841 60649 33270 
16107 7
65430 29882 25287 56877 65432 59937 63108 
16039 7
65284 61737 65286 20583 39868 35132 56188 
16029 7
65261 23420 1955 65264 46346 65265 58754 
15989 7
65184 19031 37851 51500 16305 51326 65187 
15929 7
65084 15597 3686 33435 48202 47044 20482 
15864 7
64960 64961 40368 5256 64962 64963 64964 
15830 7
64902 10733 3054 44097 64903 1803 29722 
15809 7
64861 55011 57312 58673 64865 14687 11041 
15799 7
64844 5806 20392 64845 20065 2804 51216 
15794 7
64836 47383 51992 49409 26715 32506 25269 
15721 7
64699 13664 40441 49621 46982 44727 55434 
15676 7
64604 64605 61113 64606 8923 41047 44367 
15665 7
64585 57883 64586 41641 8888 31712 23262 
15618 7
64496 56088 22169 57370 9977 18090 20293 
15614 7
64486 26100 24829 34820 40664 59280 49791 
15609 7
64474 60771 42000 64477 64478 5006 64479 
15606 7
64472 56608 63705 64473 58360 352 62258 
15603 7
64466 56539 64468 54480 42883 52701 8433 
15531 7
64322 49692 64325 64326 38209 59651 51591 
15504 7
64272 5624 64274 16122 48318 64275 16742 
15478 7
64213 64214 64215 64216 64217 64218 41670 
15473 7
64203 5548 2148 49315 59850 44193 23926 
15430 7
64117 10029 64118 33002 40794 28407 17759 
15392 7
64044 64045 64046 36220 64047 43054 53702 
15340 7
63924 60303 62149 48655 63925 33578 63926 
15264 7
63763 17029 49776 30970 23345 63764 63765 
15249 7
63728 52270 63730 10857 63731 19674 1592 
15215 7
63657 40451 29217 63658 43654 35860 31170 
15176 7
63579 53675 33842 63580 63582 62156 63583 
15151 7
63527 63530 28790 8266 24834 34126 63531 
15120 7
63468 12566 49751 54140 63376 12257 14549 
15048 7
63321 63322 63323 63324 11802 63325 35580 
15043 7
63306 51047 56191 63308 50693 37809 12824 
15012 7
63246 39358 34454 61889 63055 50574 63247 
15011 7
63239 8542 63243 63244 63245 25947 10523 
14974 7
63171 29229 20397 6091 58809 63172 16209 
14933 7
63076 16198 16048 29489 40981 15965 50878 
14891 7
62990 62993 54112 6490 46049 54291 12132 
14840 7
62880 48290 3137 51671 30190 26867 915 
14799 7
62786 42287 45767 62787 34788 13060 57341 
14779 7
62744 36209 58318 53758 45798 5289 31571 
14732 7
62645 62647 8022 62648 28392 56244 62649 
14717 7
62614 1904 62617 15408 3532 40177 35449 
14692 7
62564 57709 54183 62565 30288 62566 53052 
14665 7
62508 23780 36448 51796 32588 62511 57157 
14659 7
62494 32571 33125 38397 15845 39899 40751 
14643 7
62456 12402 62459 56744 62460 62072 50083 
14628 7
62426 17894 41471 62427 62428 62429 62430 
14598 7
62346 8382 7833 2099 62347 48910 45024 
14543 7
62224 62228 61429 62229 16633 27285 45774 
14526 7
62183 4203 62184 52568 11774 23428 38480 
14507 7
62136 43133 62138 58082 2907 62139 62140 
14465 7
62047 41548 5332 53709 25798 59259 1457 
14417 7
61930 61425 17248 5891 56404 49239 61932 
14398 7
61887 29250 58963 33301 1249 42705 61888 
14355 7
61781 20473 61785 61102 47155 61786 4869 
14312 7
61691 32830 14377 61692 8571 38914 28060 
14213 7
61468 61470 45856 19637 8215 61471 14935 
14191 7
61424 37227 41302 13107 53292 61427 39658 
14164 7
61369 56029 42479 1068 61370 19861 5150 
14144 7
61328 35510 61329 55138 12946 33872 61330 
14108 7
61246 33557 49685 22193 15661 43304 61248 
14049 7
61124 6469 1401 61125 58859 61127 39800 
13943 7
60862 13076 60865 10752 12192 18282 45929 
13934 7
60846 19692 16547 60847 50555 21855 12777 
13676 7
60265 36530 60266 60267 49922 49521 60268 
13661 7
60234 50001 1123 4086 56107 42202 25645 
13613 7
60113 19825 45200 51977 26978 41225 3869 
13609 7
60104 60105 22492 1446 18912 16277 4935 
13579 7
60028 42662 60030 19190 525 21561 46622 
13530 7
59913 54306 54157 39083 33208 40102 41375 
13474 7
59781 44179 37048 59783 59784 59785 19664 
13461 7
59741 59743 56945 49560 59744 58565 19103 
13432 7
59669 59670 59671 59672 23123 59673 59674 
13351 7
59462 59465 59466 12455 59467 59468 21357 
13339 7
59433 36134 14415 30683 12527 59435 21501 
13321 7
59384 51831 43430 25825 59386 1030 16262 
13284 7
59293 7503 16514 19602 860 59295 59296 
13263 7
59239 59243 59244 33752 11031 59245 56584 
13254 7
59219 59220 59221 31618 32214 26119 59222 
13137 7
58927 58931 58932 13159 15218 58933 58934 
13085 7
58803 36261 29006 58805 23742 48007 58806 
13079 7
58785 10649 22268 18424 58789 10187 58790 
13060 7
58739 41961 58740 36404 51646 58741 20040 
13047 7
58703 9839 10692 49054 11656 13200 32364 
12977 7
58524 58527 44869 58528 45519 58530 28969 
12959 7
58475 51635 38232 31485 37880 58477 28024 
12917 7
58370 53008 38911 12815 47301 58374 23312 
12903 7
58338 58342 51430 52916 37045 57228 18317 
12891 7
58305 54958 58306 31054 34055 24685 58307 
12870 7
58248 49803 44093 58249 58250 44454 26544 
12790 7
58061 245 34463 39986 3669 58062 58063 
12783 7
58041 8149 15356 50949 35180 1469 58043 
12717 7
57877 57881 30337 57550 18357 29821 32251 
12659 7
57728 52434 7562 38507 57732 20369 55376 
12633 7
57667 46705 13614 10585 55812 12077 57669 
12554 7
57487 49027 34688 57489 57490 20164 16606 
12523 7
57407 57409 28633 23154 29318 49212 2635 
12395 7
57059 57062 57063 7544 29510 57064 57065 
12388 7
57044 57045 48316 5063 35106 39445 49668 
12363 7
56967 44768 26615 56971 49191 5422 31834 
12358 7
56957 14705 14061 22592 56958 21814 52014 
12298 7
56797 38577 54436 42385 5606 1557 16428 
12239 7
56639 56641 18131 16142 3174 47206 21329 
12233 7
56626 17598 12372 56628 39364 48931 901 
12184 7
56492 56493 56494 12389 56495 36741 40319 
12115 7
56293 33917 56295 56296 56297 22638 12720 
12086 7
56225 56226 4070 56227 35620 46985 26775 
12056 7
56145 26587 48380 56147 28399 48094 13810 
12042 7
56108 56109 40299 50581 43034 9313 56110 
12018 7
56035 23917 25157 53136 56036 56037 47034 
12005 7
55992 55997 55998 55999 810 56000 56001 
11975 7
55915 29782 55917 42518 15136 27992 48299 
11969 7
55904 21914 40 55906 34631 24278 10929 
11858 7
55594 7703 25049 27084 44015 33975 16473 
11747 7
55280 55283 49341 40148 55284 39879 55285 
11731 7
55233 16624 14572 42996 41435 52917 20510 
11696 7
55140 42455 55141 55142 26095 55143 55145 
11692 7
55129 54201 49838 37831 44923 55131 55132 
11603 7
54877 33654 28191 52236 48384 34826 54878 
11538 7
54703 54704 42157 9979 35645 50982 48457 
11498 7
54589 54590 54591 54593 1264 54594 43290 
11426 7
54382 54383 54384 10094 48144 54385 48697 
11396 7
54294 8037 27644 20277 11796 16067 50814 
11389 7
54272 5250 54276 54277 46946 30430 17004 
11350 7
54152 12028 47277 49121 10768 34220 54155 
11344 7
54131 25050 26071 54133 6432 54134 54135 
11306 7
54012 20596 34404 54013 31326 11870 54014 
11296 7
53986 31324 51199 53988 25805 53989 53990 
11207 7
53724 53726 23507 16776 53727 25259 18670 
11194 7
53681 21675 53683 48539 24142 53684 53685 
11128 7
53486 47551 15783 2655 26446 48506 23191 
11099 7
53387 53388 40220 53389 35895 12202 39957 
11073 7
53318 24163 3148 37397 6505 53321 34754 
11057 7
53257 53260 53261 53262 52958 45178 13469 
11003 7
53092 26183 53096 2358 8681 21009 30726 
10932 7
52885 52886 52887 51517 52888 51848 21980 
10920 7
52843 52844 39547 52845 52847 51654 29899 
10715 7
52206 33751 52210 52211 19650 30102 32256 
10646 7
51993 51995 27004 15583 8837 7621 51996 
10642 7
51981 43669 34731 51982 51983 42520 51984 
10636 7
51961 51962 12417 19410 51963 49956 31961 
10561 7
51709 51712 36323 23379 11489 12019 11528 
10500 7
51512 12780 51513 10210 17038 46804 5202 
10363 7
51042 24263 45391 18242 3600 25280 51044 
10306 7
50860 50861 50862 50863 14161 50864 50865 
10293 7
50811 10206 1783 46680 11867 15100 50816 
10263 7
50713 21740 13210 8384 50716 6852 10090 
10204 7
50531 44221 34934 50532 50533 27768 50534 
10193 7
50500 37285 47124 43342 50503 3720 17606 
10132 7
50287 4936 38025 26881 6248 50288 50289 
10098 7
50179 7536 44240 50180 8009 28293 50181 
10093 7
50161 50164 24882 50165 50166 15951 26452 
10006 7
49878 15976 14643 11038 49879 49880 37835 
9991 7
49820 22377 41233 49825 13706 49826 34390 
9951 7
49691 11411 49696 49697 49698 49699 26760 
9908 7
49545 49546 40864 49547 35854 28897 43076 
9881 7
49458 26228 2029 49463 7332 41123 8994 
9808 7
49214 49215 48926 49216 4763 20316 49217 
9801 7
49196 10739 45937 49197 49198 49199 33916 
9756 7
49057 49058 31585 36207 49059 5790 22496 
9751 7
49033 16443 16771 27468 49036 1376 49038 
9746 7
49019 11047 49020 49021 9073 40974 29978 
9736 7
48987 48988 48989 48990 22192 48991 48992 
9619 7
48577 48579 48580 48581 48582 48583 38547 
9573 7
48427 20885 23657 11917 48430 48431 48432 
9482 7
48117 48118 37807 48120 47873 21108 8875 
9437 7
47964 34850 37531 7263 35517 47971 1287 
9424 7
47917 23178 47918 46246 22430 47919 6237 
9397 7
47816 47820 47821 47822 32819 47823 33551 
9371 7
47732 19980 47734 47735 34928 47736 47737 
9353 7
47676 22487 47680 23371 23933 47681 3114 
9346 7
47654 10639 946 47655 35199 43655 3534 
9323 7
47570 31203 19048 47571 47572 37191 47573 
9284 7
47432 47433 9130 47434 29774 47435 47436 
9238 7
47269 47270 31217 46333 17044 47271 47272 
9203 7
47140 19792 29967 25691 17965 47143 21454 
9176 7
47045 41765 2945 28474 47046 47047 7571 
9167 7
47008 1033 26996 4002 3366 21512 22118 
9139 7
46913 1245 43041 46916 46917 9343 46918 
9102 7
46780 46781 43086 46782 46783 23942 46785 
9086 7
46731 27428 46733 14814 46734 11127 46735 
9059 7
46626 11188 25369 24786 46632 46633 46634 
8972 7
46319 11708 46320 46321 46322 46324 5675 
8954 7
46250 46251 46252 33783 25677 6506 8788 
8895 7
46024 46028 46029 22037 21393 26340 9749 
8867 7
45917 35808 45919 45920 45921 45922 45923 
8857 7
45880 45884 18396 45885 38269 11487 45886 
8839 7
45818 45822 39449 45823 22688 45824 45825 
8833 7
45795 45799 13037 45800 33371 45801 45802 
8670 7
45189 13009 45190 24844 45192 45193 28133 
8656 7
45135 42230 45136 39782 45137 11488 18276 
8468 7
44435 29020 44436 44437 25770 44438 34714 
8402 7
44183 44184 22865 10271 42199 44185 9825 
8343 7
43953 417 43957 43958 35137 24550 43959 
8257 7
43604 14150 43608 25585 37933 24849 33396 
8228 7
43495 42766 38428 43496 43497 12840 43498 
8167 7
43250 41706 43254 17463 43255 21097 43256 
8132 7
43112 43113 43114 43115 43116 43117 43118 
8093 7
42953 36227 40134 36845 18547 42959 42960 
8055 7
42808 34250 42813 42814 31591 42815 2069 
8032 7
42723 8777 42724 7570 29891 13051 23294 
8030 7
42711 42712 42713 34080 42714 42715 42717 
8013 7
42628 42632 39178 42633 42634 42635 42636 
7933 7
42313 42316 18655 13764 42317 11306 36639 
7910 7
42221 42222 2771 42223 949 31741 19738 
7850 7
41985 41986 41988 17058 27065 41989 41990 
7816 7
41842 41843 24237 6826 38084 18541 41844 
7800 7
41773 33140 41774 41775 41776 41777 14112 
7791 7
41737 41740 22152 23595 7701 41741 41625 
7748 7
41572 28911 41573 9030 41574 41575 41576 
7712 7
41429 41430 4043 28043 31427 32480 9368 
7705 7
41398 10169 41405 7780 3883 41406 608 
7667 7
41240 36281 41243 5720 21595 41244 5985 
7628 7
41090 41091 16223 41092 28734 41093 41094 
7585 7
40914 37325 18418 40919 12531 40920 29205 
7579 7
40891 37514 40895 40896 40897 25883 40898 
7573 7
40868 40873 40874 32247 40875 27147 40876 
7497 7
40558 40563 40564 40565 19183 11428 29390 
7363 7
40013 39627 36353 40017 40018 40019 24041 
7310 7
39801 39802 39803 17796 39804 28490 9189 
7281 7
39677 13081 39679 5370 33405 34237 31384 
7234 7
39480 39481 39482 39483 39484 39485 39486 
7232 7
39472 11201 39473 39474 6414 17927 33768 
7208 7
39378 2840 25307 6576 39379 39380 11103 
7200 7
39348 26580 12356 14403 28419 2528 39349 
7154 7
39157 39158 39160 39161 39162 39163 21959 
7050 7
38728 14595 38729 38646 38730 7213 38731 
7039 7
38675 38679 22429 38680 38682 38683 14077 
6965 7
38346 30164 385 38351 38352 38353 38354 
6897 7
38040 33558 38045 38046 27737 38047 38048 
6820 7
37701 19317 37703 23521 37704 7617 24487 
6798 7
37598 37599 37600 37601 37603 37604 37605 
6773 7
37478 37483 37484 37486 37487 37488 30885 
6727 7
37275 27979 37282 16023 14960 28158 37283 
6711 7
37200 2595 3597 17192 37205 37206 37207 
6703 7
37168 37173 37175 37176 37177 23445 37178 
6688 7
37101 37102 37103 25465 37105 10351 14060 
6651 7
36934 36939 1588 36940 36941 33276 36943 
6583 7
36636 36641 1074 3728 36534 34559 36642 
6573 7
36592 36598 36599 36600 4423 6481 36601 
6570 7
36586 32341 9821 28129 36587 36588 28815 
6476 7
36155 36156 22932 36157 36158 24759 8019 
6427 7
35935 35938 14323 30744 35939 29924 35940 
6425 7
35927 35932 35933 15363 26125 35934 16544 
6294 7
35348 27957 35349 1178 35350 35352 25865 
6217 7
35007 34102 35012 12609 7230 4003 35013 
6203 7
34953 34956 17231 6255 34959 11824 34960 
6186 7
34883 34884 34885 34509 9113 21887 33351 
6124 7
34618 15462 34619 34620 29866 34621 34623 
6016 7
34129 4298 34130 34131 34132 7667 34133 
5796 7
33091 33092 33093 33094 33095 33096 33097 
5787 7
33042 33047 28962 33049 33050 33051 10203 
5744 7
32848 25679 32849 18220 836 32850 32851 
5742 7
32838 12297 32839 32840 32841 32842 32843 
5725 7
32761 32766 29425 32767 32769 11378 24935 
5710 7
32697 25875 32698 32699 32700 32701 1024 
5598 7
32150 32151 8832 32152 14349 32153 32154 
5592 7
32124 32125 32126 32127 7895 32128 32130 
5585 7
32087 32093 32094 32095 11332 883 32096 
5492 7
31648 31649 31650 31651 31652 31654 13514 
5476 7
31582 24507 28935 21263 10721 31583 24223 
5444 7
31432 23753 12797 31434 31435 31436 31437 
5248 7
30475 30476 27857 30478 30479 30480 30481 
5143 7
29966 10582 11348 5956 29972 29973 13992 
5097 7
29733 29738 17154 29740 29741 29742 2669 
5089 7
29693 23607 29699 29700 29701 20883 29702 
5049 7
29488 29492 25685 29494 29495 29496 4824 
5023 7
29354 29359 29360 17109 29362 29363 29364 
4987 7
29173 29177 29178 24039 6946 29179 11491 
4978 7
29137 29138 29139 29140 28121 29142 29143 
4836 7
28436 28437 27461 28438 28440 22406 28441 
4816 7
28342 28343 28344 28345 2968 28346 28347 
4769 7
28108 2665 28113 28114 28115 28116 28117 
4759 7
28061 28066 28067 6949 13293 28069 22381 
4753 7
28034 9148 28038 19101 28039 28040 28041 
4728 7
27917 27918 27920 27921 8578 27922 27923 
4722 7
27889 20205 27890 27891 27892 27893 7432 
4624 7
27392 27393 27394 6213 27395 10679 27396 
4615 7
27341 27346 23804 27347 6637 27349 21780 
4570 7
27114 18677 27115 27116 27117 27118 6105 
4562 7
27071 27072 16044 27073 27074 27075 27076 
4533 7
26932 26934 26935 26936 5998 26887 13103 
4503 7
26784 26788 26789 26790 21211 26791 26792 
4406 7
26293 18890 8308 26294 26296 26297 2018 
4389 7
26192 26198 26199 26200 26201 26202 26203 
4356 7
26017 26018 26020 26021 2454 26022 26023 
4348 7
25970 25971 25972 25973 25974 25976 25977 
4284 7
25649 25650 167 25651 25652 25653 22357 
4266 7
25556 25557 25558 25559 25560 25561 7437 
4251 7
25474 25481 25482 5381 25483 25484 20375 
4132 7
24875 24876 24877 24879 23432 3237 5496 
4108 7
24750 24751 24753 24754 24755 23014 24756 
4074 7
24571 6298 7805 24572 24573 24574 18693 
4053 7
24442 24449 24450 24451 24452 23374 24453 
3966 7
24000 24001 24002 3737 24003 20928 23083 
3940 7
23869 23870 23871 23873 23874 22303 23875 
3931 7
23813 23820 23821 23822 23823 8228 23824 
3848 7
23380 14775 23381 23382 23383 2744 23385 
3806 7
23163 15316 23164 23165 23166 23167 23169 
3763 7
22930 22937 19099 7223 22938 22939 22940 
3637 7
22238 22242 22244 22245 22246 22247 22248 
3541 7
21720 21727 21728 21729 6702 21730 21731 
3384 7
20865 20866 20867 20868 20869 20870 20871 
3379 7
20832 20838 20839 20841 1892 20842 20843 
3361 7
20732 3351 20735 20739 20740 20742 20743 
3350 7
20673 20675 20676 20677 20678 14515 20679 
3338 7
20612 20613 20615 17911 11226 4296 20616 
3299 7
20396 13155 7971 20403 20404 20405 16427 
3289 7
20342 20348 20349 20350 12935 20351 20353 
3277 7
20278 20284 20285 20286 20287 20288 20289 
3227 7
19999 20005 1554 2982 20006 20007 20008 
3160 7
19630 19631 19632 19633 11868 19634 19635 
3137 7
19497 19502 19503 19504 19506 19507 19508 
3129 7
19452 19458 19460 19461 3890 19462 19463 
3095 7
19261 19267 19136 19268 19269 19270 19272 
3058 7
19057 19058 19059 5827 19060 19061 19063 
3036 7
18933 18934 18936 18937 10185 18938 18939 
3006 7
18765 18766 411 18767 4011 18768 18769 
2952 7
18459 18460 18461 18462 18464 18465 18466 
2943 7
18403 18410 18411 18412 18413 18414 5978 
2932 7
18345 18346 9492 18347 11415 18348 18349 
2905 7
18183 18186 9505 9606 18187 6366 18189 
2789 7
17534 17540 17541 11310 17542 17543 11195 
2751 7
17317 17323 17324 10284 3108 17325 17326 
2747 7
17296 17300 17301 17302 17303 17304 17306 
2733 7
17217 17222 17223 17224 17226 17227 12464 
2686 7
16942 16943 16944 16945 16946 16947 16948 
2535 7
16080 16086 16087 16088 16089 16090 16091 
2497 7
15854 15861 15862 4554 15863 15864 15865 
2455 7
15601 15609 15610 15611 11248 8636 15612 
2432 7
15467 15468 15470 15471 15472 15473 15474 
2408 7
15322 15323 15324 15326 15327 15328 15329 
2374 7
15118 797 15119 15120 15121 15122 15123 
2373 7
15107 15110 15111 14051 15113 15115 15116 
2310 7
14731 10218 12887 14732 14733 14734 14735 
2296 7
14646 14648 14649 14650 14651 7246 14652 
2284 7
14576 14577 5010 14578 14579 14580 14582 
2222 7
14199 14200 14201 14202 11288 14203 14204 
2196 7
14044 14045 14046 14047 14049 14050 796 
2173 7
13902 13908 13909 13910 13911 13912 13913 
2128 7
13642 13643 13644 13645 13646 9792 13647 
2114 7
13564 1959 13565 13566 13567 3641 13568 
1997 7
12865 12872 12874 12875 12876 12877 12878 
1986 7
12806 12807 12808 12809 12810 12812 12813 
1974 7
12735 12736 12737 12738 12739 1680 12740 
1959 7
12639 12645 12646 12647 12648 12649 12650 
1904 7
12309 12310 12311 12312 12314 12315 12316 
1889 7
12209 12216 12217 2829 12218 12219 12220 
1837 7
11888 11896 11897 11898 11899 11900 11901 
1806 7
11710 1364 9957 11711 11712 11713 11439 
1788 7
11599 11600 11601 11602 11603 11605 2104 
1703 7
11081 11088 1380 11089 11090 934 11091 
1673 7
10894 10900 10901 10902 10903 10904 10905 
1590 7
10395 10396 10397 108 10399 10400 10401 
1564 7
10239 10240 10241 3106 10242 3612 10243 
1517 7
9942 9950 9951 9952 9953 9954 9955 
1415 7
9309 9316 9317 9318 9319 9320 9321 
1394 7
9179 7869 9180 9181 9182 9183 9184 
1306 7
8619 8621 8622 8623 8624 8625 7709 
1246 7
8231 8232 8233 8234 8235 8236 8237 
1216 7
8048 5218 8050 8051 8052 8053 5129 
1180 7
7817 7818 7819 7820 7821 7822 7823 
1095 7
7265 7272 7273 7274 7275 7276 5954 
1066 7
7083 7084 7085 7086 7087 7088 7089 
1055 7
7006 7013 7014 7015 7016 7018 7019 
946 7
6303 6304 6305 6306 6307 6308 6309 
869 7
5785 5792 5793 5794 5795 5796 5797 
785 7
5235 5241 5242 5243 5244 5245 5246 
752 7
5032 5033 5034 5035 5036 5037 5038 
741 7
4956 4963 4964 4965 4966 4967 4968 
653 7
4372 4378 4379 4380 4381 4383 4384 
599 7
4014 4022 4023 3300 4024 4025 4026 
514 7
3458 3298 3460 3461 3462 3463 3464 
478 7
3226 3227 3229 3230 3231 3232 3233 
468 7
3158 3159 3160 3161 3163 3164 3165 
401 7
2703 2708 2709 2710 2711 2712 2714 
385 7
2599 2606 2608 2609 2610 2611 2612 
356 7
2410 2411 2412 2413 2414 2416 2417 
343 7
2316 2323 2324 2325 2326 2327 2328 
242 7
1646 1647 1648 1649 1650 1651 1652 
187 7
1269 1276 1277 1278 1279 1280 1281 
170 7
1161 1162 1163 1164 1165 1166 1167 
87 7
590 597 599 600 601 602 603 
83 7
563 570 571 572 573 575 576 
51 7
346 353 354 356 357 358 359 
33 7
222 229 230 232 233 234 235 
29946 7
78573 71537 14945 63126 45809 52413 41358 
29814 7
78507 29424 67276 31148 10477 16853 10197 
29804 7
78502 842 58074 48673 23483 48542 27306 
29718 7
78459 70750 54672 59504 18855 61173 52615 
29704 7
78452 55230 66590 50867 60806 26368 3596 
29682 7
78441 52788 23109 62218 9872 15509 24854 
29675 7
78437 10385 51187 17266 62304 30520 53360 
29672 7
78436 8770 34168 75507 35167 49984 76257 
29660 7
78430 26342 69442 53063 62061 58068 39532 
29554 7
78377 59003 43051 3552 63685 71891 26176 
29491 7
78345 16845 20474 24733 1462 26197 41552 
29423 7
78311 54512 77517 19480 66949 17949 72354 
29271 7
78234 63375 12304 31117 22013 2056 36212 
29145 7
78171 62490 9110 77381 63548 41477 59711 
29097 7
78147 50042 37339 58137 77492 23941 19170 
29029 7
78113 4219 38158 61197 51087 47857 27803 
29006 7
78102 62807 3367 28179 9986 67033 60436 
28917 7
78057 25937 73752 29663 60453 20443 76808 
28868 7
78033 13867 44196 54096 35030 72014 3642 
28811 7
78004 35065 3618 19245 77042 5757 72549 
28784 7
77991 41596 31229 62169 965 56624 52632 
28696 7
77946 58269 72939 73719 75223 58115 46697 
28684 7
77940 70140 75749 18122 56588 51951 15787 
28587 7
77889 38403 7049 28861 22736 70610 65060 
28408 7
77797 73477 9507 12173 19027 59594 24965 
28313 7
77749 71116 37241 31534 69919 20102 31471 
28265 7
77724 21 11147 33414 53500 21515 74213 
27920 7
77546 16018 52400 45889 11485 15393 43845 
27892 7
77532 16681 14721 56456 63023 49166 27001 
27862 7
77515 67472 18786 6278 37516 17133 1847 
27808 7
77487 58450 60033 41801 30484 62296 52287 
27764 7
77465 62048 65153 35428 5508 71720 1268 
27730 7
77448 51481 24933 55651 44879 41953 32547 
27645 7
77402 46799 45682 29060 72921 2116 72692 
27631 7
77394 66560 53557 40634 58718 68187 19656 
27591 7
77371 74909 40413 74498 15279 30278 16268 
27579 7
77365 33723 45882 31343 75431 63464 48682 
27476 7
77311 16532 5833 52589 57633 71785 43191 
27475 7
77310 76071 36031 11342 19718 11497 3155 
27449 7
77295 38568 33207 39362 8935 59403 77296 
27445 7
77292 32544 59759 27507 40791 60712 74357 
27364 7
77246 30968 7091 45651 45041 60647 39561 
27353 7
77240 52541 25454 65800 40748 45476 16191 
27286 7
77207 35747 8584 72789 43631 64510 16660 
27239 7
77180 21000 69528 15916 64235 15592 66036 
27062 7
77083 61717 28368 35189 5270 75791 8348 
27053 7
77078 62246 52627 70760 49671 26600 66131 
26908 7
76998 34579 30155 7405 30060 62838 56650 
26898 7
76990 42475 70426 48317 28986 76148 50986 
26896 7
76989 63228 6659 55294 23131 44073 64976 
26700 7
76870 72767 6489 56079 20875 1266 5490 
26573 7
76797 64067 30647 76081 10322 66659 62026 
26484 7
76750 73085 40650 73572 32390 33962 57127 
26458 7
76735 23146 38912 68407 67623 42045 51427 
26448 7
76728 63213 26378 34724 48861 48159 57980 
26420 7
76710 72400 65558 56907 60437 51581 65336 
26324 7
76656 50182 12089 17164 44066 70567 61123 
26322 7
76654 42104 46316 43278 34549 76655 910 
26283 7
76631 12165 64598 73876 5090 14268 4371 
26207 7
76585 68048 58297 71982 54092 25447 10615 
26198 7
76580 74393 25765 62467 74949 62274 41568 
26172 7
76562 3511 76042 7105 16543 69286 48097 
26113 7
76528 16698 73207 40252 3613 65347 23367 
26022 7
76472 60013 56073 25337 54497 46730 49586 
25976 7
76443 16287 43707 59451 20795 8774 15527 
25928 7
76414 19765 40694 58556 27637 51707 46933 
25885 7
76388 20163 54683 60135 68402 30965 20393 
25834 7
76356 51778 66059 74529 21141 61640 33438 
25798 7
76334 11222 20592 22109 73784 45769 29623 
25653 7
76239 51176 73228 60740 67481 68 24526 
25635 7
76222 39775 21161 76223 63120 66621 16421 
25622 7
76213 21417 39926 9133 11225 38170 42957 
25507 7
76146 72919 65663 20798 6666 2886 10898 
25290 7
76001 8638 4532 61492 33940 69555 1444 
25275 7
75990 21491 36862 59597 25013 9200 47220 
25172 7
75921 40160 45525 933 30952 63127 11334 
25132 7
75896 24870 7486 63850 70206 38599 56768 
25128 7
75893 35976 65966 49906 26955 31080 19179 
25085 7
75859 3800 63618 13141 60272 42097 29419 
25052 7
75836 64929 6888 67226 13323 53834 37997 
24982 7
75786 17790 48251 38954 65506 33013 75787 
24919 7
75742 12728 30403 14062 73098 75631 61183 
24876 7
75715 35221 3247 51358 33493 57708 31015 
24874 7
75714 39249 55627 71776 32425 52892 17888 
24867 7
75707 66315 57647 62178 55026 38956 11685 
24838 7
75688 71930 22888 23437 28855 19864 13281 
24823 7
75677 53158 3199 6839 55279 60990 30009 
24728 7
75608 65395 25611 25493 52998 29790 68056 
24663 7
75564 33938 19354 6097 71408 41839 74531 
24552 7
75489 33241 41456 67759 18123 18510 73843 
24525 7
75468 35891 56506 4334 27729 42915 41416 
24377 7
75364 69257 67164 2262 55641 65808 73899 
24086 7
75157 43337 13198 24971 21305 21237 20104 
24042 7
75126 47575 530 66627 24097 7771 15558 
23969 7
75073 70959 56997 64939 67718 54722 71522 
23911 7
75032 64080 59690 11987 62869 614 75033 
23856 7
74988 68395 49257 57636 45507 4724 58910 
23819 7
74956 20857 6075 46109 22518 55225 5811 
23813 7
74952 72305 69949 61436 57129 70600 39112 
23793 7
74939 22 71444 33495 55470 6829 60870 
23765 7
74921 74785 74142 53397 16605 28547 34169 
23744 7
74905 19937 70341 68712 60853 71892 63489 
23699 7
74868 6410 74590 37286 17885 62385 20695 
23674 7
74843 35215 7523 45805 40169 74844 23204 
23621 7
74796 72031 28919 61707 73634 41545 67835 
23607 7
74783 44159 37169 15183 49520 67640 43777 
23533 7
74733 20808 25394 54517 31637 26514 44704 
23439 7
74660 74513 23089 10410 28173 46212 24165 
23400 7
74630 32878 3872 51653 29689 5135 20999 
23368 7
74610 17392 33174 4487 743 55890 35368 
23185 7
74461 48825 28382 57756 24108 60458 49301 
23155 7
74437 35701 69368 61396 28298 74278 64927 
22974 7
74290 58783 50741 21857 15282 59737 42833 
22903 7
74225 2347 57173 41328 24858 67213 33568 
22881 7
74208 62479 6790 45918 72496 33567 59164 
22855 7
74187 32602 67425 7191 2694 26488 18027 
22578 7
73927 23269 18590 4744 44349 34930 33878 
22252 7
73646 44490 30001 44136 73647 71090 20528 
22238 7
73629 71616 58693 73630 73631 18540 11087 
22143 7
73532 8410 62190 7168 72288 65682 12458 
21888 7
73278 73279 44123 48850 70271 19683 9154 
21813 7
73201 61442 29710 40308 23215 60845 56333 
21567 7
72948 52401 38030 61550 59815 34825 51090 
21547 7
72925 51755 58229 67903 36176 50945 48013 
21348 7
72707 52872 21624 6076 55944 19073 44625 
21212 7
72562 61968 50043 48079 16530 45747 28922 
21021 7
72348 29309 63968 70064 53283 50910 19383 
20962 7
72285 26826 45855 22036 46846 46714 13246 
20933 7
72254 6160 21229 29896 67774 71133 55534 
20884 7
72207 56149 38659 10173 66133 13206 6019 
20818 7
72132 16557 48576 70872 36089 70438 71161 
20787 7
72103 1257 728 59336 57210 35306 33387 
20722 7
72024 43322 71743 4367 16128 1160 60605 
20618 7
71908 46769 23928 3715 38288 40016 71909 
20594 7
71877 71878 55811 23794 71880 31981 46838 
20554 7
71825 50586 71826 15252 27898 71827 7787 
20542 7
71813 37723 2007 12325 538 11357 45477 
20227 7
71460 25808 65112 67782 40404 46107 5401 
20200 7
71430 49613 15995 50138 44156 44208 9451 
20199 7
71428 52380 29085 15449 56813 67972 52315 
20191 7
71421 28016 42297 43761 47553 37280 8100 
20144 7
71359 11500 54126 27554 12052 71360 69805 
20107 7
71320 71321 5702 49186 30617 61094 62171 
20013 7
71205 4472 42472 47684 641 71206 4909 
19878 7
71053 58899 69757 43231 26725 48934 35345 
19844 7
71012 38115 30982 52969 59710 28213 40132 
19841 7
71007 21961 23258 63918 71009 23340 19131 
19834 7
70998 70820 22543 62664 70999 7852 61806 
19817 7
70978 37187 4144 63967 42177 60678 65684 
19745 7
70891 32723 46266 8975 19624 59416 70893 
19579 7
70680 70682 19869 70683 62159 21915 70684 
19438 7
70504 9423 29127 29759 66516 49893 70235 
19416 7
70477 1481 60737 31903 70478 70479 70480 
19392 7
70446 4848 9347 40321 47603 29079 22196 
19358 7
70407 4548 49816 54228 26742 70409 19367 
19307 7
70353 49369 274 12150 53460 53088 51146 
19289 7
70331 6148 53822 41608 70332 70333 27280 
19269 7
70309 20765 35998 47242 50487 47186 17762 
19252 7
70293 49957 40549 22850 46702 1368 50474 
19170 7
70188 10561 62540 57565 70190 11434 39167 
19149 7
70160 34382 37919 2285 60279 25354 69196 
19058 7
70026 19447 10052 1657 36371 16619 3976 
19042 7
70005 20957 19380 7549 30127 47037 63068 
19004 7
69952 69953 43235 30431 33543 12547 54026 
18996 7
69943 63378 55121 69944 24358 5927 63442 
18990 7
69932 36441 69933 40936 29054 47718 46131 
18955 7
69876 33588 19645 10364 61850 25506 4635 
18875 7
69763 49130 18287 14557 53562 60958 5762 
18855 7
69745 44993 31086 17757 69746 29969 49655 
18849 7
69739 15885 16037 66943 29305 66146 51735 
18789 7
69660 26505 35274 69661 29833 35457 54338 
18691 7
69522 50678 47787 69523 69524 45725 69525 
18617 7
69422 59803 35883 19771 69423 23795 31634 
18589 7
69382 64018 68945 11120 51941 53006 44565 
18470 7
69221 22966 58165 66346 60690 22740 52956 
18396 7
69121 38287 69122 57999 59826 60392 42862 
18377 7
69094 903 65371 29170 21364 63073 66634 
18289 7
68975 68977 6311 44621 6840 67932 17806 
18173 7
68800 24827 33798 52767 45483 65616 51443 
18161 7
68782 68784 14235 62764 53645 60222 45586 
18153 7
68770 68773 5345 3879 34446 27407 14989 
18145 7
68760 6082 26520 13312 68044 7699 17125 
18047 7
68625 565 68628 39431 24005 51072 2766 
18042 7
68619 67020 68620 63184 68621 6588 54826 
18011 7
68572 53953 66460 68574 48940 55217 22690 
17968 7
68509 30343 35016 31137 17298 8631 28977 
17937 7
68462 68463 66106 68465 40179 51391 2044 
17877 7
68371 67871 13137 40354 14476 68376 45008 
17843 7
68315 51083 58200 7287 53944 10724 68317 
17833 7
68302 28694 64160 9787 14806 41976 1807 
17829 7
68298 2537 21928 57318 49677 68299 13225 
17821 7
68287 57869 36952 31284 14214 50480 5515 
17789 7
68236 38642 68238 41723 63369 33234 36234 
17658 7
68032 66428 46459 14219 68034 11698 46224 
17573 7
67885 67887 2936 32029 22418 9202 51694 
17472 7
67724 11062 10252 50609 62129 61340 27573 
17385 7
67606 3666 60387 42288 46303 61465 24899 
17381 7
67601 20230 22848 4553 66198 3929 28294 
17349 7
67550 66702 40106 21137 32348 10710 67099 
17311 7
67490 52166 28110 19000 46963 54882 56625 
17250 7
67407 35710 31139 20357 43491 67409 28933 
17231 7
67377 66344 3323 39586 42001 37766 31519 
17193 7
67318 53120 15097 55777 2879 28075 6228 
17182 7
67300 24887 15024 1770 67301 52022 67303 
17144 7
67243 67244 30170 67245 48708 53558 60190 
17039 7
67067 4461 6450 67068 30491 3730 40795 
17028 7
67050 54880 33854 21744 67052 8419 49117 
17003 7
67004 27550 60071 60632 55213 9831 56733 
16839 7
66746 59232 66747 50034 47674 7949 45140 
16837 7
66742 52571 66744 16912 1209 48494 9210 
16832 7
66736 48133 4015 61715 48615 66737 66738 
16671 7
66475 25244 62137 35858 50286 642 38524 
16661 7
66453 63512 53795 37570 25915 66454 6345 
16654 7
66441 58281 65176 39625 66443 14320 1548 
16517 7
66199 7569 3621 18793 65129 31581 41848 
16264 7
65741 2221 17360 10786 52862 8216 16051 
16152 7
65515 56353 14014 32065 9926 25418 13399 
16122 7
65452 29625 12058 45630 33997 64229 24008 
16048 7
65298 18480 32706 5480 13651 732 4040 
16014 7
65233 38631 65234 62323 17596 2179 65235 
16012 7
65225 2365 50402 60875 6282 65228 29816 
15898 7
65031 62066 27023 22321 32318 7100 65032 
15867 7
64966 56210 22777 16457 23897 31121 64969 
15776 7
64800 59792 44204 64801 40313 13134 64802 
15763 7
64781 51189 56192 16589 57475 61564 44500 
15627 7
64511 61632 64513 6642 33605 64514 16027 
15511 7
64282 27063 53220 10577 51307 32986 56446 
15428 7
64116 52195 11484 48603 58898 32884 35102 
15427 7
64112 12683 42743 36343 9381 39535 64115 
15402 7
64063 30023 13686 3942 6708 19208 61655 
15396 7
64056 24894 45513 25810 8475 18275 4078 
15335 7
63913 4293 25773 61018 63915 63916 21023 
15219 7
63664 41617 54072 29811 2088 42546 37131 
15084 7
63399 24584 63401 63402 54731 36045 43773 
15014 7
63249 28242 39426 63250 44167 22650 22662 
14973 7
63165 49299 1514 1198 63169 63170 9345 
14758 7
62702 62704 37201 62705 17024 60492 59983 
14622 7
62408 22927 17032 60935 62410 58925 54743 
14569 7
62284 62286 62287 16655 62288 62289 8401 
14488 7
62095 44335 34716 61229 36824 62096 31220 
14463 7
62042 20043 62044 5942 17780 18456 44794 
14459 7
62033 10439 62035 57971 594 14831 53414 
14429 7
61957 38080 27839 18193 61960 42801 61961 
14411 7
61916 61919 61920 21172 5367 1745 61921 
14298 7
61657 39595 54169 61660 61661 61662 5348 
14292 7
61646 51023 61647 7076 3140 41692 55379 
14224 7
61491 50284 58957 45246 20430 36351 35456 
14086 7
61208 48515 40918 10096 17632 32814 7898 
13966 7
60921 4129 60922 30035 15809 40667 60923 
13774 7
60482 34033 58362 39352 60484 12753 60485 
13711 7
60354 24920 23096 57480 60355 35111 60356 
13705 7
60340 60343 60344 35991 9418 37243 33828 
13672 7
60260 32397 28148 2291 7393 44384 56486 
13632 7
60167 1067 60168 60169 16298 54858 11150 
13631 7
60162 29676 6851 47193 19530 35776 60166 
13577 7
60025 16220 60026 2188 34089 52873 18687 
13561 7
59987 59988 2799 58835 19599 5567 57777 
13546 7
59951 33268 50866 18565 40143 17182 22521 
13434 7
59676 11689 5625 17319 59677 26043 14301 
13264 7
59247 28575 50921 30161 7005 59248 40709 
13215 7
59118 51524 12055 59121 777 59122 50536 
13167 7
59006 39930 59008 59009 59010 20032 59011 
12980 7
58533 33546 47897 52093 51793 27651 6089 
12952 7
58456 3005 58457 315 12781 58459 23148 
12927 7
58396 32048 52829 10662 49782 58399 25502 
12919 7
58375 58377 49399 55536 42133 41474 17502 
12665 7
57744 43018 43927 37290 57655 57749 39093 
12604 7
57600 16056 57261 35450 57601 57602 57603 
12513 7
57383 20010 57386 57387 57389 39063 29274 
12407 7
57089 57093 36871 47544 7450 53036 12532 
12315 7
56839 22731 56842 50769 17119 3792 17332 
12276 7
56738 50322 45735 40554 56740 56741 56742 
12256 7
56683 39876 56684 51147 36542 56685 7174 
12248 7
56665 26635 56666 56667 23677 49371 3245 
12122 7
56318 18699 16826 56319 18329 8018 56320 
11887 7
55664 13674 55666 10924 46842 55667 55669 
11885 7
55659 3446 41579 55662 11955 29643 36023 
11770 7
55353 39243 55354 3034 55355 7725 45582 
11759 7
55318 55321 55322 23754 55323 55324 628 
11417 7
54348 53844 54353 54354 54355 54356 54357 
11391 7
54278 54281 24548 43742 8461 12979 20955 
11294 7
53982 38931 42800 40453 53985 7567 43846 
11286 7
53961 32387 53962 30270 53963 53964 24771 
11264 7
53902 188 10833 53700 53903 43474 53904 
11243 7
53836 33602 53837 5331 53838 53839 21053 
11196 7
53689 53690 29914 10247 17822 39238 51562 
11190 7
53668 53669 53671 28280 53673 1612 8452 
11159 7
53571 53573 23170 53574 30364 53576 53578 
11087 7
53355 30895 48291 41486 18856 44226 13598 
11066 7
53295 53297 28758 53298 53299 47147 2002 
10987 7
53043 53046 5210 42570 18399 48681 46584 
10982 7
53028 53030 19939 17288 33781 53031 52385 
10964 7
52975 52977 44051 40493 52979 43437 52980 
10947 7
52925 52926 36986 5882 52927 9791 45532 
10944 7
52920 35611 11871 5731 52921 11560 43367 
10937 7
52900 1837 52904 32553 52905 52906 52670 
10858 7
52654 52655 4449 52657 25754 52659 52660 
10808 7
52479 52481 52482 52483 52484 52485 52487 
10795 7
52443 52444 20111 47228 52445 43251 52446 
10758 7
52330 52331 52332 52334 52335 17547 48648 
10733 7
52259 52262 52264 52265 52266 28965 6120 
10717 7
52212 52214 34497 52215 13584 6643 52217 
10664 7
52046 14073 35366 27663 12730 9390 52049 
10659 7
52034 12184 43795 50247 52037 16201 52038 
10578 7
51764 51766 14930 51767 29412 51768 51769 
10445 7
51330 32665 51334 2022 16883 23707 48876 
10440 7
51314 51315 51316 47711 36062 51319 51320 
10298 7
50831 50832 41483 6391 39004 50834 14123 
10194 7
50505 50506 42767 13494 5810 50507 50508 
10181 7
50460 49570 40766 50465 32540 47015 32336 
9998 7
49847 49848 49849 49851 49852 49853 46617 
9893 7
49493 45853 49111 19681 46181 49494 49495 
9884 7
49468 41075 49469 49470 30118 23600 48172 
9590 7
48485 13325 48486 26685 1825 3250 48487 
9574 7
48433 48434 21384 48435 40281 48437 39905 
9567 7
48406 42372 27473 18156 13876 48409 48411 
9521 7
48238 4156 48241 48242 6150 48243 47838 
9448 7
48003 3690 31599 12254 48004 48006 45666 
9440 7
47976 47977 4925 14502 23573 32315 23557 
9415 7
47887 5900 47890 5157 10944 23529 22892 
9413 7
47879 14336 47882 37755 47883 47885 47886 
9377 7
47750 25807 40172 47428 30252 47753 9568 
9372 7
47738 47739 33843 23461 23572 33737 47741 
9361 7
47698 47703 35105 47704 47706 47707 20475 
9326 7
47579 47580 21160 31883 15680 47582 47583 
9307 7
47512 14453 4841 47515 47516 39299 47517 
9160 7
46987 31136 4937 44718 46989 46990 46991 
9097 7
46763 19005 7118 23190 7301 31482 19877 
8912 7
46097 42951 16121 46100 42830 46101 6347 
8891 7
46007 46009 28358 46011 46012 15876 36042 
8883 7
45979 7337 44403 45983 45984 45985 36673 
8842 7
45830 45831 5512 10001 9373 36761 45832 
8738 7
45459 45460 44137 45462 12376 45464 45465 
8640 7
45076 20110 15580 19917 45078 21415 1065 
8628 7
45030 19510 40128 45032 43459 45033 5721 
8574 7
44835 19696 3373 15210 36527 7541 7850 
8353 7
43996 43998 44000 44001 44002 28741 44003 
8325 7
43866 43869 7516 43871 43872 26564 8735 
8254 7
43596 22063 43597 43598 23512 42790 17488 
8148 7
43179 35015 35256 43180 43181 43182 43183 
7941 7
42339 38556 42345 11763 42347 36937 42349 
7939 7
42331 41061 16120 42336 42337 24498 42338 
7869 7
42065 42068 19995 3241 12430 42069 42070 
7775 7
41677 41681 29777 15911 41683 41684 41685 
7750 7
41581 41582 7537 41583 22878 26645 41584 
7639 7
41126 41130 27822 30844 41131 35692 825 
7627 7
41082 41084 41085 41086 31950 23361 41089 
7625 7
41074 31525 41077 41079 27824 41080 37294 
7476 7
40472 40473 35507 40475 37459 40476 40477 
7473 7
40450 40455 39502 40457 40458 40459 40460 
7422 7
40244 40246 40247 40248 13843 40249 40250 
7325 7
39854 39857 39858 39859 39860 13891 32672 
7250 7
39542 18695 39543 39544 39545 2676 39546 
7183 7
39275 16418 28644 39279 23059 39281 39282 
7157 7
39168 39172 39173 39174 37453 39176 27194 
7086 7
38885 38886 38887 18244 38889 38890 38891 
7075 7
38833 24547 38838 38839 38840 38841 36825 
7000 7
38502 10182 1933 8982 38503 38504 38505 
6741 7
37332 7220 6207 37335 19019 29552 21738 
6723 7
37259 31241 5262 37264 37265 37266 37267 
6691 7
37110 37113 37114 37115 37116 37117 37120 
6679 7
37051 37054 37055 37056 37058 37059 37060 
6532 7
36417 22904 36418 36419 10767 36420 32320 
6371 7
35682 35685 35687 24158 23469 35688 21806 
6290 7
35333 35334 7180 35336 6393 21446 35337 
6286 7
35321 13813 25084 16245 35323 35324 13894 
6281 7
35289 35296 1610 35298 35299 31267 35300 
6274 7
35260 16988 35261 35262 35263 17362 27229 
5995 7
34021 34027 34028 34029 34031 20336 21530 
5944 7
33803 33804 7330 33805 6889 33806 33807 
5937 7
33764 33769 3631 24490 32763 33770 33772 
5876 7
33470 33473 33474 20960 33475 21860 25744 
5857 7
33378 25673 33381 33383 32260 32170 33384 
5793 7
33072 33078 13531 33080 33081 33082 9669 
5785 7
33033 27765 33038 33039 33040 33041 24975 
5746 7
32856 32857 32858 7600 8912 32861 32862 
5720 7
32742 13770 32744 32745 32746 32747 11597 
5551 7
31937 8504 31939 31942 11561 19347 31943 
5506 7
31719 31722 31723 13701 31725 31726 31727 
5470 7
31554 31555 16126 31557 31558 5475 31560 
5446 7
31439 31442 31443 31444 31445 31446 25193 
5418 7
31299 31300 31301 31303 31304 18005 8877 
5340 7
30922 30923 30924 30925 30928 30929 30930 
5335 7
30894 30898 30899 30900 14483 30901 30904 
5329 7
30868 30872 1555 6819 13007 23639 30873 
5307 7
30759 30765 30766 30767 30768 26315 30770 
5274 7
30610 30611 30612 30613 26092 30615 30616 
5226 7
30367 27988 30368 30370 3874 19123 30372 
5166 7
30085 30086 21923 30087 30088 14466 30091 
5057 7
29526 29201 22187 29531 19761 2802 29533 
4909 7
28788 28793 2027 28795 28796 28797 28799 
4841 7
28455 10355 28460 28461 28462 18858 28463 
4751 7
28025 25458 28029 28030 28031 9561 28033 
4682 7
27703 27704 27705 27706 27707 15464 27708 
4676 7
27675 24296 27676 25675 27679 27680 27681 
4554 7
27037 27038 27039 27040 10025 17220 19294 
4526 7
26899 26900 26902 26903 14911 13627 26904 
4515 7
26841 26846 20610 26848 26849 22407 22697 
4504 7
26793 26795 26796 6517 17579 26797 5509 
4454 7
26547 26548 26549 26550 26552 26554 26555 
4413 7
26323 19644 26328 24265 16024 26330 26331 
4353 7
25990 25996 25997 25999 26000 26001 26003 
4300 7
25727 25728 13340 25729 25731 25732 25733 
4260 7
25529 1190 2402 25531 25532 25533 25534 
4033 7
24346 17789 13279 22427 16110 11312 17992 
3968 7
24009 24010 24011 24013 24014 24015 24017 
3914 7
23729 16842 23730 4566 23731 23732 23735 
3804 7
23155 14829 23156 23157 23158 7225 4091 
3729 7
22742 11718 9453 3847 22749 22750 9432 
3632 7
22216 22217 22218 22219 22220 8217 22222 
3625 7
22176 10307 22183 22184 8590 15450 22185 
3597 7
22019 22023 22026 22027 22028 22030 22031 
3552 7
21787 21788 21789 2627 21790 15452 21792 
3537 7
21698 21701 21702 21703 21705 21706 21707 
3502 7
21519 21520 21521 21523 15506 20704 9120 
3419 7
21050 21054 21056 21058 21059 21060 21061 
3323 7
20524 20530 20531 20532 20533 20534 20536 
3216 7
19943 19944 19945 19946 19947 19950 19951 
3205 7
19878 19883 19884 3249 19885 19887 19888 
3186 7
19777 19778 7481 19779 19780 19781 19783 
2995 7
18698 18705 18706 18707 18708 18709 18710 
2956 7
18486 18487 18488 18489 18490 14658 18491 
2842 7
17835 5443 17836 17837 1263 17838 9915 
2749 7
17307 17311 17312 17313 17314 17315 17316 
2617 7
16545 13106 16550 16551 16552 16553 16555 
2588 7
16381 6793 16382 16383 16384 16386 16387 
2482 7
15774 15775 14414 15776 13951 15778 2992 
2415 7
15360 15366 15367 15368 15369 15371 15372 
2378 7
15141 13639 3979 15143 15144 15145 15148 
2337 7
14888 14891 11903 14893 14895 14896 14897 
2314 7
14752 14754 14755 14756 14758 14759 14760 
2060 7
13247 13249 13250 13251 13252 13253 1685 
1864 7
12061 12062 12063 12065 12066 1806 12067 
1717 7
11167 11171 11172 11173 6145 8447 11174 
1693 7
11015 11021 11022 11023 11025 11026 11027 
1616 7
10546 10548 10550 10551 10552 10553 10554 
1548 7
10143 10144 10147 10148 10149 10150 4465 
1493 7
9795 9801 9804 9805 9806 9807 9808 
1483 7
9730 9736 9738 9739 9741 9742 9743 
1451 7
9532 9538 9539 8331 101 3809 9542 
1416 7
9322 9323 9324 9327 9328 9330 9331 
1411 7
9281 9287 9290 9291 9292 9293 9294 
1403 7
9228 9233 9234 9235 9236 9239 9240 
1401 7
9215 9220 9221 9223 9224 9225 9227 
1373 7
9037 9042 9044 3650 9045 9046 9048 
1357 7
8938 8944 8945 8947 3542 8948 8949 
1312 7
8659 8660 8661 8663 8664 8665 8668 
1284 7
8477 8478 8479 8481 8482 8483 8484 
1032 7
6863 6864 6866 6868 6869 6870 6871 
1009 7
6710 6716 6717 6718 6719 6721 6722 
940 7
6262 6263 6264 6266 6267 6269 6271 
742 7
4969 4970 4971 4972 4974 4976 4977 
648 7
4345 4346 4348 4349 4350 4351 4352 
647 7
4331 4337 4338 4339 4341 4342 4343 
618 7
4146 4148 4149 4150 4151 4152 4153 
509 7
3419 3426 3427 3428 3429 3431 3432 
448 7
3024 3025 3026 3028 3029 3030 3031 
423 7
2847 2853 2854 2856 2857 2858 2859 
341 7
2302 2307 2308 2310 2311 2313 2314 
234 7
1593 1594 1595 1597 1598 1599 1600 
137 7
930 936 938 939 941 942 943 
126 7
862 863 864 865 866 868 870 
62 7
429 430 431 432 433 434 435 
22 7
152 153 155 156 157 158 160 
4 7
28 29 30 31 33 34 35 
29971 6
78585 41311 68379 22630 70238 35236 
29949 6
78574 59030 58778 48949 39657 21427 
29936 6
78568 21456 33687 75588 67235 33599 
29793 6
78496 65505 6166 51717 19491 17479 
29786 6
78493 24613 18205 70313 5994 63989 
29694 6
78447 67309 65673 24601 52891 44514 
29670 6
78435 29147 34495 23608 68442 39758 
29652 6
78426 54362 33953 76463 21802 1471 
29626 6
78413 57805 64906 21014 53475 1556 
29612 6
78406 48498 43023 54404 14372 67661 
29599 6
78399 25002 29853 42900 21242 74414 
29586 6
78393 22121 27137 64003 41299 60480 
29528 6
78364 52359 23376 64186 26632 52276 
29461 6
78330 72352 74162 39655 31099 24448 
29431 6
78315 16686 9525 8548 40944 12558 
29414 6
78307 11263 10621 33749 21996 25355 
29386 6
78293 18038 73847 57515 75661 65212 
29382 6
78291 7357 53907 53002 74459 65600 
29381 6
78290 44390 66825 45289 45213 1336 
29331 6
78264 66661 33831 43825 69493 19320 
29329 6
78263 71964 76860 14538 36922 51877 
29312 6
78255 19994 29058 71873 10394 2947 
29252 6
78225 40693 44504 12242 21370 65094 
29118 6
78158 17974 58108 63194 64250 19010 
29113 6
78155 21552 67953 15514 53290 74418 
29109 6
78153 63410 37402 45542 75676 2646 
29053 6
78125 5183 70191 12482 37398 23962 
28962 6
78080 16824 60587 21317 5030 59788 
28954 6
78076 22863 60554 4395 33791 76992 
28862 6
78030 76919 41269 62924 6025 66136 
28860 6
78029 36610 68681 77146 12400 16485 
28852 6
78025 61531 6698 11966 63991 18990 
28851 6
78024 12816 42137 30552 73783 1591 
28832 6
78015 8844 10425 37742 43661 21439 
28827 6
78012 9931 26885 69690 56966 44083 
28793 6
77995 33819 54473 56340 51366 52429 
28788 6
77993 46959 77559 27079 57599 32913 
28680 6
77938 32063 33487 28234 66669 9869 
28660 6
77928 66011 73978 37544 56081 68397 
28656 6
77925 42651 48530 43146 3302 13704 
28590 6
77891 29748 75808 39300 70896 66913 
28535 6
77863 37511 18049 50162 18210 38345 
28531 6
77861 36793 76126 64224 15031 74972 
28452 6
77821 14694 15858 47776 71152 77145 
28449 6
77818 71959 36292 77819 17776 24706 
28430 6
77809 13524 60142 39097 4363 65771 
28425 6
77806 2614 6660 74374 72569 27942 
28419 6
77802 35225 69284 2433 49380 56831 
28381 6
77783 24582 72847 50129 9595 17113 
28346 6
77766 46981 59421 9565 26706 38323 
28323 6
77754 59041 74541 71268 67364 38421 
28298 6
77741 47589 69014 69792 21028 35849 
28294 6
77739 44914 1842 60918 15564 45940 
28290 6
77737 31728 51565 71394 75980 55975 
28267 6
77725 23282 70790 68856 41727 46551 
28209 6
77694 71285 14939 10632 65309 23700 
28189 6
77684 47063 54706 67539 43731 15744 
28157 6
77667 42962 64146 67637 65509 62259 
28149 6
77663 10517 54344 74855 71186 31972 
28114 6
77646 3305 37439 47164 42076 37529 
28091 6
77634 33413 7881 74556 39455 52880 
28089 6
77633 30048 73195 39799 74342 68829 
28082 6
77630 13949 25641 28830 11837 56009 
28067 6
77620 42132 17647 48292 52569 193 
28031 6
77602 64110 22112 59271 19615 73804 
27987 6
77580 27538 7159 28611 36960 26494 
27985 6
77579 53127 26375 64615 65421 50065 
27951 6
77562 8220 23467 71697 69320 39041 
27935 6
77553 49392 67763 66362 51067 17928 
27902 6
77537 72971 30837 44838 71247 52045 
27859 6
77513 7167 30595 18839 50132 61535 
27839 6
77503 31103 38640 57385 73746 31517 
27831 6
77499 20538 9822 23995 46957 6709 
27824 6
12323 64105 1979 61862 77423 76956 
27822 6
77495 31596 47043 34763 57712 73242 
27786 6
77476 53785 19456 57535 60498 54962 
27766 6
77466 25739 36456 22464 70440 5516 
27758 6
77462 47183 74005 58742 58455 53276 
27746 6
77456 59853 42399 1784 60264 1458 
27741 6
77453 57110 58865 64334 63627 43233 
27701 6
77433 47287 16169 67543 68405 68544 
27698 6
77432 69261 58064 28384 9832 29212 
27688 6
77427 62177 24103 67866 31994 46870 
27686 6
77426 64144 68568 69677 11346 20797 
27667 6
77413 68192 27242 45539 46773 16905 
27656 6
77408 17239 47370 49580 4634 16218 
27620 6
77389 15831 40465 68623 37533 64761 
27602 6
77377 57181 44277 76609 67595 18499 
27593 6
77372 71405 65842 8792 32353 3627 
27542 6
77346 3818 8761 47397 76837 56638 
27538 6
54212 8989 70834 8400 72163 54739 
27534 6
77342 2827 56876 1436 75995 62128 
27525 6
77337 52488 37274 47969 3179 50291 
27522 6
77336 66691 48588 26403 58784 52433 
27509 6
77328 69970 29101 54724 7037 56125 
27472 6
77309 16478 69510 54616 58510 74521 
27438 6
77288 53165 26188 49407 51541 35270 
27377 6
77252 32176 8403 39737 27259 66538 
27360 6
77244 13454 75300 6112 58513 66289 
27344 6
77236 47211 64772 75189 76382 5522 
27342 6
77235 41412 24221 11058 64151 41451 
27282 6
77205 68549 54705 23772 41136 56086 
27274 6
77201 66085 65105 6485 41364 63034 
27269 6
77198 56926 41899 71733 66926 6346 
27144 6
60600 46673 58607 71059 7693 43735 
27058 6
77081 67398 53462 56030 69315 53830 
27038 6
77069 61456 33969 77070 13993 29081 
27033 6
77065 59426 64138 4527 69063 77066 
27028 6
77063 46679 46692 33799 11892 73764 
27024 6
77061 50766 30291 7564 53833 51353 
26969 6
77029 47863 11341 35496 74564 75959 
26904 6
76995 8695 30174 40695 39869 26113 
26900 6
76993 42328 64635 75208 37035 10629 
26893 6
76986 27998 65593 36876 73370 31758 
26878 6
76976 65587 18051 21083 76346 76977 
26826 6
76944 72965 70831 18201 39211 67965 
26784 6
76918 70951 507 63773 62219 28185 
26779 6
76914 26480 72211 35609 32662 49601 
26766 6
76907 28757 20420 63637 76908 33455 
26718 6
76881 42523 45212 71390 4934 20731 
26712 6
76876 64607 41735 34190 50116 39423 
26666 6
76850 61082 46579 64784 54959 61394 
26610 6
76819 13136 21872 30383 14907 9172 
26605 6
76815 25318 38015 34320 18063 26083 
26603 6
76814 23171 66118 12719 56012 33119 
26535 6
76778 40427 64608 36319 43272 33977 
26496 6
23080 15444 26509 18509 11479 7867 
26471 6
76741 30959 19597 58756 63476 25382 
26415 6
76706 62615 68888 20223 31957 50540 
26405 6
76701 24843 15764 59108 10614 59549 
26372 6
76682 58605 9379 74551 5295 64175 
26359 6
76675 16504 21868 65628 48194 54676 
26310 6
76648 1000 74251 72174 22489 9685 
26301 6
76642 58173 20775 42645 70856 68733 
26295 6
76638 39998 70721 2743 64366 15576 
26285 6
76632 9888 72492 5158 40027 61314 
26254 6
76613 76614 64374 62444 57331 73916 
26237 6
76602 34895 58349 37357 12484 4092 
26217 6
76590 58045 6011 21921 38500 76199 
26209 6
76586 72519 20419 10415 27613 58315 
26147 6
76547 21574 46638 50715 32269 49491 
26123 6
76534 60282 68882 66332 74079 8242 
26111 6
76527 6033 48387 27661 41559 44291 
26087 6
76510 56709 49473 50337 61415 7171 
26076 6
76505 65159 63294 29572 14844 16778 
26075 6
76504 49972 7548 29427 37827 45775 
26034 6
76479 53831 7378 57553 34096 30947 
26026 6
76474 12704 7504 65714 26875 11743 
25972 6
76441 28188 6249 61130 44153 45660 
25968 6
76439 27103 55146 70876 58329 71248 
25870 6
76378 5492 16843 59854 67957 24427 
25866 6
76376 71620 41815 54595 52386 75241 
25805 6
76337 6941 452 25517 16434 26897 
25790 6
45734 56536 74072 63164 70014 54465 
25749 6
76301 20543 37052 19314 69823 66735 
25744 6
76299 53247 73235 55397 37022 18748 
25700 6
76274 49911 61766 7210 35945 56291 
25639 6
76228 67616 54302 69752 69707 76131 
25617 6
76210 40440 19769 31002 12922 25995 
25600 6
76200 47304 29764 24663 71450 1751 
25492 6
76136 64336 59665 57424 64379 47401 
25485 6
76132 39039 66027 33538 10393 73463 
25453 6
76111 48559 25352 65406 34296 39258 
25441 6
76104 58403 31636 71574 69862 30081 
25348 6
76043 42274 74283 54205 60089 37790 
25317 6
76019 1655 74280 42601 59954 75255 
25244 6
75969 49501 38813 46357 58332 65839 
25222 6
75953 64832 32309 39460 38131 67061 
25214 6
75948 37692 42161 11421 45959 43665 
25213 6
75947 16422 73952 8260 18763 54370 
25188 6
75930 37893 17513 23278 28329 56970 
25161 6
75914 65348 961 58846 46526 74559 
25131 6
75894 68490 75895 4416 21414 22520 
25123 6
75889 53515 68256 45313 18573 44975 
25072 6
75849 56571 57741 1950 44968 25026 
25058 6
75840 64613 49419 46180 5413 3623 
25055 6
75838 69632 60138 2286 13438 4874 
25001 6
75797 15708 64227 50172 75799 5491 
24994 6
75794 55299 42114 8458 12073 6624 
24966 6
75774 63876 62020 73056 24643 4670 
24914 6
75739 52923 35331 2809 33753 73861 
24856 6
75699 6074 18180 33361 72427 8104 
24844 6
75691 48917 75692 73517 23360 57197 
24814 6
75670 72730 49557 49442 46972 41097 
24810 6
75668 10890 9824 4696 18065 18805 
24791 6
75652 8582 38033 14249 53783 73206 
24781 6
75645 47368 8676 37616 66111 51179 
24746 6
75621 21235 16803 49969 37680 60604 
24694 6
75583 67228 68969 34149 13157 62054 
24659 6
75562 54062 44396 31780 12673 27666 
24605 6
75527 15867 8547 10858 4669 31453 
24565 6
75496 67371 4960 10294 7615 40913 
24459 6
75418 2175 75419 69119 75420 20586 
24447 6
75412 57556 17467 13756 72030 69718 
24443 6
75409 52720 70444 64886 40462 54286 
24408 6
75384 9198 58507 64542 43822 31990 
24406 6
75383 11435 24681 69908 66987 49695 
24397 6
75376 12778 45132 63050 49270 9412 
24357 6
75351 28934 40793 6312 54908 29023 
24354 6
75350 74656 39556 34781 70330 66012 
24342 6
75342 69552 40660 58387 12559 12696 
24310 6
75319 39889 29251 41173 28646 72047 
24285 6
75302 7336 38081 63646 52812 8978 
24253 6
75279 60012 7425 26820 45323 70138 
24195 6
75240 16517 56905 32136 40347 75242 
24139 6
75199 60878 34513 36046 52346 8300 
24136 6
58576 68260 60520 4370 33595 25849 
24122 6
75186 53826 70143 28896 43098 6655 
24120 6
75183 63816 74237 63382 72371 63296 
24013 6
75106 39774 36287 75107 13168 40226 
23983 6
75081 75082 5225 18953 14634 8439 
23978 6
75079 12820 974 49787 4125 54257 
23953 6
75061 48265 19826 20066 28435 72855 
23913 6
75034 63959 23861 39702 73802 15705 
23900 6
75021 26634 37466 48645 37660 34426 
23894 6
75018 68685 21880 50940 23673 43677 
23872 6
74999 3191 39781 37068 66783 63867 
23759 6
74918 50876 60851 4406 69051 65021 
23645 6
74819 29608 65924 72480 21098 67916 
23604 6
74781 15868 54690 27316 32964 10702 
23599 6
74776 46145 31049 27985 27458 49477 
23557 6
74748 50820 27603 18832 67149 22257 
23528 6
74731 70075 64173 34243 25636 73378 
23518 6
74723 27054 74724 37934 6223 52176 
23503 6
74708 42340 1342 4521 61181 48339 
23500 6
74707 56022 36237 35772 68728 63479 
23478 6
74691 11493 25950 50366 46382 72224 
23431 6
74655 66718 32402 68248 51739 55453 
23428 6
74653 63937 33451 46662 47090 38754 
23352 6
74598 49714 72743 34666 41857 67645 
23338 6
74587 307 35395 45750 47067 53568 
23246 6
74512 23954 65976 68936 4735 71636 
23209 6
74480 66227 74482 58973 721 28941 
23198 6
74472 60508 46327 64617 32803 68911 
23197 6
74471 47427 52779 16923 56943 48717 
23102 6
74398 8397 54730 67462 40857 64298 
23099 6
74395 72860 43629 13936 55865 25143 
23097 6
74394 29569 15645 50958 73915 43401 
23088 6
74388 74389 59182 39572 56184 64252 
23058 6
74362 816 21734 55375 51089 29863 
22947 6
74263 63759 4030 47723 10650 16335 
22942 6
74258 37675 36707 70311 7082 46240 
22921 6
74240 14276 71326 49903 39191 73423 
22894 6
74218 25438 18849 32436 34058 58825 
22887 6
74211 10059 20122 23692 31603 62161 
22829 6
74161 44726 42613 56751 31580 57143 
22788 6
74126 35878 11136 33526 68705 14196 
22743 6
74088 5095 58264 59838 49728 52817 
22661 6
74016 37134 16888 28020 16809 6387 
22645 6
74001 18762 41745 1082 61494 819 
22598 6
73946 64246 41538 68155 73948 71554 
22594 6
73941 6462 36954 35619 73942 69398 
22589 6
73936 71801 71146 60426 14919 56880 
22576 6
73925 66815 73926 4366 67024 34247 
22478 6
73836 46612 43375 3626 15897 9777 
22437 6
73799 58496 33395 26773 65470 58949 
22434 6
73798 69197 71139 43732 49498 1055 
22430 6
73796 44850 60311 62389 48327 45053 
22412 6
73779 58737 72314 1102 67701 3566 
22375 6
73745 44499 58588 450 64691 72294 
22363 6
73738 247 72536 40828 65124 66299 
22361 6
73737 1236 34804 62979 57435 66005 
22329 6
73713 71253 58573 52242 58904 28051 
22316 6
73704 30214 53869 70880 20942 41814 
22260 6
73653 537 53642 49414 89 37541 
22180 6
73568 73569 61759 72805 8566 19713 
22113 6
73502 40657 1230 3853 35119 20203 
22082 6
73474 31373 65474 41460 12746 32716 
22057 6
73448 52106 15168 55415 23075 64723 
22044 6
73435 34034 43555 50421 73436 19544 
21986 6
73376 68476 43741 20649 34120 73377 
21942 6
73325 73326 39939 63255 67445 73327 
21908 6
73298 7497 66743 17546 14192 5476 
21861 6
73248 33068 51492 43978 49122 17538 
21824 6
73215 2352 12897 30543 56044 59216 
21782 6
73172 70241 67498 55839 13457 48794 
21769 6
73156 66448 73158 57099 23773 12459 
21758 6
73146 11478 65245 22084 63897 53570 
21747 6
73134 50569 56177 10404 63602 65661 
21743 6
73129 54373 24457 21460 33818 60636 
21608 6
43369 23316 32157 72991 61619 40820 
21605 6
72987 66215 51801 39525 43045 15398 
21582 6
72966 65621 52428 4376 54534 49193 
21575 6
72954 6161 26439 72956 68484 72724 
21541 6
72917 18086 64119 66889 56569 61776 
21460 6
72830 64530 6069 25209 31871 57997 
21443 6
72811 54646 54159 6761 14514 60346 
21413 6
72776 10265 27187 31851 30172 58567 
21402 6
72765 33507 67929 15159 72766 64043 
21387 6
72747 31714 35202 16154 22906 42852 
21364 6
72725 3255 52115 30618 17046 67629 
21354 6
72713 6491 20156 54428 55590 54238 
21346 6
72705 72375 5732 48759 72706 29166 
21261 6
72617 32388 16598 18898 2384 72618 
21230 6
72581 36632 45547 34670 32632 29680 
21227 6
72578 27478 50497 18861 44653 42039 
21219 6
72567 72570 9921 27479 20508 41992 
21154 6
72500 64351 40595 40765 2656 41019 
21138 6
72484 55760 2466 33482 60415 6992 
21131 6
72478 15162 62333 28192 12476 58294 
21121 6
72469 50548 2046 55587 58129 17290 
21099 6
72443 57758 70275 22403 66507 60582 
21095 6
72440 10669 21074 50327 34841 51483 
21065 6
72406 29957 12023 7112 9008 20493 
21039 6
72372 51833 9578 41000 67779 4786 
21032 6
72362 72363 70011 33766 72364 6682 
21027 6
72357 18758 71029 48062 62297 9639 
20870 6
72195 20582 72196 37345 4336 59662 
20810 6
72125 6838 23436 46410 62356 58547 
20785 6
72100 51103 44610 54254 45020 17760 
20679 6
71967 52373 61574 71968 22535 24969 
20674 6
71961 12438 32702 40389 4489 47191 
20640 6
71928 53818 29059 36283 63144 54581 
20596 6
71881 42966 1233 69956 68068 55938 
20588 6
71870 4625 36848 2997 71871 40504 
20552 6
71822 24327 2453 71823 35833 25333 
20527 6
71797 70343 62529 71798 6769 28273 
20515 6
71784 47749 44548 50770 11295 71786 
20512 6
71782 5860 68697 3200 52635 21517 
20465 6
71729 16703 27082 64320 27669 12143 
20409 6
71667 67704 1412 4885 3729 38389 
20399 6
71654 7959 69633 50659 24245 10921 
20359 6
71614 53335 17011 42082 6205 71079 
20350 6
71605 20980 23057 47407 54341 5959 
20301 6
71546 33366 64698 48185 71549 34952 
20282 6
71526 57590 68939 22035 28926 48280 
20265 6
71505 37123 51879 5288 52842 71507 
20252 6
71485 71486 49091 44166 71487 15698 
20231 6
71465 45829 69512 39319 59911 57371 
20208 6
71440 22146 61210 45150 56981 26118 
20203 6
71431 45065 71433 2933 56954 53507 
20196 6
71426 22279 21207 71427 3719 4818 
20165 6
71384 41526 19627 35477 27370 42327 
20162 6
71380 71381 32119 57563 69463 5070 
20092 6
71305 5597 3846 15964 37229 3509 
20082 6
71290 29726 15008 3056 68886 13901 
20039 6
71240 13220 56505 43838 60151 70352 
19988 6
71175 22266 26411 53077 9429 27149 
19987 6
71174 45177 6967 47141 45835 58462 
19985 6
71173 20253 11643 30013 68321 55758 
19935 6
71123 71124 2465 18625 1424 63348 
19888 6
71064 65411 47323 47724 4264 43402 
19827 6
70988 28822 45351 70524 16134 15607 
19814 6
70974 64202 41035 17585 70975 70976 
19769 6
70921 22424 12798 33316 70924 1440 
19756 6
70907 58199 70292 32072 17243 53998 
19706 6
70848 61923 57342 64188 70849 13630 
19704 6
70846 53100 68244 19972 39914 38459 
19675 6
70809 65920 53698 70812 4778 46395 
19599 6
70712 47605 54964 45073 58915 58692 
19577 6
70677 36992 70679 66293 60224 18284 
19561 6
70657 38298 53386 65753 70550 64685 
19460 6
70532 55572 60980 70533 52864 70050 
19459 6
70530 64831 12463 24066 70531 18983 
19442 6
70510 41034 62913 24677 70511 70512 
19258 6
70298 48320 13943 47450 61688 28001 
19248 6
70290 12843 37446 11258 15504 54598 
19221 6
70259 2747 57659 5808 42721 4546 
19165 6
70181 60379 31383 15900 41440 70184 
19162 6
70177 67588 70178 45207 23082 15075 
19156 6
70168 66349 56489 70169 44892 70170 
19153 6
70164 67151 58542 62014 21960 41167 
19108 6
70100 70101 60378 61496 68584 55823 
19038 6
69999 64499 4510 70001 41421 4677 
19010 6
69962 27167 44082 26598 58481 34786 
18988 6
69928 17419 48184 69929 5103 50681 
18929 6
69840 17642 14096 59356 38037 31765 
18889 6
69776 25335 28930 69779 17060 67844 
18886 6
69775 45245 14009 1071 35881 68795 
18856 6
69747 3699 19604 69748 21243 69749 
18794 6
69667 45771 56115 47295 45558 59794 
18784 6
69656 9216 1426 12197 10950 69657 
18773 6
69639 39255 53624 47500 18079 48429 
18755 6
69619 5872 10270 61393 32650 24918 
18750 6
69613 9704 41288 38061 69614 19776 
18719 6
69569 53173 10403 8655 29342 57691 
18700 6
69544 60216 69545 60997 44173 48209 
18681 6
69506 18452 22687 69508 47645 26399 
18669 6
69488 40997 69489 39552 3354 69490 
18652 6
69475 60781 34257 36391 29964 66774 
18597 6
69390 15969 65026 53370 3873 50030 
18594 6
69388 38142 48959 66163 5226 15485 
18591 6
69383 29859 40348 51486 59563 55888 
18554 6
69339 63454 65 36377 55205 49043 
18551 6
69329 48552 69332 43535 59161 21047 
18502 6
69265 69266 69267 48267 25655 38628 
18365 6
69077 43429 2059 17975 54459 46547 
18344 6
69052 60835 64577 57829 26501 69053 
18304 6
68995 33986 18124 24217 40699 49432 
18286 6
68971 57842 40378 5686 59348 18663 
18267 6
68937 10259 24641 9497 54216 1106 
18192 6
68825 49651 52137 19240 14717 41304 
18191 6
68823 8395 1617 13807 45338 55282 
18058 6
68639 32345 34424 28667 33420 43103 
17909 6
68424 41556 45315 43534 60906 41285 
17888 6
68389 19525 68390 65055 32619 68391 
17881 6
68378 45288 22911 46803 13658 56427 
17874 6
68369 65262 24896 45908 66663 39676 
17869 6
68358 62514 11369 39739 11621 62963 
17853 6
68335 25503 48375 66915 2506 68337 
17826 6
68296 54671 60714 9937 68297 40989 
17817 6
68282 63921 44009 46966 68283 34544 
17757 6
68182 22693 67773 11803 58517 16138 
17613 6
67956 4857 48382 63257 26512 42100 
17603 6
67938 4819 36083 37277 50036 6098 
17533 6
67813 34801 63363 55971 67814 67815 
17492 6
67749 37565 67750 13657 67751 5899 
17436 6
44352 7870 32199 50728 67670 31090 
17415 6
67639 67641 10086 4770 57634 8749 
17409 6
67634 11733 1020 66109 60713 47254 
17357 6
67561 16638 58480 54759 67564 39585 
17352 6
67557 59881 67558 41838 7360 1205 
17332 6
67520 10511 25226 59525 64998 37649 
17330 6
67517 22294 38900 62006 39013 7653 
17312 6
67491 67492 67493 54817 67494 52110 
17270 6
67439 43799 65780 20276 58814 22215 
17217 6
67356 67357 67358 67359 43547 4105 
17155 6
67260 28325 38578 67261 5691 13470 
17142 6
67239 41480 28813 39150 4545 18500 
17135 6
67224 3567 56042 36036 42558 11591 
17040 6
67069 2994 13077 10126 67070 11908 
16999 6
66999 6001 23648 53678 54560 67000 
16965 6
66942 18716 49676 66945 61131 54921 
16948 6
66918 8675 57317 51872 66526 66919 
16946 6
66916 66917 54614 12667 7031 3375 
16885 6
66817 63326 39912 44320 58514 746 
16864 6
66790 66791 6083 62610 6976 33877 
16841 6
66749 7855 23378 12175 45050 66751 
16786 6
66670 17073 8609 3411 20718 50235 
16651 6
66438 5487 1759 42751 51494 58395 
16603 6
66358 66359 22686 44234 4362 14533 
16580 6
66316 41725 39230 63471 29566 66317 
16523 6
66214 16076 65251 32740 5000 2775 
16514 6
66197 65311 60296 18656 52122 33874 
16513 6
66193 66194 37124 10699 53309 56269 
16376 6
65936 62600 8885 17079 23457 5817 
16355 6
65897 22590 65900 49933 65901 54588 
16350 6
65888 65889 17742 18468 43366 4192 
16335 6
65858 62769 57913 51519 65861 22741 
16246 6
20484 28591 59377 32875 65710 61730 
16228 6
65671 25282 53307 12442 50324 10955 
16217 6
65641 39520 39320 65643 65644 42261 
16206 6
65619 54466 65620 5750 49867 10637 
16194 6
65594 65595 65597 65598 6314 1524 
16185 6
65575 40543 44546 19483 65578 11276 
16166 6
65536 61165 47022 24273 7309 7644 
16056 6
65317 65318 2937 4426 3926 65319 
16020 6
65247 51600 25979 53917 28592 17209 
15934 6
65095 47112 25766 49813 65096 45718 
15852 6
64942 1129 25409 58850 55302 64943 
15826 6
64899 42225 29272 51762 9278 20041 
15726 6
64711 34872 23038 45437 30716 24248 
15713 6
64687 14715 52103 36422 64689 21985 
15705 6
64669 64671 26136 17578 4402 33410 
15675 6
64601 13685 64602 15194 64603 39521 
15662 6
64582 64583 53285 46520 4541 43376 
15570 6
64403 17103 62543 56453 28046 677 
15552 6
64365 52513 57862 49385 5321 30303 
15544 6
64349 7647 21527 60854 35418 48481 
15538 6
64337 40452 64338 52661 52231 6644 
15516 6
64292 63191 30792 62665 59915 14093 
15509 6
64279 64281 18243 52059 14949 15109 
15487 6
64237 39152 10620 64240 58054 57711 
15451 6
64163 64166 64167 10896 56507 55804 
15417 6
64092 26696 52009 13018 7519 14491 
15415 6
64087 42142 666 64089 64090 28162 
15412 6
64084 48395 40437 14975 64085 4806 
15410 6
64082 19287 213 31369 33180 31797 
15390 6
64038 24724 45436 1656 53631 19366 
15337 6
63917 63919 57256 48348 61596 20310 
15303 6
63840 46833 63842 5015 27848 63843 
15297 6
63822 4474 58730 63825 63826 63827 
15290 6
63813 5743 1070 11673 63814 63815 
15274 6
63783 38526 14085 15307 51367 13319 
15233 6
63691 32328 22447 15389 49732 63693 
15223 6
63669 37593 25018 55517 63672 36892 
15157 6
63538 31106 34783 63541 16250 63542 
15111 6
63443 63444 63445 63447 27784 33966 
15106 6
63438 23270 63439 16481 59949 4950 
15055 6
63336 35951 63338 24502 54350 8937 
15000 6
63221 42206 63222 41922 30958 1739 
14882 6
62975 18641 62976 55929 52869 48491 
14863 6
62930 32202 62932 55936 38743 62933 
14860 6
62928 41254 14632 62929 50567 59500 
14851 6
62899 33227 62808 34297 62902 56821 
14844 6
62887 47635 50192 49909 13938 60710 
14746 6
62678 62679 58950 62680 10447 62681 
14745 6
62675 678 45557 55900 7738 62677 
14688 6
62556 49377 5506 19836 55179 62558 
14671 6
62521 62523 46977 44246 19044 26720 
14634 6
62438 9307 53166 62439 47963 62440 
14593 6
62338 15579 26823 61109 32834 20026 
14554 6
62250 53249 62251 26647 42368 52351 
14440 6
61980 61981 33193 51471 61982 61983 
14425 6
61951 35884 57103 61952 20948 61953 
14414 6
61926 61928 15442 8171 47795 43946 
14402 6
61895 35314 44085 37109 3195 178 
14347 6
61764 33810 37403 51164 18587 31528 
14295 6
61649 46048 53451 20202 5355 61651 
14245 6
61533 61536 22776 58550 11059 3296 
14220 6
61486 61487 45201 29755 24160 30152 
14217 6
61476 27595 30335 61478 61479 4528 
14131 6
61298 52199 55174 54568 12776 17210 
14114 6
61259 44361 60108 17338 61260 61261 
14103 6
61235 57450 42576 10933 32283 61237 
14000 6
61002 44800 44222 31586 61003 350 
13951 6
60886 8342 42049 57686 43607 35135 
13865 6
60693 60696 43565 59210 60697 481 
13772 6
60477 56190 29987 48897 29039 26341 
13737 6
60410 23486 58265 59257 60413 57817 
13639 6
60179 51552 60183 26189 39689 21746 
13637 6
60174 58348 37030 60177 60178 5052 
13589 6
60049 60053 7130 46394 8033 32517 
13580 6
60031 55569 60032 48999 28239 26489 
13557 6
59976 51953 45594 59979 59980 59981 
13555 6
59971 31742 59975 24689 15685 47954 
13543 6
59938 56430 4539 24024 35699 32960 
13541 6
59934 57201 47217 9718 7997 41445 
13535 6
59920 4768 39505 59923 35039 30107 
13523 6
59900 46875 59901 59902 52462 16336 
13521 6
59894 59897 59898 47650 59899 31878 
13483 6
59802 59805 59806 54018 38417 59807 
13436 6
59679 52736 114 56864 59681 48954 
13372 6
59521 7758 41867 23919 59523 59524 
13367 6
59501 6969 59506 34948 57382 26585 
13354 6
59475 13339 3115 8001 32727 23859 
13342 6
59442 59444 59445 1347 52616 59446 
13253 6
59215 38009 43296 54232 16480 45010 
13221 6
59133 59137 41142 59138 23193 59139 
13173 6
59025 24656 59027 59028 18921 41903 
13077 6
58782 21988 45701 27517 41360 20481 
13074 6
58772 46567 46841 58774 58775 39968 
13063 6
58745 44219 44220 35612 39548 4178 
13045 6
58696 38916 58698 58699 58700 58701 
13029 6
58645 58649 53441 58651 58652 25496 
13021 6
58626 58631 32725 20953 15618 16840 
13006 6
58587 56142 11557 885 36026 40673 
12996 6
58571 48065 3139 19829 21895 58572 
12967 6
58495 58497 31480 30936 5048 16408 
12941 6
58428 23519 34373 29815 40762 34044 
12937 6
58421 41433 25256 51998 55103 24034 
12932 6
58412 58413 19026 45151 40213 45259 
12872 6
58254 25276 46412 58255 44592 503 
12858 6
58221 2418 41806 43766 38509 49461 
12851 6
58204 9129 58205 44424 14559 20228 
12809 6
58107 23033 51988 20986 48038 57249 
12758 6
57981 30358 22987 57983 57984 24035 
12719 6
57882 23370 57885 46505 49760 27615 
12682 6
57788 46892 498 3360 57790 57791 
12611 6
57611 50088 16012 54558 57614 52992 
12608 6
57607 57608 6034 16922 7205 52621 
12499 6
57350 47835 56003 1084 48413 57353 
12444 6
57191 57192 51642 57193 57194 57195 
12413 6
57102 10719 57106 45420 39128 12852 
12372 6
56994 15603 51123 56995 56996 56517 
12370 6
56990 5591 56991 50249 2754 11328 
12349 6
56928 45888 43370 39106 13893 56933 
12323 6
56859 21378 46996 47766 7229 56862 
12292 6
56782 56783 56784 38550 45129 56785 
12284 6
56760 27592 56761 56762 56763 34282 
12262 6
56700 27402 29310 48162 56702 46796 
12215 6
56579 56582 56583 3352 8205 12684 
12203 6
56544 16769 19726 56548 56549 56550 
12168 6
56444 18392 34009 16000 36873 7139 
12149 6
56390 2399 30628 18882 56394 23463 
12133 6
56343 56347 18023 39119 56348 39836 
11972 6
55912 39347 29631 44618 31831 44288 
11956 6
55868 55869 50890 1048 35241 55870 
11908 6
55726 31081 55727 55728 13539 48064 
11843 6
55551 12819 878 25421 47616 24961 
11834 6
55527 49015 16275 28779 36526 52251 
11817 6
55486 55488 55489 51889 40705 54401 
11686 6
55113 55114 31846 23918 55115 55116 
11668 6
55065 55066 40851 55067 42200 55069 
11591 6
54844 11950 22113 16676 25540 34954 
11574 6
54801 51370 54802 43955 12201 54804 
11515 6
54645 9599 38201 54647 54648 16985 
11462 6
54477 54478 43585 43448 54479 8426 
11450 6
54443 43499 20923 28292 46428 14426 
11402 6
54310 38396 38597 54312 54314 54315 
11380 6
54247 54248 27012 54249 35853 54250 
11205 6
53716 44480 53722 53723 4847 52062 
11143 6
53526 53529 47025 52497 53531 53532 
11042 6
53214 53215 53216 6235 31487 38401 
10975 6
53007 17501 53012 53013 42139 53014 
10950 6
52934 38753 20424 7125 52936 5693 
10891 6
52747 31620 40654 52749 47246 52750 
10868 6
52682 5204 52683 52684 41812 51533 
10865 6
52673 52676 1150 17798 52678 47266 
10841 6
52587 30349 38937 47219 52592 52593 
10714 6
31973 52207 52208 51005 35439 35041 
10672 6
52068 47132 30583 48351 52070 52071 
10652 6
52018 20686 52019 52020 44893 52021 
10616 6
51901 47340 51902 23549 19662 22684 
10583 6
51780 51783 51784 27842 31408 45587 
10429 6
51273 2280 51279 51280 51281 11936 
10425 6
51261 14556 51266 51267 43130 50076 
10361 6
51034 18671 51039 25235 51040 51041 
10317 6
50898 27831 28618 50902 41236 13803 
10286 6
50792 50793 50794 34469 49828 50795 
10272 6
50746 38540 40509 50748 49842 527 
10260 6
50706 29114 10633 50707 45156 50709 
10257 6
50695 50698 16728 25197 50700 3022 
10241 6
50643 50647 42736 50648 10135 27288 
10235 6
50624 18097 50627 50628 50629 36821 
10228 6
50605 46683 50606 50607 892 2180 
10196 6
50510 50511 36798 15549 50513 12496 
10119 6
50236 50241 34514 48193 50242 50243 
10069 6
50079 6987 50084 40581 50085 19757 
10057 6
50041 34459 50047 12964 41020 50048 
9907 6
49536 49540 49542 49543 13652 49544 
9904 6
49528 14583 49530 49531 44832 495 
9821 6
49261 5205 49265 49266 20464 2043 
9796 6
49180 49181 49182 36014 49183 49184 
9703 6
48865 48868 41598 48869 48870 7951 
9680 6
48784 48785 48786 31953 48787 39234 
9679 6
48778 18115 43867 22338 1360 48783 
9674 6
48766 14720 48767 48768 48770 28176 
9640 6
48656 48657 48658 48659 48661 38185 
9630 6
48620 48621 48622 48623 22629 40401 
9580 6
48453 16886 11331 48454 33832 33585 
9579 6
48449 1219 29473 48452 15918 8980 
9537 6
48296 15546 23877 48301 26180 48302 
9508 6
48195 48197 48198 48199 4616 48200 
9497 6
48160 48163 48164 48165 48166 28902 
9477 6
48098 48103 48104 3244 22195 22614 
9444 6
47989 47990 47991 47992 44241 27390 
9292 6
47459 47460 16446 47461 47462 38974 
9211 6
47166 47170 47171 36174 47172 4658 
9148 6
46944 46945 46947 46948 46949 25497 
9142 6
46924 46929 46930 46931 46932 36721 
9091 6
46748 28128 42483 46751 20358 46752 
9089 6
46740 15030 46744 46745 46746 46747 
9068 6
46668 46669 35530 29712 46670 34216 
9052 6
46605 34310 46606 46607 46610 46611 
9019 6
46490 5922 15814 19133 46494 46496 
9014 6
46477 46478 46480 28668 46481 46482 
8997 6
46411 46414 46415 46416 35964 12042 
8965 6
46290 46293 46294 46296 46297 46298 
8931 6
46161 46168 9386 22114 14340 46169 
8929 6
46155 35971 21114 38101 19466 46160 
8922 6
46137 46138 46139 46140 7975 46141 
8901 6
46052 29407 25564 46057 2001 46059 
8666 6
45170 45171 10687 45173 45174 45175 
8570 6
44819 30841 44820 37307 44822 25266 
8558 6
44772 43940 9349 44773 25391 23368 
8554 6
44754 44755 28486 44757 34073 21726 
8530 6
44670 44671 44672 44674 41968 44675 
8480 6
44483 44484 818 44486 44487 36131 
8476 6
44464 15879 44465 44466 15754 44467 
8397 6
44165 44168 44169 545 28371 44171 
8383 6
44115 38826 21910 44118 21350 44120 
8373 6
44067 8430 44075 44076 44078 44079 
8366 6
44047 38026 38835 41039 44049 44050 
8330 6
43894 43895 11018 43897 43899 43900 
8315 6
43827 21436 43832 43834 35174 15284 
8259 6
43609 35753 43615 43616 43617 41884 
8245 6
43564 17736 43568 25643 8010 8672 
8184 6
43326 42042 13591 7651 33672 43328 
8158 6
43221 42835 43222 43223 43224 28508 
8157 6
43213 32978 29408 6403 24950 43219 
8125 6
43077 37463 1615 38374 35195 43083 
8070 6
42863 33830 42864 42865 42866 42867 
8039 6
42744 35961 39216 17694 42747 42748 
7996 6
42560 39462 42561 42562 20486 35762 
7970 6
42458 11309 42460 42461 42462 31756 
7913 6
42229 22981 42233 42234 42235 9623 
7829 6
41882 41886 41887 41888 26144 41890 
7784 6
41712 41713 41714 41716 16399 10137 
7679 6
41286 41291 41292 16212 41293 28316 
7634 6
41114 41115 37370 41116 19543 39228 
7599 6
40975 40980 36828 40982 40983 14713 
7581 6
40899 40906 1267 27527 40907 40908 
7555 6
40796 40800 40801 11582 40804 3655 
7455 6
40381 20312 21118 15358 6125 40385 
7450 6
40366 40367 40369 40370 14116 596 
7444 6
40339 40340 40341 19755 40343 40345 
7440 6
40326 10779 29169 40327 35667 40328 
7381 6
40078 40081 40082 39224 40084 40085 
7339 6
39911 38614 26874 21042 15986 2727 
7318 6
39831 10571 11131 39832 39833 7885 
7299 6
39744 39749 3421 39750 39751 12727 
7269 6
39621 36532 39628 25826 27310 39629 
7255 6
39558 39563 39564 39565 39566 27970 
7197 6
39332 877 39338 1062 39340 26196 
7193 6
39317 11308 39322 12931 39324 11066 
7186 6
39291 39292 39293 39294 25852 39296 
7164 6
39202 39204 11741 21102 39205 39206 
7133 6
39075 12447 6173 26285 30494 38905 
7128 6
39057 27087 39058 25933 39060 5093 
7121 6
39026 39030 39031 20688 29379 10848 
6985 6
38436 19535 38444 38445 38446 4555 
6966 6
38355 24712 38356 7641 899 38358 
6957 6
38307 36627 38312 38314 38315 38316 
6891 6
38014 33329 37952 38019 38020 38022 
6882 6
32825 5526 28182 37985 37986 37987 
6852 6
37845 37846 30944 24402 37848 37849 
6823 6
37708 37714 37715 37717 37718 37719 
6800 6
37610 34683 37612 16109 37614 37615 
6792 6
37573 37574 36814 37576 37577 5823 
6788 6
37553 37554 37555 10422 37556 37557 
6781 6
37517 37523 27496 37526 18370 35694 
6777 6
37500 37504 37505 37506 882 37509 
6757 6
37408 17553 24912 37414 37415 35547 
6735 6
37308 5995 37312 37313 3216 26490 
6731 6
37295 25573 37297 37298 21391 23975 
6712 6
37208 37209 37210 37211 37213 37214 
6591 6
36674 1747 36680 36681 36682 3828 
6561 6
36540 36548 36549 36550 36551 23541 
6546 6
36478 36479 36480 36482 36483 36484 
6492 6
36226 36228 17208 36230 31029 7188 
6454 6
36058 7040 2848 31204 36059 14313 
6389 6
35763 9853 35766 35767 35768 26133 
6307 6
35405 35410 35411 35412 35414 35416 
6247 6
35140 35146 35147 14473 2233 35148 
6242 6
35122 12838 35124 35125 28754 35126 
6174 6
34833 34834 26483 34837 11324 21931 
6173 6
34823 34827 34828 34830 34831 34832 
6141 6
34699 1032 34705 7923 34706 14275 
6078 6
34403 32750 34405 20004 34407 34408 
6075 6
34386 34391 18586 34392 28217 34393 
5962 6
33885 6812 33887 31167 8813 9280 
5925 6
33704 28263 33709 33711 33712 33713 
5891 6
33545 33552 33553 33554 23513 10540 
5840 6
33308 28144 33309 33310 16645 33311 
5755 6
32896 32901 32902 32904 26672 32905 
5729 6
32776 32779 32780 32781 32782 32784 
5696 6
32633 32635 22395 19860 32636 32637 
5683 6
32566 32572 32573 8450 32575 32576 
5573 6
32033 32037 32038 25967 32040 28083 
5542 6
31895 31897 31898 31899 21385 31900 
5473 6
31563 31569 31570 1395 8267 31572 
5443 6
31425 29133 31428 31429 31430 10748 
5409 6
31255 31261 4597 31262 19515 1525 
5367 6
31056 10482 31062 31063 31064 20300 
5327 6
30859 30864 30865 27865 24388 26584 
5298 6
30727 8674 30728 21173 17905 30729 
5176 6
30131 26695 30132 30133 30134 9522 
5058 6
29535 29536 7718 29538 26667 29539 
5021 6
29347 29350 7846 16693 29352 29353 
5010 6
29296 29297 29298 29299 29301 29302 
5001 6
29249 6817 29256 29257 29258 12095 
4994 6
29216 13156 29218 29219 29220 29222 
4963 6
29057 29064 29065 15604 29066 29068 
4940 6
28949 28951 28952 28953 28954 28955 
4870 6
28600 28601 28602 28603 15573 27647 
4859 6
28542 14986 28549 28550 28551 16549 
4813 6
28323 2748 28331 28332 28333 12396 
4797 6
28241 28246 28247 7872 28249 3683 
4719 6
27872 7033 27876 27877 12342 2670 
4703 6
27798 27804 27805 27806 8783 27807 
4697 6
27770 22546 6275 27777 11194 27778 
4692 6
27753 8738 27754 27755 27756 14011 
4596 6
27252 27253 13393 2673 13029 27256 
4593 6
27235 27238 22619 4654 2238 27240 
4577 6
27143 4048 27150 27151 27152 27153 
4542 6
26976 26977 26979 26980 26981 26982 
4536 6
26946 26947 26948 26949 16529 26951 
4501 6
26776 23234 20515 26781 26782 2725 
4480 6
26678 11840 26679 26680 26682 26683 
4468 6
26625 2298 26626 736 26627 26628 
4459 6
26570 20852 26574 26575 26577 26578 
4339 6
25918 25922 25923 25924 25925 25926 
4317 6
25806 25813 25814 25815 25817 25818 
4313 6
25785 16199 25791 25793 6978 25794 
4306 6
25759 25760 6470 5958 25762 25763 
4276 6
25604 25605 25606 25607 25608 25609 
4268 6
25567 2717 25568 19871 25570 25572 
4152 6
24976 24977 24978 24980 24981 10123 
4110 6
24761 24762 24763 24764 7354 24766 
4097 6
24687 24695 19676 24696 24697 24698 
4027 6
24312 24320 24321 24322 24323 950 
4002 6
24186 24187 4031 24188 6222 24190 
3976 6
24053 24054 24055 18168 24056 24059 
3877 6
23530 6758 23535 23536 23537 21983 
3861 6
23441 23447 21905 23448 23450 23451 
3853 6
23402 20188 4939 909 23409 23410 
3836 6
23317 23318 16475 13741 23320 23321 
3834 6
23309 9013 23310 23311 17526 2726 
3799 6
23126 23132 23133 23134 23135 23137 
3749 6
22853 22858 22859 21741 22860 22861 
3712 6
22651 22652 22653 22654 22655 20033 
3694 6
22559 22560 22562 9745 22563 22564 
3673 6
22432 22436 22437 22440 22441 22443 
3620 6
22157 8258 22159 22161 10389 22162 
3606 6
22077 18665 22078 22012 22080 22081 
3512 6
21569 21570 1988 21572 21573 19575 
3500 6
21509 21510 20553 21511 10612 21513 
3481 6
21399 21404 21405 21406 21407 21408 
3427 6
21099 21103 21104 1052 21110 21111 
3375 6
20812 5265 18511 20817 20819 20820 
3363 6
20744 20752 20753 20754 20755 20756 
3358 6
20719 20720 20723 20724 20725 20726 
3317 6
20494 20501 20502 5164 20503 20504 
3309 6
20450 17434 20459 20460 20138 3079 
3237 6
20051 20057 20058 20059 17257 20060 
3232 6
20034 20035 14083 14914 3808 20036 
3191 6
19800 6398 19807 19808 19810 19811 
3144 6
19545 19546 7928 19548 19549 19550 
3066 6
19105 19107 11784 19109 19110 19111 
3063 6
19081 19086 19087 19089 19090 19091 
3057 6
19046 19052 19053 11403 19055 19056 
2999 6
18721 18728 18730 18731 18732 7355 
2900 6
18160 18161 18162 18163 18165 17549 
2856 6
17912 8317 17915 17916 13500 17917 
2807 6
17630 17635 17636 17638 17639 17640 
2753 6
17327 8820 17333 17334 17336 16307 
2703 6
17041 12666 17049 17050 17052 3601 
2622 6
16580 16581 16582 16583 1029 16585 
2575 6
16302 3039 16309 4805 16312 16313 
2539 6
16104 16112 16114 16115 16116 16117 
2525 6
16021 16030 16031 16032 16033 16034 
2384 6
15177 15178 15179 4581 15180 15181 
2332 6
14866 14867 14868 12617 14869 14870 
2331 6
14854 14861 1830 14862 14864 14865 
2324 6
14816 14817 14818 14819 14820 14822 
2291 6
14611 14615 14616 14617 14618 14620 
2247 6
14346 14351 14353 14354 14355 14356 
2227 6
14222 14228 14229 14230 14232 14233 
2184 6
13968 13969 13970 13971 13973 13974 
2182 6
13957 13958 13959 13960 13961 13963 
2126 6
13631 13632 13633 13634 13636 13637 
2063 6
13260 13266 13268 13269 13270 13271 
2018 6
12997 12998 5196 8148 12999 13000 
1941 6
12529 12535 11680 12536 12537 12539 
1920 6
12401 12403 12405 12406 12407 12408 
1841 6
11914 11921 11922 11923 11924 11925 
1826 6
11826 11828 11829 11830 11831 11832 
1820 6
11787 11788 11790 11792 11793 11794 
1804 6
11700 11701 174 11704 11705 11706 
1759 6
11417 11424 11425 11426 11427 11429 
1741 6
11307 11314 11315 11317 3696 11318 
1730 6
11250 4386 11251 11252 11255 11256 
1728 6
11236 11237 11239 11240 11241 11242 
1724 6
11213 11215 11216 11217 11218 11219 
1661 6
10819 10825 10826 10827 10828 10829 
1634 6
10654 10655 10656 10657 5481 10659 
1537 6
10070 7411 10076 368 10078 7078 
1506 6
9881 9882 9883 9884 9886 9887 
1388 6
9141 9142 9143 9144 9145 9146 
1348 6
8890 8891 8892 8894 8895 8896 
1203 6
7956 7963 7964 7965 900 7968 
1157 6
7658 7665 7666 7132 7668 7669 
1144 6
7586 7587 7590 7591 7592 7593 
1076 6
7149 7150 7151 7153 7154 7156 
1052 6
6993 6995 6996 6997 6998 7000 
1005 6
6684 6691 6692 6694 6695 6696 
998 6
6645 6647 6648 5613 6650 6651 
985 6
6553 6560 6561 6562 6565 6566 
953 6
6341 6348 6349 6350 1354 6352 
846 6
5641 5642 5643 5645 5647 5648 
806 6
5375 5376 5377 5378 5379 5382 
775 6
5169 5175 5176 5177 5178 5180 
687 6
4596 4603 4605 4606 4608 4609 
664 6
4453 4454 4455 4456 4457 4460 
642 6
4305 4306 4307 4309 4311 4312 
604 6
4053 4055 4056 3761 1794 4057 
513 6
3445 3452 3453 3454 3455 3456 
510 6
3433 3434 3436 3437 3438 3440 
507 6
3406 3412 3413 3415 3417 3418 
475 6
3198 3206 3207 3209 3210 3211 
444 6
2998 2999 3000 3001 3004 638 
405 6
2729 2594 2736 2737 1906 2740 
360 6
2436 2437 2438 2439 2440 2443 
314 6
2133 712 2134 2136 2137 2138 
100 6
684 685 687 688 689 690 
41 6
278 285 287 288 289 291 
38 6
264 265 266 267 270 271 
37 6
250 258 259 260 262 263 
28 6
194 195 196 199 200 201 
10 6
70 71 73 75 76 77 
29866 6
78533 9027 75023 39898 55246 15128 
29818 6
78509 1452 33650 34228 60122 63848 
29740 6
78470 2092 16802 19122 54930 45997 
29723 6
78461 76981 40077 27796 65087 12804 
29679 6
78439 21676 65451 43425 19173 18647 
29614 6
78407 4228 34768 72530 62782 17107 
29611 6
78405 33485 54316 73867 40512 42626 
29609 6
78404 73074 72079 24648 65511 44090 
29516 6
78358 56618 67577 43059 42103 23217 
29471 6
78335 20511 48938 73340 29779 46108 
29457 6
78328 7296 33365 21020 9627 41929 
29411 6
78305 16995 71902 75716 27504 52625 
29401 6
78300 52072 75626 11550 52087 68811 
29376 6
78288 64567 7662 25457 68855 18211 
29333 6
78265 55783 30774 53303 970 29786 
29220 6
78209 69791 36253 70681 1152 1077 
29103 6
78150 8974 42014 43908 77141 65538 
28998 6
78098 70361 13880 41174 11289 67837 
28846 6
78022 6246 31987 72736 58780 8711 
28831 6
78014 56772 70889 75620 14940 63975 
28815 6
78006 74839 70711 48625 2645 65367 
28615 6
77903 27111 58526 65481 53110 61812 
28605 6
77898 63455 61189 31098 73626 64471 
28492 6
77842 22188 66249 7387 47195 31207 
28365 6
77775 71120 50026 73887 67145 32965 
28356 6
77771 8966 72059 76984 17634 39446 
28330 6
77758 72510 71303 69007 61741 4771 
28307 6
77746 50461 3073 44920 62722 12331 
28176 6
77677 10133 63955 12668 72282 1826 
28163 6
77670 56006 41611 71011 65174 59483 
28161 6
77669 42471 19341 38795 53976 72002 
28072 6
77624 40559 74665 69985 68781 75333 
28010 6
77592 12017 63406 69009 57801 67098 
27993 6
77583 65141 28082 26082 38321 46742 
27961 6
77567 24082 76298 47054 4243 59543 
27869 6
77519 71541 13927 10048 14584 4535 
27866 6
77518 42725 56031 52032 13415 38525 
27781 6
77473 73185 28895 70463 62943 72219 
27736 6
77451 25680 58981 67855 5386 62748 
27692 6
77429 5325 3334 3772 71907 66828 
27684 6
77424 77425 11954 19265 6258 75178 
27655 6
77407 55372 61041 68214 38043 61899 
27347 6
77237 44186 50759 69127 21008 15314 
27329 6
77228 30426 71588 19996 2689 40276 
27294 6
77211 45185 24662 24070 37460 23947 
27203 6
77159 76174 39771 15231 56872 30757 
27197 6
77156 100 49975 23117 56714 53246 
26935 6
77011 45580 22089 76027 61682 40963 
26853 6
76958 62912 46706 23112 66789 64743 
26796 6
76927 46149 25932 57156 55543 3558 
26680 6
76858 70557 38830 10101 12308 65772 
26506 6
76762 40552 56659 56187 68327 57876 
26467 6
76739 2502 50782 24785 72754 4179 
26251 6
76611 74397 50218 59813 36298 14902 
26055 6
76492 60219 37684 17402 9675 22435 
26024 6
76473 29283 35847 30724 45335 56085 
25994 6
76455 55079 72448 69987 59032 9800 
25933 6
76417 39524 33147 8643 32880 59990 
25764 6
76309 23252 70928 3358 70486 18262 
25743 6
76297 63521 65749 24714 26179 13865 
25628 6
76219 4202 2195 26153 41317 6379 
25598 6
76198 54723 41883 41234 34854 12443 
25582 6
76190 6919 51652 37782 15526 69595 
25566 6
76181 73349 16675 58436 10726 14592 
25194 6
75934 53845 51557 43460 46997 62917 
25113 6
75881 75214 54170 69352 71491 57656 
24971 6
75777 75778 30527 70192 1429 67108 
24847 6
75693 35194 47567 73596 7257 59450 
24676 6
75574 47615 2925 18777 20641 40550 
24486 6
75443 74542 47794 27955 67857 2542 
24419 6
75392 1231 75393 912 37617 7782 
24147 6
75203 43949 18513 26148 67478 59117 
24081 6
75151 19551 43823 66416 56903 15898 
24054 6
75133 45709 74780 48890 36140 28389 
23998 6
75094 65335 41924 54472 47016 41969 
23882 6
75007 55025 35075 59659 16507 22907 
23877 6
75002 49383 66645 38207 41853 32273 
23832 6
74970 50410 56247 71439 61507 19358 
23824 6
74961 74127 63472 50868 6947 4513 
23823 6
74959 33926 47062 8137 53665 44340 
23798 6
74943 2398 68133 29240 58546 26369 
23749 6
74908 54641 41900 62071 34753 13932 
23694 6
74864 7957 28485 34507 60003 74865 
23633 6
74805 24347 74806 9690 55672 66769 
23619 6
74793 50877 45819 30512 39527 57835 
23568 6
74754 42463 40625 74756 69729 37770 
23441 6
74662 51423 27604 4463 35101 51622 
23406 6
74635 70674 72332 29605 18111 43770 
23350 6
74597 30199 23240 54642 69028 66298 
23260 6
74523 39182 6137 54229 71259 49017 
23233 6
74503 46449 1550 40810 12859 37588 
23050 6
74352 22274 23703 35485 50178 1870 
23035 6
74337 34249 54193 55734 586 59811 
22984 6
74298 60859 55350 41691 33066 24115 
22973 6
74286 27002 61368 40544 69323 74288 
22922 6
74241 62783 67627 68665 37458 74242 
22779 6
74119 42624 17078 49646 56676 31672 
22704 6
74048 68847 37044 13772 1551 74019 
22582 6
73932 37645 14401 16155 25921 61382 
22448 6
73813 4781 68434 42087 73814 22143 
22295 6
73687 73688 54601 57623 6570 59636 
22256 6
73651 21206 52902 22292 71737 72463 
22254 6
73649 32233 73650 18087 4589 40393 
22102 6
73494 72134 47222 34114 30345 32479 
22100 6
73492 49869 46876 62663 26840 73493 
22041 6
73432 31274 18293 46857 2892 71865 
22014 6
73402 51658 73404 14378 38171 61485 
21891 6
73281 73282 60995 73283 26360 36655 
21785 6
73174 35273 18279 73176 25264 2522 
21770 6
73159 38275 5951 45635 16501 73160 
21674 6
73058 35114 48775 44152 1802 41482 
21642 6
73022 54836 41917 29388 45018 45522 
21635 6
73014 69672 33536 56532 2211 72298 
21548 6
72926 5700 39223 62653 70053 8825 
21471 6
72835 60706 67121 12892 68804 24123 
21467 6
72833 62636 63356 30077 60459 11869 
21371 6
72731 49594 38933 6807 53965 21119 
21272 6
72632 5530 20166 68949 39301 46625 
21254 6
72606 45555 55252 71031 22829 49444 
21241 6
72588 10426 26745 18472 70571 53284 
21181 6
72533 44013 66911 47638 25551 27741 
21175 6
72523 48488 28705 72524 12243 15896 
21055 6
72398 67333 24816 36344 36259 11416 
21048 6
72389 39989 55872 59970 20579 66102 
21016 6
72345 48475 72346 54079 29961 3709 
20945 6
72270 21721 72154 68820 54956 68419 
20906 6
72228 72229 2060 38164 47927 52301 
20866 6
72189 27735 32279 20830 72190 72191 
20792 6
72110 19796 52384 65343 11526 63687 
20725 6
72025 42667 26748 52599 26803 13491 
20670 6
71957 4647 71958 53855 35795 68477 
20660 6
71947 26355 69324 1845 15742 67613 
20623 6
71912 61782 65272 46984 24710 71913 
20615 6
71901 5635 46370 55751 71070 39856 
20604 6
71889 28893 50692 6452 63698 25315 
20533 6
71803 52512 16560 71804 29375 61204 
20370 6
71627 6918 28076 71628 12868 5528 
20268 6
71510 70931 42408 27028 2448 30071 
20174 6
71400 67085 13131 2339 27534 51354 
20102 6
71317 6760 18822 3507 69621 25055 
20055 6
71262 48359 57434 42591 62378 25252 
19794 6
70955 62279 29883 28470 65378 12343 
19748 6
70898 34888 36927 37053 4290 29561 
19740 6
70886 64741 35794 5904 70835 37225 
19678 6
70815 1460 16406 43207 64500 43573 
19671 6
70804 68962 18591 7489 59193 56488 
19650 6
70783 64488 43379 23932 54990 70784 
19618 6
70738 70739 39643 46157 1719 70741 
19588 6
70696 29553 18343 13736 59610 66377 
19544 6
70635 11654 46814 12928 51979 70637 
19480 6
70559 68863 62546 20019 47265 16149 
19477 6
70552 64053 24383 22117 34853 41048 
19430 6
70496 7422 35814 35438 53356 23439 
18960 6
69880 69882 52090 69884 44599 45758 
18924 6
69833 15318 20024 69834 14638 33845 
18684 6
69514 45662 29994 35697 21288 35749 
18482 6
69237 4721 282 24691 30438 62007 
18481 6
69236 610 68246 7851 11849 54885 
18428 6
69166 11374 36801 58570 69167 60243 
18421 6
69159 6254 12375 32362 14728 5254 
18263 6
68931 20015 14310 17094 65591 68170 
18249 6
68912 17086 39874 27258 48950 48710 
18224 6
68866 29498 39805 28272 24006 2070 
18201 6
68834 68835 68836 59229 11574 59945 
18026 6
68595 54125 17361 68596 59200 57406 
17887 6
68387 34986 18431 49785 24589 5728 
17841 6
68313 28339 44723 26422 40835 38881 
17540 6
67828 67829 67830 61516 18197 20956 
17400 6
67622 65668 35665 42983 67624 67625 
17374 6
67591 66352 23743 67592 64864 67593 
17373 6
67589 41734 11995 7340 67590 6115 
17315 6
67495 64541 50633 659 66687 36967 
17284 6
67454 2626 19442 67379 51094 13190 
17063 6
67109 2375 30987 51085 20185 6202 
16989 6
66982 4285 46951 66983 16873 66984 
16790 6
66677 66678 48751 17057 45712 66680 
16789 6
66673 21040 51464 21920 23683 30932 
16768 6
66647 1393 39696 49534 66648 23782 
16746 6
66619 30264 63549 22171 32393 45638 
16699 6
66530 1013 2009 28927 59163 45592 
16641 6
66424 12087 14641 50202 35465 39549 
16615 6
66373 2691 34360 18555 66375 58009 
16593 6
66339 37189 61861 26344 58945 40521 
16575 6
66307 31954 36709 6557 29915 51718 
16155 6
65518 40976 2020 15723 13601 65521 
16113 6
65440 40888 51947 10578 60936 39699 
16093 6
65398 25356 30117 50673 49908 33625 
15927 6
65080 65083 47276 24622 47290 12714 
15921 6
65067 37709 45039 32367 17688 65068 
15918 6
65063 65064 65065 51909 52937 23333 
15870 6
64974 55462 32401 64975 45570 110 
15861 6
64955 6286 28044 50752 248 11345 
15839 6
64915 51849 4170 1180 406 5428 
15770 6
64790 2924 55395 12130 64791 44174 
15740 6
64746 56165 14215 26309 44227 64748 
15648 6
64555 8602 17535 41049 64556 7708 
15629 6
64515 36034 64517 64518 64519 64520 
15365 6
63979 40569 38987 34625 51779 63985 
15320 6
63879 38834 63883 63626 63884 62755 
15257 6
63745 47299 51190 50797 53857 52986 
15237 6
63699 7826 63704 35138 63706 61224 
15060 6
63349 50080 28581 39932 1982 6822 
15021 6
63261 54366 23072 26206 40562 29254 
14962 6
63142 17930 58448 42410 29374 63027 
14886 6
62982 1676 12319 62983 39632 62984 
14859 6
62923 1019 62925 62926 62640 47135 
14819 6
62830 62833 20594 60248 6500 62834 
14790 6
62767 57537 62768 59378 50229 44247 
14720 6
62621 18895 53739 56111 62623 51933 
14703 6
62583 24482 33968 62585 62586 43883 
14571 6
62290 34396 15692 7030 62292 62293 
14548 6
62240 42954 34052 1021 57322 45527 
14533 6
62200 62186 10267 62203 5412 62204 
14408 6
61912 18342 21369 57411 25452 16331 
14384 6
61857 31970 46054 54494 56777 36326 
14318 6
61705 32250 61706 30044 3556 6577 
14309 6
61681 61683 53708 61685 40623 59760 
14300 6
61664 61665 61666 61667 55273 40811 
14282 6
61622 59043 47311 30623 59349 7528 
13952 6
60890 9796 14144 60891 60892 29862 
13919 6
60814 60816 37658 60818 56039 40736 
13722 6
60381 50952 36724 22308 18548 1260 
13452 6
59721 13991 4369 57637 32730 46392 
13425 6
59649 59652 17525 59653 35248 59654 
13407 6
59609 50205 35841 59611 38013 51974 
13206 6
59094 12146 59095 59097 15797 5727 
13139 6
58935 10289 15537 54928 15871 58936 
13049 6
58704 22149 30836 58708 58709 58710 
13030 6
58653 15994 20858 19954 58654 58655 
12969 6
58499 45848 3592 58505 29877 257 
12846 6
58191 54865 58194 58195 36652 35621 
12824 6
58142 47473 58143 23891 25788 58144 
12823 6
58138 57304 18387 26653 58141 36008 
12813 6
58114 15250 5316 30317 27598 6066 
12766 6
58000 14360 58001 45676 58003 46743 
12724 6
57896 50516 54167 23596 57897 57898 
12703 6
57841 37180 2230 41036 11050 57846 
12649 6
57702 37013 39136 30008 57705 53660 
12520 6
57404 54327 16461 52794 10010 40430 
12475 6
57273 37924 13401 31975 24835 57276 
12343 6
56914 20127 15890 14843 56916 56917 
12179 6
56470 56475 56476 56477 33354 56478 
12165 6
56435 48213 37606 56438 32310 53358 
11979 6
55922 55924 40162 49753 55925 17071 
11931 6
55795 55798 30055 55800 55802 382 
11924 6
55781 16687 26521 55782 19830 37681 
11882 6
55654 55655 55656 54143 52393 33676 
11735 6
55242 55247 49273 4591 18171 55249 
11648 6
55003 55004 55006 55008 55009 55010 
11548 6
54733 50668 52554 54735 23143 34065 
11501 6
54599 54603 53314 46218 54605 14198 
11166 6
53595 53503 18501 12025 7682 53599 
11146 6
53539 41828 15620 27728 20054 49320 
11109 6
53418 5308 12671 53423 53424 43948 
11034 6
53191 53192 53193 53196 32645 22421 
11008 6
53112 53113 21526 12306 44847 24429 
11006 6
53104 41522 53106 10260 53107 53108 
10952 6
52940 5236 19362 36203 18422 52941 
10825 6
52530 52534 52536 15587 52537 52538 
10779 6
52398 46935 52402 26102 21979 52404 
10770 6
52374 31784 44412 20101 5905 52376 
10700 6
52156 6101 21925 52157 12618 52159 
10655 6
52026 36358 23602 27975 41695 51614 
10605 6
51858 7568 11245 51861 22579 1547 
10574 6
51749 51750 34057 36246 51752 51753 
10455 6
51359 51362 51363 51364 19660 39690 
10388 6
51127 20292 51128 51129 51130 51131 
10387 6
51120 14285 51124 38135 45036 29736 
10375 6
51076 23121 2404 51080 8704 33541 
10332 6
50948 10625 50950 40335 43121 50951 
10302 6
50846 50848 43525 50849 47876 43325 
10280 6
50775 30226 15872 50777 50778 7451 
10184 6
50470 7474 1290 50472 50473 45096 
10141 6
50313 42445 6699 50318 50319 50320 
10114 6
50224 11678 16431 50225 50226 13602 
10104 6
50197 46318 27935 46384 11100 50198 
10045 6
49995 49999 50000 50003 44439 50004 
10012 6
49897 49898 49899 49900 31169 26852 
9943 6
49667 46413 46888 44198 49672 49673 
9878 6
49454 443 49455 33436 22396 17363 
9827 6
49277 14156 4853 23487 49281 34025 
9777 6
49110 19759 27457 49115 2880 29371 
9768 6
49088 26249 21185 46872 30304 49089 
9764 6
49078 34887 49079 42369 46649 41603 
9627 6
48607 43471 48608 48609 24549 48611 
9613 6
48563 43488 5118 48566 29252 12227 
9592 6
48492 22415 3326 48479 48493 48495 
9569 6
48412 48416 21167 38626 5101 15461 
9548 6
48340 36087 32434 19275 48342 48345 
9475 6
48092 47123 41268 5619 47456 44807 
9456 6
48030 48031 48032 48033 27275 34799 
9311 6
47526 47531 47533 19212 39492 1187 
9287 6
47439 14447 47443 47444 47445 42706 
9283 6
47426 43575 39864 47430 47431 29844 
9235 6
47255 36563 47256 47257 47259 19427 
9196 6
47118 2229 47119 3791 47120 47121 
9190 6
47094 32085 47098 37562 45512 4703 
8992 6
46396 46398 28851 15600 46400 46401 
8932 6
46170 21101 46173 46174 6792 40454 
8827 6
45776 45779 45780 6355 43486 36974 
8782 6
45626 45627 41941 45629 7545 45631 
8730 6
45427 45429 45430 45431 20924 214 
8646 6
45099 45100 45101 30362 45104 33834 
8617 6
44984 5561 22306 15026 44988 44990 
8614 6
44976 22547 6653 40987 44978 44980 
8547 6
44728 38118 43494 24198 44733 44734 
8286 6
43712 33422 43713 5519 18018 43714 
8208 6
43410 43411 40506 1793 41718 43415 
8142 6
43159 41690 43161 15227 43162 17998 
8064 6
42841 42842 8412 42843 42845 42848 
8007 6
42600 42603 42604 17613 26149 19606 
7961 6
42421 18951 42424 27279 42426 27375 
7898 6
42182 12784 15215 42183 42184 41726 
7861 6
42026 33058 42031 31565 25047 42033 
7731 6
41496 8642 41499 23406 41500 28643 
7700 6
41380 20356 23330 21279 40645 5615 
7683 6
41300 41305 39250 41306 30821 41309 
7436 6
40306 40307 25850 40309 3320 40311 
7432 6
40287 19960 5562 27120 40288 40289 
7354 6
39975 39976 12090 22659 17148 39978 
7206 6
39370 11257 39371 12751 17849 39373 
7094 6
38919 38920 38922 24647 31467 38924 
7033 6
38645 38651 38652 38653 38654 38655 
7013 6
38555 38561 35303 38563 19978 38565 
6991 6
38465 23251 17356 27085 38472 10492 
6908 6
38094 38095 33561 16463 38096 38097 
6860 6
37877 37878 8313 37881 37882 37883 
6804 6
37628 18077 37629 37632 37633 37635 
6744 6
37348 37349 37350 37352 37354 37355 
6659 6
36972 30756 35680 36975 36978 22334 
6645 6
36906 36912 32617 36913 12214 2213 
6634 6
36855 36856 36857 34043 36858 36860 
6456 6
36066 8726 36068 36069 36070 36071 
6403 6
35822 28264 35825 35827 21662 2239 
6272 6
35251 35253 35254 35255 4410 32255 
6256 6
35187 12518 27597 35190 10298 14956 
6208 6
34975 20302 34976 30490 34977 34978 
6207 6
34967 28416 34971 34972 30194 32073 
6120 6
34599 183 34602 1975 34603 24954 
6110 6
34550 8725 32179 34552 34553 31050 
5985 6
33985 33990 21964 28481 33992 3928 
5930 6
33733 21334 33734 33738 33739 33740 
5923 6
33695 33698 33700 33701 27522 33703 
5810 6
33157 14799 25302 12955 33159 21562 
5803 6
33120 6932 33128 23682 5984 13563 
5783 6
33023 33029 33030 33031 8084 33032 
5766 6
32945 32947 32948 32950 32951 32952 
5760 6
32922 17583 12255 32924 10222 32926 
5732 6
32793 28817 29580 32795 32796 32797 
5652 6
32417 32418 32419 32420 32422 1381 
5588 6
32107 32108 32109 32110 32111 27008 
5582 6
32077 32078 32081 32082 32083 23674 
5569 6
32012 32016 31077 32018 23728 32020 
5527 6
31814 31818 31819 31821 31823 31824 
5501 6
31689 17401 31696 11436 31697 621 
5425 6
31329 31333 31335 31336 31337 31339 
5353 6
30985 2794 9076 30991 30992 15439 
5268 6
30575 30576 17712 30577 8611 30579 
4892 6
28715 13975 28716 28717 9621 28718 
4886 6
28684 19538 28686 28688 28689 28690 
4798 6
28251 16151 4328 14637 1442 28254 
4757 6
28053 19847 28056 28057 10161 28059 
4664 6
27606 27608 7372 14145 27609 27610 
4641 6
27481 27483 12171 27484 27485 27487 
4629 6
27409 14302 27415 15881 27418 27419 
4588 6
27212 27213 27214 1035 27216 27220 
4581 6
27166 27172 27173 27174 27176 9351 
4573 6
27124 12328 27130 27131 27133 22021 
4522 6
26879 26880 26882 7856 20589 26883 
4439 6
26464 19409 26466 26467 26468 26470 
4411 6
26312 26317 26318 26319 26320 26321 
4335 6
25894 25901 25902 25903 24618 25904 
4318 6
25819 25820 5888 25822 25823 25824 
4286 6
25658 15585 25659 25661 25662 5495 
4228 6
25359 25360 3682 25364 13831 25365 
4205 6
25240 25245 25246 25247 25248 25250 
4070 6
24552 3924 24554 24555 4600 24557 
4066 6
24528 11482 24531 24532 24533 24534 
4048 6
24419 24421 12191 24424 24425 24426 
4023 6
24291 24298 24299 24300 24302 15435 
3951 6
23916 1872 23922 398 23924 8239 
3879 6
23539 23544 23545 22463 17649 23546 
3791 6
23084 11519 7379 23090 23091 23092 
3765 6
22941 22947 22948 22949 22951 22953 
3751 6
22862 1037 22871 22872 22873 22874 
3741 6
22810 22816 22818 22820 22821 22822 
3664 6
22387 22388 22389 22391 22392 22393 
3559 6
21820 9618 13728 21825 21826 21828 
3511 6
21559 21563 21565 11356 21567 21568 
3499 6
21498 21504 21505 15752 15606 21508 
3497 6
21487 21490 21493 21494 21495 21496 
3494 6
21477 21479 21480 21482 21484 4713 
3354 6
20696 20699 20701 20702 20703 20705 
3330 6
20570 20571 20575 11149 20576 20577 
3209 6
19899 19903 19904 11783 19905 19909 
3082 6
19192 14464 19193 19194 19196 2696 
3012 6
18795 12298 18796 18797 18798 18799 
2814 6
17673 17674 6898 17678 17679 17680 
2756 6
17347 13638 17348 17350 6703 17353 
2724 6
17173 6129 17174 17175 17176 17177 
2716 6
17127 11577 17129 14172 17130 17131 
2507 6
15913 15919 15920 5848 15923 15924 
2245 6
14335 14341 14342 14343 14344 14345 
2153 6
13781 13785 6906 13788 13789 13790 
2134 6
13673 5638 13676 13677 13678 13679 
2104 6
13509 13512 13513 13515 13516 13517 
2077 6
13343 13348 13349 13351 13354 13355 
2002 6
12901 12902 12904 12906 1200 12907 
1834 6
11875 11878 11879 11880 11882 11883 
1787 6
11587 11593 6142 11595 11596 11598 
1439 6
9452 9459 9461 9463 9464 9465 
1437 6
9440 9446 9447 9449 4481 9450 
1302 6
8594 8595 8596 8598 8599 6806 
1173 6
7762 7766 7767 7768 7772 7773 
1158 6
7670 7671 7672 7673 7674 7678 
1139 6
7547 7553 7554 7555 7556 7557 
805 6
5363 5368 2822 5369 5373 5374 
767 6
5117 5123 5125 5126 5127 5128 
756 6
5054 5055 5056 3321 5059 5061 
710 6
4760 4764 4765 3151 4766 4767 
612 6
4106 4108 3420 4109 4111 4112 
610 6
4093 4094 4095 4096 4097 4098 
606 6
4065 4067 4068 4069 4072 4073 
565 6
3786 3794 3795 3796 3797 3798 
560 6
3762 3763 367 3765 3531 3766 
487 6
3278 3283 3284 3285 3288 3290 
432 6
2915 2918 2919 2920 2921 2922 
382 6
2585 2586 2587 2588 2589 2593 
377 6
2543 2549 2553 2554 2555 2556 
338 6
2289 79 2293 2294 2295 2296 
324 6
2200 2201 2202 2203 2204 2205 
229 6
1553 1559 1562 1563 1428 1565 
77 6
523 528 529 532 533 535 
66 6
456 458 459 460 461 462 
21 6
138 144 147 148 149 150 
1 6
0 7 9 10 12 13 
29993 5
78596 75864 66330 19276 13245 
29928 5
78564 61058 3815 50872 984 
29912 5
78556 62488 68851 39427 53797 
29902 5
78551 35887 18947 78273 38036 
29892 5
78546 49040 22683 14711 27600 
29890 5
78545 29753 66994 30921 69942 
29882 5
78541 21642 57940 60200 43672 
29877 5
78538 60789 47198 74307 12490 
29865 5
78532 75944 30604 14655 27523 
29859 5
78529 48438 43528 49107 36384 
29855 5
78527 42948 73960 75064 74085 
29820 5
78510 6476 11866 73270 63092 
29811 5
78505 5809 60514 18764 5913 
29781 5
7440 3955 19076 75442 59276 
29755 5
78477 39408 10464 58209 2000 
29750 5
78475 55251 38173 32969 39192 
29716 5
78458 25769 9370 13475 30541 
29715 5
78457 44849 53466 25265 20360 
29634 5
78417 36620 52588 17415 70650 
29598 5
54225 50978 3499 41396 165 
29567 5
78383 43600 62216 55688 27480 
29550 5
55776 66750 37808 27112 66060 
29522 5
78361 35787 53967 71192 74548 
29511 5
78355 70745 26527 71396 52192 
29487 5
78343 30246 46535 74087 77327 
29481 5
78340 46133 17574 69205 68252 
29452 5
78326 41731 22018 60306 69294 
29392 5
78296 57995 13628 53454 66019 
29316 5
78257 23894 61023 64600 71271 
29315 5
78256 37950 44640 62957 63566 
29293 5
78245 61326 48832 349 59136 
29277 5
78237 16536 60099 60007 23884 
29264 5
78231 65224 27119 41688 20650 
29162 5
78180 61342 73540 72911 73990 
29114 5
78156 59935 38082 41865 63054 
29057 5
78127 16499 5924 33494 11520 
29038 5
78118 3119 48705 34363 10406 
29033 5
78115 56570 26099 15383 69917 
29022 5
78110 65837 55272 57826 30711 
29014 5
78106 61893 62662 43549 36162 
28982 5
78090 6658 48773 40055 49617 
28973 5
78085 62123 57840 60981 345 
28941 5
78069 74506 15220 23066 56032 
28932 5
78065 19770 36713 36829 67573 
28912 5
78055 11068 64736 26343 22782 
28873 5
78035 9596 72672 67482 31832 
28867 5
53750 49120 9455 75880 21036 
28865 5
22956 52772 31020 51859 7490 
28844 5
78021 36867 10505 40318 21168 
28837 5
78017 71093 61978 56883 26766 
28824 5
78011 75278 51360 68858 26536 
28807 5
78002 48441 28271 73645 33576 
28746 5
77972 15498 43758 73339 72295 
28730 5
77964 37451 69717 55542 25161 
28630 5
77912 15071 12652 56243 10709 
28559 5
77875 72829 23647 62970 12980 
28389 5
77787 68696 16329 39070 35742 
28385 5
77785 69200 74963 36568 62056 
28360 5
77773 9122 17891 23867 63678 
28358 5
77772 35107 29471 60157 72385 
28353 5
77769 12013 59552 68470 43053 
28296 5
77740 73411 67064 71806 50514 
28251 5
77717 70837 23652 32478 71752 
28188 5
9115 68996 54697 68062 70171 
28170 5
77674 73701 50031 55665 35460 
28128 5
77653 20776 39209 12321 65415 
28127 5
77652 2985 51827 2207 16720 
28116 5
77647 23341 46524 71990 57337 
28075 5
77625 33489 31218 53763 37751 
28070 5
77622 36374 74318 68263 22812 
28069 5
77621 34943 22456 69345 61284 
27989 5
77581 1310 40910 6620 40593 
27977 5
77575 46388 12563 48081 29047 
27972 5
77573 48585 22786 206 68273 
27952 5
77563 45876 67931 62806 16181 
27911 5
77541 30522 74432 43294 68538 
27851 5
77509 71920 32583 58443 17610 
27842 5
77505 19349 37787 56134 30601 
27814 5
77490 73251 67806 1683 31763 
27802 5
77484 46359 27553 34280 56161 
27789 5
77477 53004 67458 61755 58532 
27783 5
77474 20000 15548 65932 75938 
27771 5
77468 3279 47189 13533 21856 
27704 5
77435 46546 51420 56342 18922 
27697 5
77431 46356 38119 54915 44217 
27676 5
77419 55880 56727 41414 11359 
27639 5
77399 21560 39776 53752 73792 
27587 5
77369 5532 23293 861 45025 
27569 5
77359 15062 52964 28726 22397 
27528 5
77339 37188 53662 37668 27956 
27499 5
77322 15213 71997 16849 76884 
27478 5
47099 15292 18958 24295 59795 
27425 5
77279 77280 43837 72503 8509 
27406 5
77269 31930 67496 32400 73730 
27397 5
77263 7322 41335 52820 63823 
27379 5
77253 73795 10442 34037 31688 
27330 5
77229 62513 7632 67649 4601 
27308 5
77218 54539 49034 60119 71711 
27285 5
77206 18327 7752 51375 74496 
27279 5
77203 49169 38866 19293 3143 
27252 5
77188 69610 26764 45075 1632 
27245 5
77183 2166 73012 9176 25637 
27160 5
77133 60686 74036 67140 75427 
27057 5
77080 25745 64561 21122 71609 
27048 5
60671 52120 60975 13287 9074 
27035 5
77067 35904 35830 32248 18458 
26978 5
77035 21435 68355 51857 70870 
26962 5
77026 74039 69313 31542 68224 
26937 5
77012 51596 40663 58942 65216 
26921 5
77004 74536 38779 65516 364 
26907 5
76997 69808 76841 68408 43302 
26883 5
76979 73902 5609 2932 76489 
26868 5
76968 76969 11191 11562 31622 
26845 5
76953 53237 59351 14021 19626 
26789 5
76923 45401 71121 55364 50082 
26780 5
76916 7003 49585 24814 65170 
26765 5
76906 19753 39232 20636 70659 
26695 5
76866 5968 67562 42152 16085 
26693 5
76865 64210 16827 36249 47159 
26686 5
76862 52102 34889 55755 72841 
26665 5
76849 5529 52725 1272 23074 
26627 5
76827 13777 12542 67122 53464 
26560 5
76791 42543 43144 36717 67697 
26530 5
76776 73552 68021 17881 45202 
26451 5
76729 54449 70374 31747 62573 
26445 5
76726 44736 37561 11811 41314 
26436 5
76720 65351 44854 4408 42002 
26418 5
76709 70984 5154 47536 27408 
26397 5
76696 52275 38603 19567 20208 
26390 5
76691 12299 10797 56755 6040 
26347 5
76668 55558 58155 73000 64664 
26308 5
76647 17413 51169 48719 67297 
26261 5
76618 68025 52260 76567 50081 
26235 5
76601 23326 55487 57949 540 
26108 5
76526 68457 67044 43861 43055 
26062 5
61083 62919 43721 66503 5886 
26052 5
76491 42618 16632 62104 40676 
25971 5
76440 63770 28871 12985 43259 
25935 5
76418 6382 75802 67383 29247 
25908 5
39393 35972 32799 74000 16835 
25906 5
76403 23690 11139 62412 37978 
25844 5
76362 55629 43397 54267 117 
25838 5
76359 36816 35544 19378 52314 
25804 5
64129 75860 67524 18314 42089 
25758 5
76306 21981 61222 59763 53881 
25668 5
76249 74484 68332 62226 11805 
25663 5
76245 74262 1960 71591 64058 
25633 5
76221 2697 49966 56969 11674 
25595 5
76196 66547 48816 71131 67822 
25568 5
76182 14068 23173 58131 16111 
25543 5
76166 63860 60984 13953 40945 
25532 5
76161 5939 15771 28867 65728 
25505 5
9207 42585 31677 42294 70782 
25497 5
76139 57087 75005 52389 38285 
25488 5
76134 25016 49119 71239 65964 
25465 5
76119 5525 57649 824 63477 
25460 5
35771 62753 55818 23198 74790 
25458 5
76115 25617 65168 62784 58355 
25432 5
76098 74354 40555 1402 60072 
25416 5
76087 25139 15985 14442 54470 
25406 5
76080 64851 64333 70349 47245 
25400 5
76076 65139 7689 38406 13900 
25397 5
76074 23359 24357 38558 48300 
25346 5
76039 65407 76040 60679 14809 
25306 5
76013 52256 1258 13585 52024 
25295 5
76004 36541 76005 72369 40336 
25271 5
75985 14856 2086 20730 58295 
25267 5
75983 28478 68985 56219 41325 
25265 5
75982 60175 16519 50234 59263 
25254 5
75976 34993 71838 7972 64795 
25187 5
75929 60519 67765 74415 30111 
25170 5
75920 75884 24033 73648 21383 
25127 5
75892 24468 20195 51711 34099 
25100 5
75870 75871 37929 52722 59747 
25066 5
75845 10646 53979 44875 10949 
25056 5
75839 39437 21774 4183 11338 
24979 5
75782 35589 17845 3156 39384 
24976 5
75781 64878 68989 59829 61138 
24963 5
75771 840 54919 59213 50441 
24924 5
75746 7467 43088 34851 42477 
24920 5
75743 32886 57620 47727 20295 
24878 5
75717 34436 34746 60253 33409 
24832 5
75683 22694 9923 61274 75684 
24826 5
75679 14314 65869 51004 9697 
24793 5
75653 17504 40540 57027 73054 
24775 5
75640 36025 70052 60318 6012 
24690 5
75581 43378 53119 6742 31211 
24656 5
75561 65512 9348 14317 39074 
24652 5
75559 28244 73453 67719 60438 
24642 5
67552 63655 40151 66071 75552 
24616 5
75534 65891 56170 14475 27059 
24603 5
75526 36341 54266 63547 69393 
24597 5
75523 69228 10920 37432 20662 
24595 5
75522 46121 19875 58943 36990 
24544 5
75481 72439 72350 5310 67708 
24519 5
75463 15103 70752 73515 12421 
24513 5
75458 71199 31465 10850 73214 
24483 5
75439 43878 24860 19767 74596 
24470 5
75429 52469 66003 35693 51417 
24440 5
75408 16349 63503 62244 49372 
24396 5
37215 74860 54045 23935 37689 
24389 5
75371 41491 42321 27196 34004 
24371 5
75359 75360 21292 3949 61575 
24351 5
75348 4276 4557 29158 58487 
24316 5
75324 64985 41331 54400 42984 
24296 5
75311 54963 4904 70695 69837 
24267 5
75288 4332 60403 58831 29762 
24259 5
75283 16410 47778 53951 53488 
24254 5
75280 73212 67734 2604 15938 
24238 5
75269 37430 53565 64813 14969 
24193 5
75239 73992 73526 38872 51374 
24187 5
29090 58671 40439 70862 4051 
24157 5
75209 9519 58951 28824 69499 
24153 5
75206 69784 62904 72785 19393 
24107 5
75172 17370 57451 58690 13297 
24096 5
75164 4580 50311 57061 75165 
24030 5
75118 66123 41866 28890 4102 
24029 5
75117 50622 75030 28567 18515 
24020 5
75112 58838 49268 48819 53735 
23949 5
75059 17577 19072 19569 61405 
23942 5
75055 25343 6634 74880 14326 
23933 5
75048 63744 37659 15340 64953 
23915 5
75035 40076 66873 61160 64923 
23884 5
75008 16649 51525 75009 54867 
23880 5
75006 50298 20200 74151 71323 
23780 5
74930 37721 23426 13542 10743 
23634 5
72801 72928 74808 54761 39235 
23615 5
74788 49881 47031 42640 64712 
23600 5
74778 66178 65495 63295 43718 
23556 5
49704 41597 69429 66640 53719 
23549 5
74744 72688 41962 70626 30645 
23521 5
74725 70418 51148 36989 18316 
23465 5
74678 74680 70373 42094 66833 
23370 5
74611 59401 29666 74189 48664 
23357 5
74601 15830 59438 74602 43738 
23337 5
74585 28019 22660 36948 53184 
23335 5
74582 18843 60310 48518 16414 
23329 5
74579 40642 69533 6378 30764 
23310 5
74566 69911 43293 58686 9363 
23292 5
74553 64180 47114 43803 32092 
23284 5
74546 30736 68626 15545 33071 
23228 5
74501 24281 7137 34314 59834 
23225 5
74497 63932 16812 5100 38199 
23205 5
74476 67820 30746 17213 68340 
23068 5
74373 33388 62629 18118 45549 
22995 5
74306 4952 31789 45206 57504 
22991 5
74303 1413 34739 30218 14054 
22981 5
74296 1810 7736 24886 52924 
22891 5
74214 30722 24292 69104 31279 
22875 5
74204 9594 57402 70123 5566 
22867 5
74196 8841 55303 65933 12837 
22864 5
74194 69011 74195 59170 4784 
22798 5
74136 20745 29732 31456 48851 
22783 5
74121 54403 30876 15599 74122 
22757 5
74102 2824 60429 23130 55947 
22747 5
74090 74091 48451 4516 41530 
22741 5
74086 16206 49219 47528 61905 
22735 5
74077 42982 10337 6103 74080 
22701 5
74045 23855 28906 20305 37248 
22685 5
74033 63557 20622 8180 2368 
22634 5
73985 65019 57166 61656 73986 
22593 5
73939 73940 35257 73332 49343 
22543 5
73892 51840 20410 44471 40979 
22501 5
73854 37422 32882 17532 9684 
22386 5
73756 35871 62464 43719 59278 
22314 5
73703 54695 37226 12971 60888 
22303 5
73694 65485 42394 70798 4812 
22297 5
73689 52718 52519 25992 5983 
22259 5
73652 64094 38994 58561 24686 
22220 5
73613 8012 61695 54571 30624 
22214 5
73606 56156 60979 67584 26539 
22120 5
73509 6020 3304 58854 7427 
22119 5
73508 27494 16288 50638 48970 
22116 5
73505 30813 58384 73506 69984 
22111 5
73501 9981 6522 2579 2629 
22095 5
73485 24626 40735 52532 49386 
22072 5
73465 23176 50074 69590 27228 
22063 5
73455 30682 73456 51770 771 
21990 5
73382 69214 8345 52849 31082 
21981 5
73369 15823 71996 69778 33656 
21965 5
73351 41083 21022 1619 13288 
21945 5
73329 42876 17948 71429 13490 
21921 5
73309 24329 49137 50315 32031 
21884 5
73274 44677 61434 44238 3999 
21869 5
73258 30875 67976 58843 48554 
21845 5
73234 72759 62447 655 33512 
21827 5
73216 73218 11501 67202 3264 
21805 5
73193 38896 27858 52407 72419 
21796 5
73186 21007 58646 6748 54367 
21774 5
73164 52477 30338 68175 13850 
21742 5
729 67199 54065 66955 26074 
21734 5
73121 66306 57578 40026 62660 
21706 5
73092 68152 45264 39127 54754 
21697 5
73083 71842 55244 34617 67370 
21695 5
73082 51730 10879 67686 63648 
21685 5
73069 47929 61461 35876 64340 
21626 5
73006 61136 50819 72685 31463 
21600 5
72983 8096 36180 64236 42118 
21599 5
72981 6109 22914 19514 26703 
21543 5
72918 72284 42168 43635 11755 
21515 5
72887 50168 42282 58891 42533 
21507 5
72877 72879 72086 35816 31152 
21503 5
72870 50535 27127 72872 47878 
21450 5
72819 42699 72820 5197 61293 
21393 5
72753 58777 33246 71983 22172 
21313 5
72669 70753 69459 22166 50271 
21271 5
72630 38433 49961 71727 56774 
21248 5
72596 72597 40781 46314 50376 
21220 5
72571 62551 41055 9653 28942 
21159 5
72506 65501 3833 72507 19737 
21122 5
72470 13204 3243 10926 22130 
21089 5
72432 12487 70937 61871 72434 
21052 5
72395 61489 8118 41594 72397 
21009 5
72337 36908 54894 61903 72262 
20889 5
72210 60499 37918 23938 40583 
20862 5
72184 53807 31798 63252 57677 
20847 5
72166 47986 69571 29469 67022 
20821 5
72133 63868 23438 72136 12009 
20812 5
72127 72128 41374 32898 34429 
20764 5
72076 4034 72077 43344 52409 
20749 5
72060 11777 43649 50255 20411 
20712 5
72015 42005 24465 63638 40231 
20707 5
72008 28279 17069 28546 72010 
20683 5
71974 71978 21499 27233 47560 
20681 5
71969 12770 31794 30005 51327 
20668 5
71954 68183 67021 71955 71956 
20557 5
71831 9033 47714 42964 53489 
20446 5
71703 68524 57182 24173 57257 
20443 5
71700 71701 18109 10651 51924 
20422 5
29998 58967 71677 49499 683 
20414 5
71671 43692 63697 51705 51446 
20401 5
71656 6776 24194 44518 71659 
20391 5
71646 51580 54833 50113 13128 
20388 5
71644 38325 61984 41040 51073 
20383 5
71639 3341 50589 51009 32866 
20337 5
71590 19288 46315 71592 71593 
20303 5
71550 71551 57935 1467 16609 
20289 5
71531 39095 54920 47510 4650 
20230 5
71087 48807 5146 37392 16986 
20220 5
71453 19313 1772 71454 35983 
20205 5
71436 4564 33527 66630 5521 
20155 5
71370 55619 11607 71372 20179 
20153 5
71367 47102 71369 20708 58006 
20117 5
71331 63158 8088 1461 66366 
20095 5
71307 58042 8364 71308 49087 
20060 5
71267 26542 22468 67519 24630 
20056 5
71263 3590 70603 34070 49408 
20001 5
71188 8251 45797 34484 4504 
19993 5
71182 69372 5604 64958 20962 
19973 5
71160 58367 19929 70356 14082 
19963 5
71149 71150 23433 30585 35807 
19944 5
71132 47606 43277 29908 2797 
19866 5
71037 59565 63058 9960 33802 
19842 5
71010 22565 15137 26061 10334 
19787 5
70947 18288 18909 53640 50705 
19747 5
70894 40399 56687 60204 70897 
19737 5
70881 29587 16036 40970 37372 
19732 5
70877 65524 62669 3816 65934 
19731 5
70875 61765 47614 62075 41949 
19716 5
70860 68812 45197 25186 14591 
19657 5
70788 51846 66297 70793 29307 
19629 5
70756 33073 62285 60653 5216 
19625 5
70749 50418 66598 21795 14065 
19570 5
70670 23797 15839 70671 31040 
19527 5
70616 15751 34160 60123 29562 
19513 5
70596 375 3059 47943 70598 
19489 5
70570 62052 9015 19033 4503 
19470 5
70547 13221 12036 1438 63776 
19466 5
70543 26596 51667 63014 22723 
19446 5
70517 25646 42260 5745 67118 
19374 5
70424 61195 46650 59688 1505 
19371 5
70419 54484 19793 46765 40884 
19344 5
70393 30796 18964 61635 17967 
19311 5
70357 55436 43329 6256 46282 
19285 5
70324 70325 51926 70326 17002 
19260 5
70300 69311 63301 70301 34916 
19238 5
44559 48445 65631 25165 12959 
19183 5
70204 47830 70207 66998 26605 
19181 5
70203 20027 1851 69128 41858 
19122 5
70119 26933 12993 21138 16171 
19085 5
70058 22122 59005 70061 18112 
19083 5
70055 3240 23208 32448 49830 
19057 5
70024 61387 29417 8971 50484 
19009 5
69960 57019 4281 45233 69961 
18992 5
69936 61639 67728 69937 36893 
18942 5
69858 48546 48560 8810 40536 
18911 5
69811 37862 69710 57144 20231 
18890 5
27273 48986 64008 28916 69781 
18846 5
69738 66216 30285 54184 54786 
18834 5
69719 27145 69407 8698 56376 
18813 5
69691 69693 9765 10522 57047 
18805 5
69681 1586 20833 51958 35514 
18799 5
69671 69673 69674 64590 69120 
18791 5
69663 37126 60180 63810 48389 
18743 5
69602 3691 43238 55391 42077 
18739 5
8411 47321 47519 65755 67325 
18733 5
69587 28972 2730 69588 15409 
18713 5
69561 30290 21756 41846 2720 
18620 5
69427 66257 53808 22190 35561 
18559 5
69343 69346 41809 69347 46277 
18500 5
69262 47126 61134 49734 1766 
18417 5
69150 62154 69153 69154 69155 
18356 5
69064 30980 69065 69066 69067 
18343 5
69049 2014 30720 65254 55119 
18325 5
69022 48350 15560 69024 69025 
18251 5
68916 25331 13830 68562 55996 
18238 5
68893 68894 1375 52559 68896 
18228 5
68872 68874 7104 68875 49209 
18198 5
68830 3676 46105 44495 28261 
18194 5
68826 43917 53396 30684 45325 
18101 5
68693 62261 59142 18873 9252 
18038 5
68614 68615 12752 7126 34277 
18017 5
68582 68585 59272 13856 68586 
17991 5
68543 39648 2332 66697 13420 
17922 5
68440 18993 50899 54701 11533 
17890 5
68393 59148 52271 2512 65833 
17861 5
68346 9771 36165 35969 420 
17848 5
68328 45133 59969 14121 6815 
17814 5
68279 68280 51759 68281 45352 
17761 5
68190 66110 64848 21142 28409 
17750 5
68173 39662 43529 68174 50893 
17716 5
68123 40057 34569 52286 68124 
17649 5
68015 38988 57069 67229 8540 
17633 5
67986 52117 67987 63601 64734 
17596 5
67928 55108 40232 45608 67930 
17569 5
67880 63422 16345 10727 37167 
17535 5
67816 44858 62361 67818 62131 
17523 5
67800 48040 51832 60314 67801 
17514 5
67790 54231 67713 67791 34949 
17474 5
67727 4590 8910 57696 226 
17468 5
67715 64526 66233 58719 67717 
17419 5
67644 53406 43880 61508 16072 
17402 5
67628 38337 3177 18208 67182 
17376 5
67594 37111 26800 19791 55185 
17360 5
67569 67570 67571 62468 61911 
17359 5
67565 40502 10446 23387 21680 
17279 5
67449 1192 3055 36190 23759 
17275 5
67446 7804 39736 63449 28647 
17224 5
67368 51247 57832 65751 57246 
17207 5
67340 44676 67342 12625 17697 
17205 5
67337 12832 60457 67339 21231 
17168 5
67277 34906 57123 54287 812 
17153 5
67258 51035 60294 49131 32807 
17131 5
67221 54912 887 30863 44578 
17113 5
67187 67191 61474 5999 67192 
17099 5
67163 67166 18772 40228 2257 
17092 5
67153 11321 67154 26853 55894 
17089 5
67147 56242 30955 52058 56183 
17057 5
67101 50356 19983 57111 28065 
17033 5
67056 30306 15768 29574 47365 
17031 5
67053 26045 14566 741 67055 
16995 5
66995 49945 14823 8015 24776 
16971 5
66952 38002 50757 32391 66956 
16913 5
66865 66866 62486 65943 52860 
16876 5
66804 13170 15362 66805 55886 
16848 5
66759 65450 66760 61214 66762 
16828 5
66731 58501 62544 66732 65016 
16799 5
66689 28209 32112 954 14436 
16755 5
66631 50812 28728 30524 58417 
16750 5
66626 30976 47055 56706 2057 
16709 5
66550 33881 7264 66553 7433 
16702 5
66535 54145 31748 41390 2983 
16626 5
66397 66398 66399 56060 17944 
16619 5
66380 23045 40041 5614 52727 
16605 5
66360 1877 53232 49254 13795 
16577 5
66309 36299 66313 51472 48482 
16562 5
66284 52841 45673 53853 61772 
16526 5
66221 66222 34849 53239 29355 
16450 5
66074 20853 33579 61854 35992 
16449 5
66070 66072 66073 47700 56868 
16440 5
47303 50684 44770 66055 21816 
16437 5
66047 66049 66050 53076 25462 
16422 5
66022 21171 37427 41056 32689 
16407 5
65989 58972 50191 15431 65992 
16371 5
65923 46245 49639 62507 33106 
16339 5
65868 1175 51162 21208 62497 
16323 5
65836 47672 18537 65815 19039 
16316 5
65828 13327 49430 42469 2942 
16298 5
65801 65803 39256 6118 65804 
16288 5
65785 33860 61117 7500 57799 
16245 5
25513 22618 45550 47970 51873 
16218 5
65645 40425 39855 61747 65649 
16179 5
65560 13530 65562 65564 65565 
16109 5
65433 61006 65434 59159 49001 
16100 5
65416 38750 59502 31257 65417 
16098 5
65408 65409 65410 56853 24559 
16094 5
65402 44810 23844 10315 36201 
16089 5
65394 7178 1373 31919 59354 
16059 5
65321 23559 61498 52252 2145 
15984 5
65178 65179 61769 65180 36648 
15978 5
65165 65167 6123 48240 30851 
15949 5
65119 5479 8432 65121 47438 
15938 5
65101 65102 65104 22593 56118 
15894 5
65022 35141 65024 9092 31260 
15889 5
15463 14287 21893 61412 32263 
15851 5
64937 47938 39993 64941 26525 
15829 5
64901 63750 19986 47458 17702 
15823 5
64889 35483 37745 64891 64892 
15812 5
64869 64870 64871 58380 35219 
15806 5
64860 2374 10469 60001 26025 
15681 5
64614 8679 24489 8462 5116 
15668 5
64592 16938 64593 24520 19648 
15590 5
64442 16248 64443 223 34501 
15541 5
64341 56860 10759 52283 64343 
15512 5
64284 64285 14306 6755 40358 
15500 5
64264 45768 42208 16015 64265 
15497 5
64256 12277 239 5841 64259 
15472 5
7690 59456 52449 14644 45894 
15442 5
64140 64141 58083 64143 1005 
15441 5
64137 11688 22722 49170 54074 
15384 5
64029 38733 34493 15572 29145 
15342 5
63927 63928 63930 44303 63931 
15294 5
63821 18281 18098 46604 58268 
15203 5
63631 63634 35914 30510 28648 
15196 5
63621 49657 63623 5453 27559 
15184 5
63599 8147 49831 23787 34756 
15182 5
63594 4029 32501 39305 38788 
15156 5
39271 63539 42614 33176 18726 
15096 5
63420 63421 30328 6376 28975 
15087 5
63404 63407 52144 19989 53948 
15076 5
63384 63385 27297 35778 15497 
15073 5
63371 20939 4886 11988 45675 
15038 5
63297 18866 28154 4089 60471 
14985 5
63190 58202 7779 63193 16364 
14983 5
63188 63189 30471 59548 914 
14978 5
63181 63182 27738 37747 21882 
14977 5
63175 63178 63179 744 40286 
14975 5
51706 63173 8488 44188 36519 
14955 5
63125 63130 61283 59392 63131 
14878 5
62966 62967 59962 59439 16859 
14830 5
62856 62857 43466 53333 35541 
14817 5
62823 36723 45205 62828 62829 
14756 5
62696 21125 29501 62697 62698 
14752 5
62688 7639 62689 7068 62691 
14708 5
62598 57460 52526 49094 48053 
14668 5
62516 51274 32593 46042 17137 
14577 5
62306 22540 62309 37011 28899 
14558 5
62260 2828 35967 55891 21990 
14546 5
62236 62237 27107 43874 62238 
14544 5
62230 62231 348 44765 12358 
14537 5
62209 59564 62212 51670 18989 
14535 5
62205 25118 25173 46301 43972 
14515 5
62155 31382 37112 17045 40374 
14484 5
62088 62089 24569 14614 62090 
14483 5
62085 15311 57255 59614 36395 
14444 5
61991 61992 19952 46342 61993 
14379 5
61843 34001 24494 60116 49305 
14371 5
61825 42231 54274 38136 7501 
14358 5
61792 52394 61794 61795 61796 
14321 5
61708 46992 61710 11044 58897 
14296 5
61653 29466 55932 14110 61654 
14268 5
61591 61593 17655 61594 36273 
14267 5
61587 23691 61590 59488 18574 
14265 5
61581 9557 28725 61585 61586 
14251 5
61549 40639 57281 61552 58357 
14206 5
61458 7996 7871 22208 41177 
14180 5
61406 50592 61407 58178 61408 
14172 5
61383 61384 27713 61385 25893 
14133 5
61301 61303 61304 25289 47278 
14125 5
61281 61286 44753 61288 3731 
14123 5
61279 61280 12457 55942 38430 
14091 5
61215 46777 43299 32005 6580 
14057 5
61146 61148 61149 61150 69 
14037 5
61097 61099 7358 16896 11863 
14027 5
61073 26855 5784 61079 36458 
14020 5
61053 26193 23747 61054 12890 
14005 5
61010 16637 36110 61013 61014 
13968 5
60926 60929 60930 16274 49648 
13955 5
60895 60896 25576 60898 57037 
13895 5
60760 5214 42179 27295 1382 
13875 5
60717 39246 30404 41669 60719 
13838 5
60635 58637 10292 56196 57795 
13762 5
60461 60462 59018 60463 8637 
13748 5
60433 4262 60434 49631 27702 
13742 5
60422 53765 60423 47273 60425 
13713 5
27067 41473 4222 35409 39424 
13700 5
60328 47640 14834 60329 13767 
13697 5
60315 60319 24446 60321 51509 
13678 5
60273 28153 39672 43956 38705 
13674 5
60261 20048 35859 32804 33630 
13657 5
60221 60226 60227 40210 34532 
13644 5
60194 5003 60195 16904 47472 
13641 5
60184 56350 27829 24466 37412 
13629 5
60155 60159 54810 60161 34626 
13586 5
60044 22721 45355 29446 29599 
13559 5
59982 59984 59985 59986 8304 
13522 5
3616 16226 58416 12347 15404 
13520 5
42027 24726 26801 59895 59896 
13519 5
59890 33110 59892 56553 9946 
13517 5
59883 59888 4166 32115 50612 
13505 5
59852 48744 59855 59856 59857 
13484 5
59808 51257 38615 16616 59809 
13384 5
59550 39906 14974 33893 59551 
13340 5
59436 35206 11618 35129 47361 
13299 5
59327 39315 56725 59332 59333 
13286 5
59299 51644 56867 58965 56106 
13187 5
59054 24740 9213 43716 30093 
13133 5
58916 9797 11419 26972 58919 
13071 5
58762 22163 38735 58764 58765 
13018 5
58621 4076 58623 58624 39494 
12965 5
58490 14129 58493 53641 58494 
12889 5
58301 12731 58304 30962 5121 
12751 5
57959 37467 20707 33873 33417 
12745 5
57941 57942 18870 29103 57944 
12694 5
57827 53699 44016 2491 41338 
12607 5
57605 42052 53180 18006 57606 
12573 5
57527 53860 10991 24990 43951 
12569 5
57518 9397 38497 39307 9701 
12562 5
57505 6665 35488 43190 57506 
12545 5
57458 47767 12435 57463 52012 
12532 5
57429 36098 25415 34840 57431 
12518 5
57400 17264 42415 57401 3182 
12509 5
57375 55710 24583 33350 51458 
12416 5
57112 57113 4852 41918 51119 
12410 5
57100 55563 51386 57101 18400 
12404 5
57084 57085 57086 50789 15466 
12379 5
57012 57014 57016 57017 47285 
12376 5
57007 57008 48489 4158 35082 
12354 5
56948 56949 41107 15646 56951 
12339 5
56904 41191 44065 51664 31638 
12320 5
56855 56856 21035 35949 25800 
12303 5
56805 40538 56070 54209 45169 
12295 5
56788 27136 36827 56790 5319 
12288 5
56769 4694 56770 48471 46308 
12274 5
56734 30620 36388 56735 49883 
12258 5
56689 56690 17970 48082 31866 
12175 5
56455 13307 33958 56460 56461 
12160 5
56421 56422 56424 39356 7788 
12050 5
56132 7261 38438 56133 50170 
12035 5
56082 56087 20016 14208 38495 
11987 5
55945 55948 55950 50973 38344 
11939 5
55824 8025 3149 31140 39516 
11860 5
55598 558 49228 55599 10166 
11856 5
55591 21081 20657 55592 11615 
11823 5
55498 41921 40006 48696 55503 
11781 5
55380 55381 10011 28825 55383 
11772 5
55356 7008 55357 12721 49583 
11748 5
55286 40869 55287 38771 37762 
11678 5
55091 37864 55092 20315 55093 
11645 5
54994 54997 2951 54998 8535 
11616 5
54909 47793 52200 8513 51914 
11608 5
54887 37937 28921 5953 54889 
11580 5
54818 54819 54820 54822 39973 
11555 5
54746 23229 27321 54748 54749 
11551 5
54737 13829 14120 26414 32570 
11469 5
54496 16895 8392 13562 23174 
11453 5
54448 37137 14316 24084 13409 
11415 5
54343 54346 47474 46355 9833 
11413 5
54335 2544 54339 24062 54342 
11360 5
54186 39034 54188 26 41781 
11280 5
53945 6411 1728 41346 38995 
11246 5
53846 1 53847 37448 53849 
11227 5
53777 53786 53787 47390 53789 
11215 5
53742 42890 47584 11691 50956 
11173 5
53619 6512 10735 53621 480 
11125 5
53472 27792 53479 52416 49304 
11092 5
53369 40195 53206 53371 53372 
11091 5
53361 53365 29573 53367 53368 
11016 5
53134 10500 45106 10282 53137 
11005 5
53097 53101 53102 29335 53103 
10993 5
53062 53065 3996 53066 34338 
10957 5
52952 29846 52957 16898 52959 
10949 5
52928 10234 52931 52933 15693 
10906 5
52800 52801 52802 46341 21029 
10888 5
52741 52742 52743 41710 40140 
10877 5
52709 52711 11611 52712 13330 
10853 5
52633 47027 5989 11884 305 
10823 5
52523 49890 52527 52528 17982 
10768 5
52367 43715 52369 52370 52371 
10754 5
52320 3280 52323 52324 37288 
10738 5
52278 46199 26658 7045 33262 
10693 5
52130 52134 8804 7918 43307 
10613 5
51884 1371 51888 9361 32954 
10539 5
51634 1682 37852 3543 51640 
10529 5
51597 41159 51602 51603 51604 
10503 5
51516 1288 42555 18369 49896 
10501 5
30531 32064 51514 51515 6915 
10493 5
51490 51496 51497 5186 51498 
10469 5
51406 27512 51410 51411 44026 
10463 5
51385 17720 51389 25596 34402 
10339 5
50967 50968 32166 30387 34366 
10283 5
50780 49917 48753 16679 50787 
10271 5
50740 39221 15073 50744 50745 
10266 5
50723 50724 50725 50726 50727 
10245 5
50654 50656 35936 7607 32384 
10149 5
50345 28541 36874 50349 31469 
10138 5
50306 33059 50307 15622 32241 
10071 5
50087 50092 25212 50093 29843 
10067 5
50071 50077 43309 50078 11699 
10038 5
49976 49977 19646 49978 49980 
10029 5
49947 490 28062 7834 49951 
10020 5
49923 33121 25372 7704 49924 
10008 5
49884 8630 39734 17843 49885 
9973 5
49772 21422 49775 4083 24684 
9920 5
49587 47851 32928 37866 19337 
9873 5
49428 47925 18221 49434 49435 
9870 5
49421 49423 49424 49425 48234 
9860 5
49389 26571 49390 27971 29204 
9806 5
49210 37655 30916 33540 39787 
9731 5
48967 36759 48972 28224 48973 
9704 5
48871 8222 48872 48875 44593 
9695 5
48839 45620 48843 2420 48847 
9650 5
48692 2330 19126 48693 40054 
9628 5
48612 11909 48614 46614 2075 
9624 5
48599 48601 16807 48602 48604 
9601 5
48521 33790 24226 48524 40379 
9570 5
48417 48418 34892 7022 48419 
9468 5
48069 48070 48071 39399 6331 
9467 5
48060 48067 19611 48068 42599 
9439 5
47972 25255 14330 8103 47975 
9341 5
47630 47633 47634 383 20239 
9336 5
47618 47620 47621 1063 47490 
9297 5
47475 47479 14685 47480 34882 
9270 5
47378 47380 21724 22945 47381 
9254 5
47326 47327 47328 47329 47332 
9247 5
47293 40861 25956 47296 30487 
9228 5
47235 47236 14218 47238 47239 
9116 5
46832 44601 35913 317 46834 
9082 5
46715 32071 17159 41340 39678 
9077 5
46694 44857 46698 46700 44334 
9049 5
46589 2867 46592 33206 22336 
9037 5
46550 46552 46553 38252 14274 
9023 5
46502 46508 40917 15204 46510 
9008 5
46454 46455 2049 42452 35806 
8976 5
46336 46337 35848 32239 40429 
8964 5
4916 6747 43234 46291 46292 
8950 5
46238 40255 13450 40937 41946 
8927 5
46152 38064 29380 1146 46154 
8916 5
46113 46114 46116 46117 21214 
8907 5
46075 14177 23649 46080 5347 
8896 5
46030 46031 46032 46033 14193 
8885 5
45987 41836 11746 45307 44544 
8822 5
45765 11279 20567 36630 34384 
8802 5
45696 10306 27126 45697 43406 
8796 5
45679 11272 45680 19661 39078 
8758 5
45533 33613 45535 45536 23185 
8743 5
45475 37828 11414 45479 33946 
8700 5
45310 45311 45312 45314 9127 
8668 5
45179 45181 45182 45183 45184 
8623 5
45009 23994 7864 45013 30401 
8572 5
44827 24857 13093 34642 44829 
8525 5
44648 44155 44652 15481 44655 
8487 5
44503 25500 715 44509 19394 
8419 5
44243 44248 44249 44250 3756 
8413 5
44224 19895 6329 36585 28557 
8338 5
43934 43936 32204 43937 43938 
8309 5
43807 43813 43815 43816 29746 
8272 5
43659 9249 8701 18047 36508 
8260 5
43618 43619 38066 16646 37725 
8218 5
43453 43454 34747 43456 22533 
8197 5
43368 20002 34321 36714 43373 
8182 5
43317 43318 23788 36080 43321 
8134 5
43123 14761 6740 40432 43125 
8054 5
41352 42809 12329 42811 42812 
8035 5
42731 18908 29593 20562 42737 
8008 5
42606 42607 42608 42611 42612 
8001 5
42574 42578 15802 42580 35792 
7962 5
42428 42429 42430 12160 42431 
7927 5
42290 13840 42295 42296 42298 
7917 5
42246 42250 42251 42252 11999 
7915 5
42237 26890 42243 34555 42244 
7904 5
42205 24025 36802 40324 38079 
7862 5
42035 42036 42037 42040 42041 
7847 5
41964 41970 41971 41972 41973 
7790 5
41738 24238 2810 34245 27391 
7764 5
41638 34873 41640 31104 38042 
7736 5
41518 25796 41520 41521 17781 
7706 5
41407 29316 37501 26339 41411 
7656 5
41197 20915 27221 41199 30045 
7637 5
41119 8951 6079 41124 41125 
7621 5
41060 37479 41065 11039 41066 
7615 5
41037 35819 30749 41041 41043 
7612 5
41030 41031 41032 36891 10701 
7592 5
40948 19801 32105 386 40952 
7559 5
40815 40821 40822 40824 40825 
7557 5
40806 40812 12248 39511 38727 
7549 5
40772 32197 40777 2574 40778 
7463 5
40411 40414 40415 40416 20264 
7459 5
40396 40402 31071 29598 35011 
7449 5
40359 40363 40364 13397 40365 
7425 5
40254 40258 37246 40259 7224 
7417 5
40218 31881 40224 969 40225 
7415 5
40208 40215 6873 23356 40217 
7349 5
39952 39958 39959 39960 26541 
7308 5
39791 39793 39794 39795 31989 
7285 5
39688 18313 32888 39693 39694 
7261 5
39582 29653 39587 39588 18358 
7252 5
39550 28771 21335 30307 39553 
7167 5
39212 6707 11855 39217 39218 
7160 5
39184 30092 39185 24916 39186 
7140 5
39104 24356 24293 39105 39107 
7060 5
38774 38775 4389 7063 38778 
7047 5
38711 38715 38716 7361 38718 
7015 5
38566 38570 38571 38573 38575 
7007 5
38530 5887 38534 38535 38537 
7005 5
38519 14206 38527 5489 38528 
6992 5
38474 17165 38476 38477 38478 
6854 5
37853 37854 37855 37856 35498 
6826 5
37726 2642 37727 37728 27300 
6796 5
37589 37590 37591 23523 2337 
6758 5
37416 37417 37418 37419 37420 
6721 5
37249 37254 37257 935 37258 
6640 5
36887 36888 30411 13132 9481 
6631 5
36839 36844 14573 36846 10154 
6563 5
36552 36556 36558 36560 27871 
6508 5
36302 36303 15273 36306 36307 
6504 5
36289 36290 36291 33375 18402 
6469 5
36116 36123 36124 36125 36126 
6435 5
35970 30147 25373 35867 35977 
6408 5
35851 15355 35852 35855 35856 
6388 5
30807 21798 21354 23444 35765 
6376 5
35709 35712 35713 9908 35714 
6374 5
35700 35703 35704 23998 35705 
6348 5
35582 35583 35584 35586 35588 
6345 5
35566 35570 12785 35573 8240 
6343 5
35556 35563 35564 35565 16701 
6341 5
35549 35551 35552 14304 35554 
6284 5
35312 35313 22108 35315 27785 
6229 5
35061 30671 16990 35066 35067 
6227 5
35052 35057 7806 35059 35060 
6168 5
34809 34810 34811 34812 10316 
6150 5
34733 34734 25073 11549 34737 
6093 5
34466 34472 3365 24802 34473 
6072 5
34377 34379 34380 6654 18563 
6058 5
34309 34311 20136 34312 32091 
6047 5
34263 34267 34268 34269 24692 
5990 5
34007 25510 13205 9614 26371 
5978 5
33960 28559 33961 24509 14069 
5975 5
33941 29461 33948 6988 33951 
5970 5
33921 33922 27022 33923 33924 
5956 5
33857 18770 33858 33859 8407 
5954 5
33849 33850 1061 33852 5607 
5909 5
33627 33632 25085 33633 33635 
5827 5
33237 24767 33240 17393 33244 
5801 5
33109 33113 33114 33117 25463 
5758 5
32915 17681 2432 32916 32671 
5753 5
32885 32892 32893 32894 6849 
5667 5
32482 32489 32490 32492 32493 
5661 5
32454 32458 7211 32460 32461 
5613 5
32215 32220 32221 32223 2701 
5611 5
32210 32213 17091 3947 14729 
5528 5
31825 27061 31827 31828 31829 
5498 5
31679 31680 31683 6667 31684 
5487 5
31624 31630 6942 31632 20359 
5462 5
31520 24859 31521 30966 29171 
5432 5
31372 31374 31375 31377 31378 
5225 5
30360 12336 30363 30366 28723 
5170 5
30103 30104 30105 30106 30108 
5161 5
30057 30063 10067 30065 30066 
5104 5
29770 26565 29772 29773 29775 
5099 5
29743 29747 29749 8351 5634 
5090 5
29703 29704 29705 29707 29708 
5082 5
29661 24518 29664 29665 3773 
5063 5
29557 25966 29563 29564 29567 
5031 5
29391 29398 29399 29400 1773 
5018 5
29337 29338 29339 29341 3760 
4990 5
29194 14695 29197 29198 29199 
4967 5
29076 29083 29086 29087 29088 
4960 5
29048 6751 3713 29050 29052 
4937 5
28929 15251 28936 28937 28408 
4867 5
28580 28585 28586 28587 18753 
4826 5
28390 28391 28393 28394 28395 
4685 5
27715 27720 27721 27723 27724 
4680 5
27693 4659 27695 27696 27697 
4651 5
27536 27544 27545 27547 27548 
4632 5
27434 27435 27439 27440 26234 
4614 5
27342 1698 27343 7064 27345 
4553 5
27025 27031 27033 27034 27035 
4544 5
26986 26987 26988 26991 17660 
4540 5
26965 26967 26804 26969 26970 
4491 5
26728 26734 26735 18802 26736 
4477 5
26660 17559 26076 26668 19814 
4445 5
26495 9827 8506 26499 26502 
4405 5
26281 26287 26288 26289 26291 
4402 5
26269 26272 26273 26274 26275 
4280 5
25628 25629 25630 17436 2199 
4250 5
25475 25476 25477 25478 25480 
4199 5
25211 25216 25217 25220 25221 
4093 5
24666 24671 8097 24674 24675 
4085 5
24625 24632 24633 24634 13078 
3957 5
23948 23955 16640 23957 23724 
3929 5
23802 23809 1050 23810 23811 
3905 5
23679 19579 23685 23687 21330 
3887 5
23578 23585 1353 12910 23589 
3742 5
22823 22824 22825 17996 22828 
3655 5
22335 7776 22340 22342 22344 
3643 5
22273 22280 22281 11389 22283 
3573 5
21888 10342 16920 21896 21897 
3517 5
21592 19204 21599 21600 14072 
3483 5
21410 21416 21418 19411 21420 
3475 5
21367 21372 21373 21375 8750 
3464 5
21307 21308 21310 21311 21312 
3386 5
20879 17247 17919 20882 20884 
3371 5
20792 2283 20799 20800 17344 
3365 5
20758 20762 20763 20764 2688 
3311 5
20461 20466 20467 20468 20469 
3296 5
20385 20386 20387 20388 20390 
3293 5
20366 20372 20373 1356 717 
3288 5
20343 20344 20345 20346 20347 
3214 5
19930 19931 16757 19933 19936 
3136 5
15654 19498 19499 19500 19501 
3026 5
18876 18877 18878 18879 18883 
2989 5
18664 968 18673 18674 16841 
2954 5
18473 18474 18475 18476 18477 
2910 5
18212 18213 18215 18216 18217 
2825 5
17735 17738 11589 17740 16839 
2759 5
17358 17366 15125 17367 17368 
2729 5
17196 17200 17202 17203 14169 
2720 5
17151 17153 17155 3238 17156 
2714 5
17114 17115 17117 17120 17121 
2688 5
16955 16958 16959 16960 16961 
2626 5
16602 16404 16603 8996 16604 
2583 5
16347 7312 16354 16357 16358 
2567 5
16258 16263 16264 16265 16267 
2548 5
16161 16162 5405 16165 16166 
2501 5
15877 15884 13522 15887 15888 
2456 5
15613 15614 15615 15617 15619 
2446 5
15553 15554 15555 15559 55 
2416 5
15374 15375 15376 15377 97 
2383 5
15166 15173 15175 11912 15176 
2354 5
14997 14999 15000 15001 15003 
2219 5
14175 14181 14182 14185 14187 
2132 5
13663 10693 13665 13666 13667 
2021 5
13008 13014 13015 13016 13017 
1887 5
12195 12203 12204 12205 12207 
1862 5
12048 12049 12050 12051 12053 
1852 5
11989 11991 11992 11993 11994 
1840 5
11915 2935 11916 107 11918 
1836 5
11889 11890 11891 11893 11894 
1798 5
11662 11663 11665 11666 11668 
1778 5
11541 11542 11544 11545 11548 
1708 5
11116 11118 11119 11121 11122 
1694 5
11028 11030 11032 11033 11034 
1667 5
10853 10861 10864 10865 10866 
1638 5
10680 162 10681 10682 5672 
1623 5
10581 10587 10589 10590 10591 
1613 5
10524 10530 10532 10533 10535 
1586 5
10372 10373 6110 10375 10376 
1585 5
10360 10368 10369 6805 10370 
1583 5
10346 10353 10357 10358 10359 
1557 5
10192 3471 10198 10199 10202 
1513 5
9918 9924 9925 5296 9929 
1423 5
9357 9364 9365 7633 9367 
1353 5
8916 8922 8924 8925 8926 
1343 5
8850 8857 8858 8859 8862 
1291 5
8515 8522 8523 8524 8525 
1283 5
8463 8471 8472 8473 8474 
1267 5
8362 8370 8371 8372 8373 
1191 5
7880 7886 7888 7890 7891 
1123 5
7446 7453 7454 7455 7457 
1120 5
7434 7435 7436 2156 7439 
1071 5
7109 7116 7117 7119 7120 
1011 5
6724 6730 6732 6733 6736 
973 5
6475 6484 5344 6486 6487 
971 5
6461 6468 6472 6473 6474 
960 5
6395 6396 6397 6400 6401 
902 5
6013 6014 6016 6017 6018 
870 5
5799 5800 5802 5803 5804 
773 5
5156 5159 5163 4868 5167 
689 5
4610 4618 4620 4621 4622 
658 5
4412 4413 4414 4415 4417 
583 5
3905 504 3913 3916 3917 
572 5
3838 3839 3841 3842 415 
569 5
3812 53 3819 3820 3821 
518 5
3484 3485 3487 3489 3490 
496 5
3343 3345 3346 3348 3349 
491 5
3303 3311 3313 3315 3316 
484 5
3265 3267 3268 3269 3271 
393 5
2651 2658 2659 2660 2662 
374 5
2529 2530 2532 2534 2535 
200 5
1363 1366 1367 1369 1370 
46 5
319 320 322 323 326 
29945 5
78572 61539 75835 12324 47032 
29938 5
78569 55864 21770 72625 33397 
29931 5
78565 36269 2209 20920 73162 
29887 5
78543 29575 2054 21870 73850 
29826 5
78513 14090 43789 59754 72236 
29756 5
78478 34022 62424 12411 20566 
29721 5
78460 15411 24888 18430 29769 
29696 5
78448 25504 37447 56099 42654 
29689 5
78444 15134 50134 60270 25340 
29647 5
78423 73020 55637 73161 29671 
29574 5
78387 43992 72373 6416 1443 
29488 5
78344 14929 33488 39027 70962 
29290 5
78244 36675 37594 3802 63412 
29259 5
78228 31341 42503 3640 23070 
29242 5
78220 19900 50343 57311 72764 
29168 5
78183 26079 42095 67029 55697 
29154 5
78176 70472 40817 13751 6508 
29041 5
78119 67778 62939 42149 14267 
28953 5
78075 21991 56522 11927 72520 
28935 5
78066 15934 19150 5005 55343 
28885 5
71254 29963 58674 20863 37429 
28838 5
78018 51270 931 51542 14982 
28828 5
78013 49159 12126 26749 71203 
28782 5
77990 3537 68199 35560 69395 
28690 5
77943 69554 71748 16083 56011 
28556 5
77874 38667 46827 63523 44642 
28443 5
77815 64522 3625 42658 36450 
28341 5
77763 72659 5719 21800 43602 
28260 5
77722 51491 2653 47922 37983 
28201 5
77690 69021 18008 20760 76594 
28051 5
77612 59497 76967 56016 18985 
27690 5
77428 25407 15971 61381 75440 
27670 5
77416 5826 17135 16909 34465 
27650 5
77405 19453 59561 42226 809 
27605 5
77379 63459 16752 6215 16702 
27402 5
77267 58761 4727 4884 75783 
27337 5
77232 62058 16989 61178 12551 
27321 5
77224 25437 48468 64591 14451 
27210 5
77163 14978 27083 68907 21903 
27191 5
77152 19425 20540 77153 23389 
27009 5
77053 15503 50069 74846 24679 
26972 5
77032 43057 26953 33300 56290 
26916 5
77002 5424 43032 71452 50358 
26872 5
76972 64408 47721 41743 1738 
26734 5
76890 23836 76891 43030 50125 
26691 5
76864 73268 46206 18407 65519 
26608 5
76817 6009 52672 71648 42124 
26578 5
76800 18114 22835 56121 22105 
26563 5
76792 61074 38292 28885 56084 
26545 5
76783 10618 64081 18089 47367 
26533 5
76777 61929 22000 18024 44098 
26516 5
76767 45685 18073 12674 52648 
26472 5
76742 51462 7241 48347 1227 
26452 5
76731 23752 18280 57681 59820 
26439 5
76721 66767 1447 32118 2914 
26364 5
76678 21215 17268 68501 70933 
26224 5
76595 48245 13295 22944 66877 
26221 5
76592 73968 653 10945 61648 
26142 5
76545 7371 33573 52295 8316 
26135 5
76540 69720 64306 73328 57471 
25996 5
76456 43759 47505 27948 59661 
25966 5
76438 76357 19639 66090 76295 
25965 5
76436 64856 66505 59700 48734 
25878 5
76383 36509 45664 179 50096 
25851 5
76366 46163 48929 61826 68832 
25842 5
76361 72575 56218 26184 14283 
25788 5
76328 69054 44033 72646 28104 
25707 5
76277 68557 15165 62043 21204 
25697 5
76271 43981 74053 68769 70576 
25618 5
76211 37736 12612 69885 63062 
25579 5
76187 22497 49440 40323 38289 
25570 5
76183 47699 66402 44216 29007 
25410 5
76083 45745 15710 72856 9201 
25314 5
76018 9857 71020 19249 57057 
25286 5
75999 59051 38958 75636 5024 
25282 5
75996 73446 13944 40186 42524 
25190 5
75932 11364 44470 51528 21823 
25076 5
75852 15566 68521 68794 17701 
25036 5
75826 62142 28995 5421 16630 
25014 5
75811 4399 71759 33836 60238 
24946 5
75761 38532 72286 69603 64059 
24916 5
75741 21621 67011 75449 59534 
24906 5
75734 33398 8363 5751 56644 
24805 5
75664 27232 75322 2349 44960 
24723 5
75603 49160 32205 11775 46310 
24699 5
75585 73323 11164 10456 67208 
24666 5
75566 45939 11185 73078 2282 
24655 5
75560 48256 47103 3110 61519 
24550 5
75486 74228 26516 53915 3190 
24453 5
75415 55057 2981 1335 12344 
24400 5
75379 32550 49872 53057 31657 
24332 5
75335 21079 54375 42466 40885 
24237 5
75268 53584 53592 15760 1079 
24235 5
75267 66487 30754 72367 14659 
24171 5
75222 67073 11739 34082 44218 
24165 5
75216 47729 65263 65928 243 
24048 5
75130 38989 57779 57680 60455 
23937 5
75050 59070 4114 60043 10934 
23929 5
75045 66686 8253 68303 41404 
23862 5
74991 19539 73853 66912 10012 
23827 5
74962 43945 74964 4004 30158 
23764 5
48727 69712 73155 39451 51826 
23672 5
74841 34824 59454 46484 30715 
23655 5
74825 2894 41334 27986 24250 
23514 5
74718 50976 32203 66185 72483 
23508 5
74713 3787 37138 53648 13218 
23403 5
74632 7412 74633 32943 70768 
23394 5
74626 29588 62210 17487 36947 
23289 5
74549 33144 35319 13892 46525 
23156 5
74439 3771 71528 56578 36130 
23119 5
74409 19083 62601 74410 47342 
23092 5
74391 40844 48020 27841 22537 
23073 5
74376 26007 50610 13263 25253 
23055 5
74358 60383 64776 6797 7342 
22780 5
74120 10165 49395 46596 43913 
22723 5
74064 32869 57586 39608 58079 
22675 5
74025 20603 43058 32980 57874 
22622 5
73970 55613 59301 73971 72292 
22605 5
73955 49758 40782 8670 39851 
22603 5
73954 62738 45072 55038 70957 
22461 5
73821 62366 60134 29037 22813 
22456 5
73819 10063 23041 31615 16207 
22446 5
73810 73199 35050 45383 37204 
22330 5
73716 43630 23482 23727 54702 
22323 5
73710 18592 65223 61227 57167 
22321 5
73708 40428 3704 31248 45371 
22318 5
73706 33034 34685 46023 4562 
22235 5
73625 14928 55378 66361 50984 
22233 5
73622 42620 60115 58714 73187 
22127 5
73516 55096 71896 56819 39983 
22050 5
73440 11106 69362 2081 43676 
22033 5
73424 73425 22010 61925 14890 
22016 5
73406 7942 64810 54561 50568 
21984 5
73372 33715 16077 73373 25898 
21982 5
73371 58880 29148 31817 39006 
21961 5
73347 18179 21448 58451 44072 
21880 5
73272 40028 5861 38186 45674 
21851 5
73241 50790 46639 12193 62022 
21790 5
73182 73062 65492 64361 64702 
21682 5
73067 73068 72299 66720 62029 
21679 5
73061 20219 1832 17098 73063 
21672 5
73055 15029 53171 6847 25448 
21662 5
73046 55863 73047 49581 54447 
21639 5
73018 14212 42914 12976 44862 
21527 5
72904 40596 47803 43025 18324 
21436 5
72804 72265 35076 59905 46500 
21407 5
72771 53774 51669 26116 41341 
21385 5
72746 56806 10707 54522 51271 
21368 5
72728 72069 67479 9427 40819 
21328 5
72687 19098 2403 2991 64068 
21318 5
72675 41704 66353 60418 27454 
21292 5
72651 26104 35383 16831 26569 
21280 5
72640 44084 26827 72642 27104 
21229 5
72579 48713 3324 9995 36554 
21203 5
72554 72555 47322 68418 68865 
21199 5
72551 39945 61511 32709 62527 
21195 5
72547 63676 20944 981 49314 
21172 5
72521 23681 13942 35982 25671 
21040 5
72374 10269 66347 46823 23295 
21025 5
72353 4720 52253 72035 62998 
20955 5
72277 70953 62671 49278 58049 
20918 5
72241 62866 16854 58917 59706 
20881 5
72203 44276 29674 38189 72205 
20781 5
72096 63311 71976 329 35577 
20732 5
72037 5938 22310 4335 25402 
20701 5
72001 49132 52345 3364 48130 
20672 5
71960 60129 50439 18539 54933 
20648 5
71935 53803 71937 71938 12303 
20494 5
71764 43338 22922 22153 71529 
20490 5
71760 489 71761 11401 41196 
20376 5
71633 26166 71634 50751 56331 
20367 5
71624 19119 30079 47079 47639 
20305 5
71552 33560 8821 9732 23475 
20251 5
71484 67788 48880 8936 41620 
20189 5
71417 68537 2359 1953 71420 
20156 5
71373 26334 12113 48918 24080 
20067 5
71273 52043 22567 71275 44531 
19881 5
71054 46325 47904 48415 1957 
19803 5
70966 33069 53991 25132 64965 
19554 5
70648 33912 28931 65797 70649 
19549 5
70641 20664 38541 16224 48307 
19420 5
70483 47130 24713 54320 12432 
19415 5
70475 43808 13799 40703 70476 
19282 5
70322 995 33965 44872 48971 
19274 5
70314 2080 56101 1808 6689 
19227 5
70264 46345 16692 40832 27475 
19145 5
70151 1608 70153 39593 63944 
19031 5
69988 4420 30646 60872 2753 
19020 5
69976 5152 69977 21387 11327 
18923 5
69829 448 63234 69831 69832 
18731 5
69584 66629 54714 66465 5017 
18704 5
69550 37029 31243 43995 58145 
18689 5
69518 59748 69519 69521 19873 
18645 5
69462 69465 65674 39882 67412 
18566 5
69353 57155 27772 54361 20394 
18460 5
69211 67414 65431 43324 5829 
18450 5
69195 45277 12467 37171 32846 
18440 5
69186 58095 54004 10177 46684 
18374 5
69091 53947 48531 69092 69093 
18280 5
68963 68964 21691 36819 43426 
18170 5
68796 31948 46047 68797 68798 
18122 5
68730 68731 63177 6586 10068 
18117 5
68720 47058 10095 64990 11857 
18114 5
68715 23516 68655 64692 15828 
18110 5
68707 67890 5718 68708 22968 
17989 5
68540 4689 43330 51182 34577 
17961 5
68496 64709 54834 18260 11199 
17824 5
68293 68294 18261 10812 19882 
17793 5
68245 15149 13171 6104 62483 
17714 5
68120 47508 62365 68121 26408 
17710 5
68116 62650 13589 42727 9177 
17576 5
67892 58786 59375 67893 46675 
17574 5
67889 44463 55293 52438 33743 
17336 5
67527 67528 46281 13986 61675 
17280 5
67451 62446 37759 38309 38781 
17235 5
67385 65639 48849 42486 67387 
17191 5
67315 47464 22627 23274 35512 
17163 5
67272 9416 770 33707 62098 
17158 5
67267 28221 67269 59709 53594 
17110 5
67183 32424 28036 67186 44936 
17097 5
67159 27863 719 13806 46527 
16926 5
66887 48153 1158 17842 59230 
16888 5
66822 66823 38028 28562 59425 
16878 5
66806 9666 55639 10405 40746 
16679 5
66492 56163 43554 18126 55772 
16668 5
66470 49802 66471 60046 9041 
16570 5
66302 35652 50718 5982 38955 
16547 5
66259 66260 66262 57757 50761 
16518 5
66202 66203 36321 66204 29942 
16463 5
66099 10245 34554 58669 59851 
16363 5
65911 65446 29720 65913 16229 
16360 5
65906 65907 8898 7848 65909 
16356 5
65902 11770 5333 60370 17805 
16301 5
65806 44627 46755 19376 28846 
16286 5
65781 52738 45382 34935 65784 
16082 5
65384 65385 36920 65386 44973 
16075 5
65366 65369 29370 52943 23210 
16003 5
65209 44132 19018 8991 52965 
15983 5
65175 51676 23290 65177 45345 
15951 5
65122 45951 58337 65125 65126 
15910 5
65048 43954 65049 65050 65051 
15891 5
65010 19608 60214 56337 7319 
15832 5
64905 44036 39949 35100 60798 
15824 5
64894 55496 50743 3998 14970 
15724 5
64707 47250 64708 27141 39363 
15646 5
64552 64553 28545 18514 1199 
15644 5
64549 64551 48326 64156 21196 
15605 5
64469 33170 42359 25726 4907 
15565 5
64391 12927 21303 64393 64396 
15386 5
64032 64033 58887 2887 49259 
15352 5
63947 61835 35142 18470 24462 
15187 5
63603 51229 21794 37867 63606 
15159 5
63543 22410 44634 61790 63545 
15140 5
63510 34918 17507 7416 63511 
15115 5
63453 16639 63457 2074 33027 
15033 5
63286 63238 55107 48011 63288 
15016 5
63253 61392 33432 48232 63254 
15008 5
63236 63237 54564 18652 43595 
14987 5
63195 39440 38724 60312 20619 
14971 5
63161 38268 63163 62339 21232 
14897 5
63004 491 21280 28856 41567 
14767 5
62720 62721 6052 37551 25225 
14765 5
62716 39403 41448 60078 45817 
14683 5
62547 62549 10723 17075 34266 
14647 5
62465 62469 62470 62471 22830 
14601 5
62350 8865 56413 62355 5406 
14502 5
62124 28939 18957 62125 62126 
14492 5
62105 8843 62106 44295 42367 
14279 5
61612 48208 38295 61615 31144 
14218 5
61480 46588 60034 40934 61482 
14140 5
61319 47447 43656 5837 61320 
14078 5
61191 27869 6196 14236 32300 
14011 5
61021 8306 61026 38213 61027 
13926 5
60834 7390 58845 59143 41533 
13823 5
60592 24488 47623 60594 60595 
13793 5
60529 60531 60532 19518 56474 
13757 5
60447 60449 60450 60451 15656 
13621 5
60137 29228 21199 16642 60140 
13565 5
59994 33103 29655 37920 59998 
13544 5
59942 29499 37037 59946 59947 
13502 5
59849 43274 35000 615 44358 
13499 5
59843 58339 27908 410 6026 
13357 5
59478 29626 24495 40103 59481 
13256 5
59224 59225 19513 39400 56341 
13243 5
59192 37476 59194 59195 22210 
13240 5
59186 30752 56537 59189 59190 
13227 5
59152 41697 59156 8835 25412 
13189 5
59059 30662 25237 45128 40243 
13176 5
59034 4558 59035 9255 58625 
13107 5
58858 13242 29678 16296 52111 
13105 5
58853 22305 44468 46506 58857 
13093 5
58822 47373 39062 13224 26389 
13015 5
58604 58609 58611 58612 20192 
12993 5
58560 55090 42513 3907 58562 
12983 5
58534 27771 58538 58539 58212 
12931 5
58406 19093 53628 58409 6459 
12784 5
58044 10795 6498 58047 50302 
12779 5
58029 1259 58033 43091 17183 
12730 5
57908 57909 57910 22978 38758 
12676 5
57775 57776 57581 21832 29131 
12621 5
57635 6759 13371 38554 23698 
12617 5
57628 48654 57630 42314 52555 
12529 5
57416 16186 57420 57421 38492 
12527 5
57413 17831 27450 14402 29803 
12491 5
57323 20162 57328 28695 57330 
12456 5
57221 794 57223 6458 57224 
12353 5
56939 56946 54580 56947 8470 
12336 5
56898 56900 38283 56902 26190 
12301 5
56800 33939 36386 56804 49008 
12127 5
56329 951 19335 47649 56332 
12080 5
56212 11221 13740 37016 18146 
11949 5
55847 14207 30582 6226 4356 
11893 5
55686 51136 41298 55689 29313 
11850 5
55576 55577 51407 39884 6715 
11728 5
55227 55228 38867 55229 40012 
11727 5
55220 39892 55222 55223 55224 
11719 5
55201 2525 21864 28530 54210 
11666 5
55059 55060 55061 42259 42491 
11658 5
55033 55034 55035 55036 37303 
11613 5
54898 54900 54901 54902 1388 
11460 5
54471 44550 34816 18815 8214 
11363 5
54189 54111 54195 47313 54196 
11273 5
53920 53922 33566 49997 33077 
11259 5
53886 53888 62 28336 36611 
11200 5
53703 53704 14020 34691 53706 
11036 5
53198 10705 3012 25683 53199 
10988 5
53048 53049 49993 53050 13452 
10961 5
52966 47156 2509 52970 18182 
10939 5
52907 34434 52910 7448 9607 
10756 5
31867 27643 45892 52326 35533 
10723 5
52232 52234 52235 52237 52238 
10694 5
52136 17593 52138 15187 52140 
10648 5
52000 52001 52002 42064 52003 
10550 5
51672 12987 46214 36679 10647 
10490 5
51488 12035 25863 32639 24883 
10413 5
51219 51222 22069 51225 51226 
10301 5
50838 50842 50843 50845 33847 
10288 5
50798 38676 12934 50799 6007 
10251 5
50672 10042 50675 50676 40080 
10179 5
50454 21693 50458 31833 50459 
10146 5
50339 50340 48376 16099 7603 
10084 5
50135 202 3376 9124 40105 
10063 5
50066 9667 32987 13013 5007 
9898 5
49510 49511 49512 10196 407 
9859 5
49382 38713 49387 35173 49388 
9771 5
49092 49096 30626 40300 11975 
9726 5
48955 39745 31979 48956 3496 
9697 5
48848 4903 48853 48854 34400 
9693 5
48829 48835 48836 48837 48838 
9645 5
48671 8442 48676 48677 32032 
9498 5
48167 48169 26983 48170 33879 
9418 5
47896 19533 47899 40122 19145 
9380 5
47764 44793 47765 38274 43967 
9280 5
47418 47420 47421 25878 29434 
9219 5
47196 47202 5677 21363 47204 
9215 5
47180 47184 47185 32027 27896 
9081 5
46707 46710 33584 46712 46713 
9029 5
46522 46528 44532 46529 46530 
8872 5
45941 41189 45943 45874 39928 
8836 5
45810 22039 45812 31655 24503 
8793 5
45661 15270 27810 45670 19959 
8620 5
45001 45002 34709 12956 30448 
8586 5
44876 44877 1725 44880 12181 
8474 5
44456 14965 44458 44459 44461 
8404 5
44190 4500 8486 5898 44192 
8399 5
44172 42258 44175 44177 12722 
8336 5
43924 43925 43926 43928 43930 
8240 5
43543 30082 43545 43546 16548 
8078 5
42894 33745 42895 42896 42898 
8040 5
42749 34681 33007 10974 18702 
8015 5
42637 40265 42643 28914 27128 
7988 5
42526 42527 12439 42531 4529 
7773 5
41671 36251 41673 41674 20169 
7741 5
41534 41539 30083 41540 41541 
7623 5
41068 35108 2641 31018 33883 
7499 5
40566 40574 19331 30884 40575 
7475 5
40461 40464 40466 40467 40470 
7395 5
40139 15738 40142 12963 40145 
7316 5
39826 35164 39827 636 26145 
7148 5
39139 1519 39140 6970 33098 
7117 5
39011 29763 39015 39016 39017 
7072 5
38825 38827 38828 38829 38635 
7070 5
38815 38816 38817 38818 38821 
7023 5
38602 38606 38607 38608 38609 
6986 5
38447 3134 38450 38451 38452 
6915 5
38117 14015 37676 38121 38124 
6874 5
37946 37947 37948 1125 31588 
6770 5
37470 11523 37471 13985 30912 
6724 5
37269 7743 28730 37270 37272 
6705 5
37179 18352 5533 17039 35211 
6672 5
37024 37025 9687 37026 37028 
6604 5
36732 36733 36736 36737 36738 
6589 5
36663 36668 2547 36669 36672 
6499 5
36256 36262 36263 36264 36266 
6491 5
36218 36221 36224 19006 24670 
6471 5
36127 36136 29628 36137 36138 
6431 5
35950 35955 35956 35958 35959 
6416 5
35889 5889 35893 35894 35896 
6361 5
35636 20182 35640 35641 35643 
6350 5
35592 35593 16377 35596 35599 
6297 5
35357 17043 35362 31072 4428 
6292 5
35340 35341 25168 681 35344 
6165 5
34792 34796 7074 21965 23416 
6160 5
34772 34775 34776 2479 34778 
6154 5
34749 33258 33809 34750 34751 
6002 5
34059 6284 34060 2877 24678 
5999 5
34041 34045 34046 34048 34049 
5981 5
33967 33971 33973 33974 5466 
5887 5
33525 17147 33531 33532 33533 
5850 5
33356 33357 7417 33358 30607 
5795 5
33084 3692 26124 6464 33090 
5715 5
32714 19113 32717 19336 32718 
5706 5
32683 32684 32685 26558 15755 
5629 5
32297 30591 32303 32304 32305 
5574 5
32041 20078 32043 32045 32046 
5440 5
31412 31414 31415 31417 8367 
5427 5
31340 31348 31349 31350 31352 
5423 5
31319 28828 4278 31328 6099 
5308 5
30771 1905 30776 30777 30778 
5244 5
30457 30458 30459 6111 30461 
5206 5
30272 30274 30275 22263 30277 
5187 5
30176 30180 24902 30182 24318 
5180 5
30149 14597 30151 26654 30153 
5146 5
29986 7510 29988 29989 24279 
5132 5
29921 29922 29923 19992 14561 
5122 5
29869 29871 29872 29873 29874 
5115 5
29823 29829 29830 29831 29834 
4981 5
29146 19563 29152 20113 29153 
4834 5
28426 28428 28429 28430 1936 
4747 5
28005 1284 28009 28010 28011 
4727 5
27907 2471 27915 23767 12096 
4612 5
27332 27333 691 25389 12456 
4595 5
27241 27245 27247 27250 27251 
4479 5
26671 21467 26676 26677 17671 
4473 5
26642 15093 11773 212 12120 
4465 5
26603 26610 26612 19241 26613 
4436 5
26453 26454 13641 18975 26455 
4409 5
26302 26306 26307 11843 26310 
4377 5
26129 24373 26135 14348 26139 
4242 5
25434 25435 11267 6174 25436 
4163 5
25028 13903 25036 25037 25039 
4081 5
24600 24606 24608 24610 23561 
4046 5
24407 24408 10528 24410 24411 
3938 5
23860 10644 18560 23862 23864 
3845 5
23358 23362 23363 23365 23366 
3767 5
22954 22960 22961 22962 22964 
3722 5
22710 13493 22711 22712 22714 
3720 5
22698 22699 22701 22702 22704 
3696 5
22572 22573 7976 22575 10787 
3693 5
22551 22554 22555 22556 16596 
3687 5
22515 22522 22524 22525 22526 
3566 5
21858 8175 20070 14468 21861 
3434 5
21144 21145 21146 21148 5824 
3399 5
20943 20947 7524 20949 20950 
3313 5
20472 20476 20477 20478 20479 
3307 5
20438 20446 20447 17219 20448 
3285 5
20322 20329 20330 20331 1312 
3206 5
19889 19890 19891 19892 19893 
3195 5
19824 18061 19832 19833 19702 
3181 5
19739 19747 19749 19750 19751 
3174 5
19707 19708 19711 4225 19712 
3102 5
19304 19308 19309 10486 19311 
3089 5
19225 11445 19231 19232 19236 
3042 5
18969 7843 18970 18971 18972 
3004 5
18756 18757 18759 12828 18760 
3002 5
18744 15456 18746 18747 18750 
2979 5
18611 18613 18614 18615 18618 
2899 5
18147 18153 18157 18158 18159 
2878 5
18033 18034 18035 18037 2225 
2853 5
17889 17895 17896 17899 17900 
2699 5
17014 17020 17022 17025 17026 
2660 5
16790 16791 16792 4010 16795 
2553 5
16184 1948 16189 16190 16192 
2510 5
15939 15940 15941 15947 15948 
2505 5
15899 15904 15905 15906 15907 
2495 5
15842 15849 15850 15851 15852 
2490 5
15816 15817 15818 15820 15821 
2205 5
14089 14095 14097 14099 14100 
1993 5
12842 12848 12850 12851 12853 
1847 5
11949 11959 11960 11961 11962 
1809 5
11721 11726 11727 11728 11730 
1747 5
11339 11349 11350 11351 11352 
1738 5
11296 11297 409 11299 11301 
1736 5
11283 11284 11285 11286 11287 
1705 5
11092 11097 11098 11101 11104 
1655 5
10781 3589 10790 10792 10793 
1621 5
10570 10575 1477 10345 10580 
1566 5
10251 1003 10254 10256 10258 
1542 5
10105 10107 10111 10112 10113 
1528 5
10019 10020 10021 10022 10028 
1498 5
9834 4042 9835 1829 9837 
1392 5
9166 9167 9169 9170 9171 
1370 5
9025 9028 9029 3854 9031 
1329 5
8764 8769 8773 5707 8775 
1299 5
8568 8576 8577 8579 8580 
880 5
5866 5868 5869 5870 5871 
835 5
5560 5570 5571 5572 5573 
832 5
5547 5549 5550 5552 5553 
759 5
5066 5072 5073 5076 5078 
725 5
4851 4856 4858 4860 4862 
706 5
4732 4734 4736 4738 4740 
702 5
4705 4706 4708 4709 4714 
674 5
4517 4519 4520 4522 4523 
614 5
4118 4119 4122 4123 4124 
593 5
3972 3977 3978 3980 3984 
544 5
3657 3660 3661 3662 3665 
543 5
3643 3648 3649 3652 3654 
527 5
3535 3544 3545 3546 3547 
505 5
3394 3400 1716 3402 3403 
482 5
3251 3254 3257 3258 3259 
450 5
3038 3041 3042 3044 3046 
391 5
2639 2648 2649 2650 2598 
389 5
2625 2631 2632 2634 2636 
372 5
2515 2516 2518 2519 2520 
333 5
2253 2258 2259 2260 2261 
299 5
2025 2034 2035 2036 2037 
285 5
1931 1938 1940 1942 1943 
244 5
1661 1662 1663 1664 1665 
235 5
1602 1603 1604 1605 1606 
226 5
1539 1540 1541 1545 1546 
84 5
577 578 579 580 581 
75 5
509 516 519 520 521 
19 5
124 130 133 135 136 
29975 4
78587 65779 17017 57743 
29935 4
78567 54941 18274 58293 
29864 4
72124 24266 10815 29449 
29854 4
55422 47629 27064 11440 
29817 4
78508 12822 16714 38409 
29787 4
73405 67989 54028 33869 
29710 4
78455 8743 71876 40966 
29703 4
50090 23749 18376 11767 
29681 4
78440 30373 63366 69839 
29618 4
78409 27520 45027 47387 
29592 4
78396 29405 41361 74710 
29325 4
78261 13846 63001 65437 
29262 4
78230 25514 6144 45561 
29257 4
78227 43464 62270 18100 
29107 4
78152 72827 60130 14216 
29093 4
78145 49162 8692 53091 
29069 4
78133 68117 11148 20777 
29059 4
78128 20711 18911 29971 
28991 4
78094 21223 12320 60011 
28985 4
78091 69963 67396 18650 
28942 4
78070 15690 16706 36457 
28927 4
78062 57425 32486 17489 
28894 4
78046 21190 45501 71818 
28880 4
78039 58019 25309 55604 
28849 4
78023 73705 68082 25518 
28826 4
28402 41753 60902 47839 
28819 4
78008 75042 37976 19021 
28776 4
77987 74176 13199 10275 
28774 4
77986 53504 16671 19838 
28768 4
71603 71383 15028 70078 
28737 4
77967 67176 20261 26353 
28594 4
77893 27193 37185 39215 
28555 4
77873 67542 57693 39082 
28500 4
58962 34201 51954 23331 
28479 4
77834 42013 28764 5919 
28477 4
77833 37625 73905 51235 
28450 4
77820 25889 61311 75824 
28436 4
77812 27762 30382 116 
28416 4
77801 43473 70285 20549 
28404 4
69147 48305 42975 22719 
28362 4
77774 40739 37538 72686 
28291 4
69223 46964 40494 42659 
28282 4
77733 67967 17775 43356 
28278 4
77731 14266 13700 41719 
28211 4
77695 42629 23888 35479 
28193 4
77686 33009 37909 31394 
28158 4
77668 74274 53509 57694 
28144 4
77661 70689 48642 71041 
28125 4
77651 22622 12929 55819 
28121 4
77649 76878 45000 58188 
28113 4
77645 77071 62499 28614 
28108 4
77643 75512 64873 41631 
28036 4
49515 59821 2762 65957 
27999 4
77586 66713 40745 51402 
27967 4
77570 57497 18570 53020 
27928 4
77550 44443 22252 45097 
27910 4
10476 69574 65314 74253 
27853 4
77510 60278 12606 58726 
27797 4
77481 75013 6835 39974 
27714 4
57335 66386 63885 56892 
27696 4
64419 61306 68341 69234 
27672 4
77417 26364 63078 47784 
27612 4
77384 66231 55000 59742 
27606 4
77380 63098 61223 18598 
27555 4
76393 58261 71545 68039 
27546 4
77348 7173 61621 63903 
27520 4
77335 767 21516 71851 
27467 4
77306 75615 9112 24891 
27464 4
18543 33102 5255 44896 
27430 4
77283 24964 71498 32921 
27423 4
77278 17778 11244 66816 
27405 4
77268 46652 57138 70983 
27385 4
77256 25384 69692 66636 
27298 4
77213 60640 45879 36077 
27297 4
77212 66451 45854 63319 
27275 4
50999 6597 74620 63258 
27169 4
77138 24270 61534 17920 
27121 4
77113 60163 53240 14839 
27070 4
77087 68636 67246 65683 
27044 4
77074 49817 43790 3396 
27034 4
8165 65002 38320 62291 
27006 4
54046 25640 67431 64529 
26974 4
77033 25978 40858 60070 
26956 4
77023 46339 69175 1538 
26943 4
77015 56076 34103 64211 
26931 4
77009 58371 59134 41732 
26913 4
77000 61788 63861 40973 
26891 4
76985 56520 31606 73674 
26884 4
54518 40570 53588 23206 
26881 4
76978 72881 6585 51277 
26833 4
76947 48605 34762 6541 
26831 4
76946 72762 20682 30259 
26808 4
76935 37637 20262 58976 
26751 4
76899 14642 59040 9582 
26737 4
76892 59605 38011 46306 
26683 4
76859 66075 41612 61017 
26656 4
76845 63791 66175 50045 
26634 4
76831 61031 69906 9286 
26616 4
76822 3442 33691 43020 
26607 4
71662 56312 4168 37139 
26504 4
76761 31908 58291 15453 
26463 4
76737 34546 32887 9579 
26454 4
76732 5975 4533 7754 
26431 4
76716 49861 68852 50331 
26379 4
76685 56718 54624 9400 
26358 4
61317 2451 72915 47658 
26248 4
76610 25424 48135 45902 
26195 4
76578 59650 16837 48002 
26121 4
76532 28235 25466 3943 
26119 4
32243 50711 54067 176 
26090 4
76513 23032 48024 55837 
26073 4
76502 75052 58078 76450 
26048 4
76488 54682 1510 30449 
26019 4
76470 34239 29962 39557 
25975 4
76442 60247 43611 71657 
25954 4
76430 52745 25304 23858 
25952 4
76429 74222 14052 41104 
25941 4
76421 47440 66418 29349 
25880 4
76385 68932 65323 65476 
25859 4
76371 23656 71684 45070 
25818 4
76345 57134 68531 34187 
25767 4
76311 13466 30877 75606 
25760 4
76307 50781 26601 33590 
25732 4
76291 42584 12420 66466 
25713 4
76281 14064 42163 29591 
25690 4
17308 50169 15138 59325 
25687 4
76264 58094 71763 58372 
25680 4
76258 73584 53244 40893 
25641 4
76229 62824 59646 36242 
25575 4
76185 53978 43722 57650 
25487 4
76133 12453 11532 4234 
25457 4
76113 36692 32994 30547 
25440 4
70900 12969 1226 57124 
25428 4
76095 31135 33688 18661 
25425 4
13028 29174 45023 46130 
25390 4
76069 3538 50803 19001 
25388 4
72466 28027 75710 56420 
25305 4
76012 64390 44558 51688 
25221 4
75952 22671 20325 6139 
25196 4
75936 32451 14906 18869 
25160 4
10279 28610 36649 67259 
25044 4
75831 11554 70558 70396 
25034 4
75825 49263 71475 32060 
24934 4
75753 71875 40137 56285 
24911 4
75737 1232 6404 46362 
24883 4
26444 53751 69583 36924 
24789 4
75650 43226 11496 34453 
24769 4
75637 63300 23961 45834 
24750 4
75624 49112 24098 70956 
24735 4
75611 61171 18557 75612 
24721 4
75602 53514 64359 66491 
24697 4
75584 71649 16452 15228 
24695 4
58163 57164 14539 26787 
24680 4
75576 45529 24485 45954 
24636 4
69626 40773 8252 21340 
24633 4
75545 57867 8707 11407 
24567 4
75497 54871 48337 73256 
24502 4
75452 23127 62379 72022 
24490 4
75445 24960 11384 24987 
24433 4
75402 45176 10529 21282 
24414 4
75388 3754 48923 17088 
24411 4
75386 46516 70395 22379 
24395 4
75375 61910 73845 28917 
24364 4
75355 59175 5836 20341 
24336 4
75339 40448 69271 37956 
24327 4
75330 34838 42669 4185 
24312 4
75320 73972 21547 25449 
24307 4
75317 74069 18776 29294 
24298 4
75312 506 19143 16533 
24288 4
75305 45067 52879 36486 
24261 4
75284 4592 10223 17893 
24246 4
75273 64949 5537 41642 
24209 4
75250 74870 15525 73375 
24163 4
75215 42990 5239 15458 
24155 4
75207 55923 60362 2513 
24111 4
75175 56662 36453 71401 
24062 4
75137 59918 26644 33349 
24006 4
75103 4938 18713 64825 
23974 4
75077 58606 30593 41262 
23934 4
75049 54793 34118 74304 
23898 4
75020 8917 23197 51033 
23839 4
74974 74975 2782 73666 
23834 4
74971 7876 64291 13211 
23785 4
74932 62509 73632 71021 
23741 4
41492 40998 16965 68741 
23691 4
74858 53363 58558 62491 
23671 4
74838 50750 11956 2928 
23640 4
74815 48791 56093 6876 
23623 4
74797 69015 62247 17271 
23545 4
74742 57212 65967 54185 
23497 4
74704 65349 9774 63832 
23472 4
74686 74687 8013 49394 
23387 4
74621 34253 35218 55471 
23328 4
57346 11274 17468 21084 
23298 4
74557 47994 25601 62300 
23272 4
74534 67336 12707 65015 
23249 4
74514 60057 71565 72527 
23218 4
74491 41662 8079 16863 
23213 4
74485 73210 55585 64742 
23126 4
74416 17663 65544 68137 
23084 4
74384 48239 46276 16194 
23078 4
74379 39100 566 74380 
23065 4
74368 32333 39413 20096 
23039 4
74339 53164 14937 4297 
23033 4
74335 2911 34665 2901 
23028 4
74332 16614 8083 47052 
23011 4
74319 32647 52010 58253 
23005 4
74314 47088 54975 64785 
22998 4
74309 68948 62081 54596 
22965 4
74277 33001 15562 64223 
22916 4
74238 30852 55256 47001 
22901 4
74224 4155 45109 28615 
22890 4
55643 47831 41841 72710 
22883 4
74209 72989 645 53273 
22872 4
74202 3920 10769 51999 
22859 4
74190 60956 21665 17548 
22817 4
74149 36664 7713 31110 
22805 4
74141 74143 69148 45634 
22800 4
74138 40933 72306 19283 
22792 4
74130 651 34362 68459 
22774 4
74116 8713 50391 18534 
22702 4
74046 8639 1899 6680 
22692 4
74041 16704 53252 54537 
22690 4
74038 51213 7469 65436 
22647 4
74003 47660 22796 15539 
22614 4
73965 6199 71418 60490 
22609 4
73961 49022 53692 56865 
22587 4
73934 4932 44624 35926 
22584 4
16775 8379 45394 51970 
22572 4
73922 65752 59919 58987 
22567 4
73917 43706 9534 73919 
22564 4
73914 2777 71774 22319 
22560 4
73911 22617 45451 50141 
22536 4
73885 66876 72070 73886 
22528 4
73879 36688 18504 41321 
22487 4
73842 301 52390 18928 
22439 4
73801 68359 3781 29780 
22428 4
73794 24026 73528 65988 
22406 4
73774 55385 56471 63870 
22366 4
73740 54491 70692 26374 
22353 4
73732 13345 31068 23534 
22341 4
73723 50450 20441 55398 
22327 4
73712 23785 48557 10509 
22299 4
73691 69165 69149 15219 
22270 4
73663 46978 45164 17855 
22249 4
73642 25227 7452 26128 
22224 4
73617 14669 68928 28563 
22179 4
73566 41028 53864 51117 
22174 4
73564 68070 49539 43980 
22173 4
73561 30840 37366 73563 
22161 4
73549 38794 60707 12332 
22148 4
73538 2616 69940 51006 
22122 4
73510 73511 36970 66325 
22083 4
51923 54032 1455 23744 
22010 4
73397 40916 71264 43060 
21973 4
73358 62845 59328 32240 
21963 4
73348 47312 27162 20855 
21929 4
73315 6195 58330 64434 
21919 4
73307 70767 70113 20796 
21895 4
73287 28353 73288 8550 
21879 4
73269 65210 73271 47371 
21789 4
73179 4931 57415 58864 
21762 4
73149 4235 17484 31470 
21753 4
73140 31315 71888 41711 
21749 4
73135 66533 65517 73137 
21746 4
56442 12580 3739 12449 
21725 4
73111 30795 28560 56887 
21680 4
73064 19222 65465 40297 
21647 4
73025 33293 3882 66488 
21604 4
71734 67450 3170 56064 
21589 4
72973 47162 60290 16892 
21581 4
72963 15281 52641 31925 
21560 4
72942 35495 43052 35130 
21553 4
72934 44200 50730 2270 
21480 4
55961 22295 41415 39991 
21446 4
72814 41457 775 37767 
21422 4
72790 29667 69511 21075 
21418 4
72784 9108 37569 41708 
21381 4
72741 72742 10834 29253 
21362 4
72722 32131 21318 19706 
21335 4
72691 28134 44932 24543 
21320 4
72676 26588 72678 17966 
21285 4
72645 40678 52023 52104 
21266 4
72627 49862 71069 10715 
21243 4
72591 12167 65243 19022 
21186 4
72539 69618 8823 26423 
21106 4
72451 72452 20184 55806 
21094 4
51017 8385 72068 64724 
21083 4
46461 19114 18471 43762 
21074 4
72415 2281 10539 5 
21058 4
72401 50667 7635 53731 
21036 4
72370 45755 56268 56248 
20992 4
72321 7034 16272 53226 
20958 4
72281 50051 2400 43990 
20914 4
72238 61360 30308 25827 
20869 4
72192 28206 17274 61334 
20845 4
72164 69105 45275 66473 
20761 4
72073 30247 64787 33155 
20751 4
72062 50303 46764 22272 
20694 4
71993 53677 65161 3339 
20617 4
71904 38751 32066 7362 
20606 4
71894 34636 40714 39116 
20586 4
71866 71867 71868 9990 
20585 4
71862 64673 27277 68439 
20550 4
71820 66184 43556 46448 
20482 4
71751 16419 28049 62004 
20441 4
71696 16932 40988 42965 
20394 4
71650 57685 44602 56263 
20248 4
71482 13369 6247 1248 
20224 4
71458 70535 37239 57729 
20173 4
71397 45906 20876 63650 
20161 4
26778 46738 58065 37779 
20134 4
71351 15635 44374 45591 
20120 4
71335 66251 43312 57233 
20111 4
71324 69651 69164 15662 
20073 4
71281 6510 16153 37321 
20048 4
71252 69945 59306 59083 
20045 4
71246 11220 27793 40433 
20033 4
71233 53473 71234 51207 
19969 4
71154 32113 32487 9335 
19912 4
71097 7832 24122 71098 
19890 4
71066 23909 9920 10127 
19864 4
71034 470 23353 62281 
19856 4
71026 29366 53476 57957 
19839 4
71003 56828 54450 71006 
19833 4
70997 36352 54468 45991 
19820 4
70981 58197 40902 27092 
19780 4
70941 55389 70942 34505 
19743 4
70887 13140 54846 70890 
19718 4
70861 42776 62731 68046 
19705 4
24172 70847 66101 30148 
19673 4
70807 20334 68771 27148 
19626 4
70751 48941 49082 24795 
19586 4
70693 64524 41205 3614 
19509 4
70593 48450 32141 70228 
19451 4
70520 49523 57267 1194 
19440 4
70507 64000 36512 22908 
19378 4
70430 38643 28974 24546 
19325 4
70371 66974 16437 56993 
19323 4
70370 49821 48499 33708 
19315 4
70362 44237 50524 44797 
19197 4
70227 15428 44160 70229 
19192 4
70220 70221 5557 70223 
19179 4
6844 30295 59053 27 
19155 4
70165 66782 11799 12900 
19125 4
70120 66228 6277 25210 
18921 4
63209 69827 41630 51313 
18918 4
69821 69822 13467 23464 
18917 4
69819 38469 2016 66709 
18897 4
69790 35081 50145 14763 
18870 4
69760 17246 9103 63964 
18821 4
69702 68326 55778 64751 
18771 4
69634 69636 69638 67168 
18765 4
69629 51093 20134 62571 
18759 4
69622 69623 15575 64049 
18649 4
69469 58503 23194 67979 
18586 4
69381 28363 23748 36796 
18547 4
69326 26109 2373 19379 
18544 4
69325 54897 17031 10074 
18531 4
69303 17590 63212 38499 
18525 4
69296 15746 12641 45678 
18523 4
69292 46002 8261 11126 
18518 4
69283 53775 611 34135 
18490 4
69248 55289 31209 69249 
18473 4
69222 42085 12189 65268 
18359 4
69069 7742 20591 69072 
18333 4
69036 36790 50380 30050 
18259 4
68926 47006 68571 16635 
18222 4
68862 10083 16910 61153 
18190 4
39754 26238 64132 61095 
18134 4
68747 49479 60363 47691 
18113 4
68714 55505 16626 58168 
18082 4
68672 37826 56694 9963 
18079 4
68666 24372 10667 23627 
18070 4
68657 4361 47231 37922 
18037 4
68611 68613 62687 44901 
18014 4
68578 37373 11370 51595 
17993 4
68545 30533 61249 59666 
17965 4
68503 14127 11084 55969 
17884 4
14500 34789 27058 60439 
17856 4
68342 68343 44506 22549 
17845 4
68318 52997 63160 49358 
17823 4
68290 51482 27537 60056 
17801 4
68259 61473 56005 36359 
17773 4
68208 32022 29847 2076 
17725 4
68140 11969 14278 16246 
17719 4
68126 66334 26037 9285 
17708 4
68115 38041 59642 283 
17692 4
68089 16902 68090 16690 
17689 4
68081 15381 51710 5290 
17664 4
68042 68043 29818 12155 
17663 4
68040 47965 49715 29395 
17588 4
67914 58187 66624 14832 
17586 4
67910 33122 21849 47809 
17551 4
11481 58678 1800 63775 
17548 4
67842 40567 67843 45093 
17545 4
67838 28984 33171 25054 
17527 4
67805 23974 13742 38755 
17426 4
67654 66788 67655 3793 
17416 4
67642 67643 52426 43612 
17394 4
67615 56273 67238 25296 
17390 4
67612 25736 44010 11861 
17339 4
67531 5594 12425 67533 
17260 4
67421 65462 454 3424 
17252 4
67411 62916 14412 37931 
17249 4
67405 49048 16175 50032 
17243 4
67395 60673 39103 37670 
17108 4
67180 11337 51299 67181 
17087 4
67142 9116 57369 67146 
17050 4
67091 10780 46812 10623 
17049 4
67083 67088 67089 42572 
17041 4
66502 65756 31733 56651 
16980 4
66972 40317 7488 66973 
16964 4
51651 36338 57467 16924 
16872 4
66801 51449 31922 35633 
16845 4
66754 66755 66200 59297 
16842 4
66752 53611 46558 28028 
16767 4
66644 62532 59768 1087 
16715 4
66559 55528 56820 29056 
16707 4
66545 45199 38017 66548 
16583 4
66318 66320 4926 66322 
16559 4
66279 66280 33638 38365 
16458 4
66088 38261 43136 55972 
16391 4
65962 28966 9003 65910 
16205 4
65615 54241 275 26390 
16177 4
65557 4807 51540 45545 
16144 4
65500 62217 34236 55712 
16140 4
65494 23944 49913 48721 
16102 4
65420 15978 15686 61363 
16097 4
65405 8444 26984 32295 
15952 4
65127 31317 43017 60244 
15933 4
65088 65092 20418 58424 
15917 4
65061 14271 50525 17960 
15883 4
64997 64758 6168 43249 
15874 4
64984 6944 51240 2367 
15868 4
64970 48818 15833 64971 
15835 4
64909 52307 64912 4587 
15769 4
64788 64789 19120 63555 
15757 4
64771 55281 31796 33197 
15755 4
64770 46886 19172 56942 
15700 4
64657 64660 64661 455 
15697 4
64649 49723 46442 64652 
15687 4
64626 60962 64631 23936 
15673 4
64597 58750 64599 14575 
15670 4
64595 33593 27179 43442 
15635 4
64532 20425 43202 3468 
15594 4
64449 36275 57202 27832 
15575 4
64407 64409 64412 64413 
15506 4
64277 64278 22672 15151 
15491 4
64243 44603 49934 37393 
15475 4
64204 64206 55858 16002 
15469 4
64196 51195 44280 47889 
15395 4
64050 64054 4035 37572 
15308 4
63854 31783 63855 56464 
15226 4
63682 44597 30818 63683 
15190 4
63611 38393 63612 4032 
15180 4
63591 55940 60965 48504 
15162 4
63551 16093 6320 34036 
15123 4
63469 1169 35025 19389 
15069 4
63365 58536 36099 18526 
15025 4
63267 22601 42688 63270 
15018 4
63259 59017 63260 61422 
14995 4
63210 63214 25125 42016 
14965 4
63145 36029 13038 10951 
14924 4
63063 55908 50175 13097 
14905 4
63018 42719 63020 48984 
14885 4
62978 29677 38114 60527 
14881 4
62971 62974 52498 56915 
14868 4
62946 8042 31259 2083 
14827 4
62849 62851 18696 34704 
14723 4
62625 41038 52388 30445 
14699 4
62577 9229 62579 57955 
14687 4
62553 50714 56643 3450 
14679 4
62539 32358 34641 277 
14645 4
62461 49571 57654 36957 
14638 4
62448 48324 26098 30113 
14626 4
62419 14987 62422 45754 
14618 4
62399 62400 44955 62401 
14610 4
62382 62383 24599 26926 
14585 4
62325 62326 62327 50416 
14574 4
62301 1002 60808 10295 
14525 4
62176 62180 62182 11812 
14496 4
62113 1876 18561 56436 
14490 4
62099 62100 57798 22322 
14472 4
62064 43511 33408 1046 
14431 4
61962 61965 8057 57958 
14372 4
61829 29602 33272 61831 
14364 4
61811 8344 9564 61813 
14339 4
61748 39476 447 61753 
14324 4
61719 61722 56209 61110 
14107 4
61241 37067 47385 44018 
14105 4
61238 46364 17287 26478 
14067 4
61168 46203 18659 61048 
14062 4
61161 633 1522 30801 
14042 4
61111 30122 14006 11112 
14040 4
61107 50871 42956 17581 
13997 4
60992 60996 8876 28662 
13994 4
60989 55097 54214 703 
13974 4
60942 59961 27425 12157 
13954 4
11037 10892 18572 40380 
13937 4
60849 22882 500 54148 
13930 4
60842 25311 3637 52213 
13914 4
60804 4075 58862 60805 
13903 4
60777 50475 15857 46103 
13863 4
60685 60689 32002 60692 
13833 4
60619 53707 60621 26510 
13817 4
60579 54669 43530 54502 
13813 4
60571 37974 60575 60576 
13809 4
60561 18321 16178 60564 
13803 4
60552 60555 57946 50827 
13788 4
60518 15639 60521 6333 
13785 4
60507 20121 7029 60512 
13769 4
60469 41301 57588 27646 
13755 4
60445 18432 5335 60446 
13732 4
60400 1635 42373 43991 
13717 4
60366 60371 26174 27005 
13685 4
60288 44014 60291 35020 
13683 4
60283 23061 41009 57423 
13669 4
60252 1508 45143 31120 
13655 4
60218 40827 60220 51836 
13647 4
60201 23405 779 60203 
13603 4
60088 60090 46255 60092 
13567 4
59999 44758 52689 43372 
13556 4
45729 52618 56952 59978 
13551 4
59960 19568 29906 33456 
13507 4
59858 59861 26044 59862 
13501 4
59846 51302 48222 22459 
13467 4
59761 6164 14080 53098 
13421 4
59641 41821 28471 17221 
13416 4
59634 38212 13437 28671 
13349 4
59458 20233 13907 31070 
13329 4
59406 59409 59410 33424 
13318 4
59379 59380 59381 59382 
13313 4
59365 36444 59370 59371 
13231 4
59162 37491 37792 12555 
13228 4
59157 59158 59160 19848 
13222 4
59140 50603 48898 45095 
13168 4
59012 3465 59013 59014 
13152 4
58971 58260 27078 47449 
13130 4
58912 28812 51624 22180 
13122 4
58894 6834 58896 32548 
13098 4
58837 58839 7256 1018 
13094 4
58826 58828 42172 58830 
13001 4
58581 20922 49749 26519 
12948 4
58444 49309 43012 44493 
12929 4
58401 49868 35843 58404 
12908 4
58353 46703 2823 38120 
12887 4
58296 58299 58300 9720 
12864 4
58232 26146 58233 58234 
12848 4
58198 33418 10309 58201 
12844 4
58189 40273 58190 53126 
12841 4
58184 52392 23183 14173 
12800 4
58085 58086 35683 19593 
12747 4
57945 21136 57948 55685 
12713 4
57868 57871 1069 57872 
12687 4
57803 57806 35791 53738 
12669 4
57755 26391 54811 23846 
12662 4
57739 57740 28729 17478 
12561 4
57501 50818 25071 21398 
12555 4
39318 12410 49236 7634 
12543 4
57452 40744 57456 42759 
12522 4
31952 57408 28195 18099 
12489 4
57315 57321 41184 19973 
12476 4
57277 9558 879 33980 
12458 4
57229 4329 43185 27830 
12441 4
57180 57184 27388 57186 
12439 4
57174 57177 57178 57179 
12430 4
57153 45118 56365 41651 
12329 4
56875 56882 47921 56885 
12322 4
2425 12884 46302 8671 
12285 4
1590 51980 48383 48294 
12282 4
56753 35175 56754 54317 
12273 4
56730 29549 56732 15508 
12261 4
56695 37636 30946 2735 
12245 4
56653 53308 56658 13357 
12210 4
56566 16146 56568 14307 
12145 4
56378 2430 51843 56382 
12143 4
56368 56372 56375 56377 
12141 4
56364 2910 3299 56367 
12135 4
56349 4194 21958 51852 
12061 4
56155 56160 34003 2602 
12058 4
56148 3504 56150 39509 
12032 4
56072 31693 56074 56075 
12030 4
56068 56069 51478 37253 
12029 4
56062 2814 56066 25993 
12004 4
55993 35962 47945 55994 
11983 4
55935 30538 10489 53068 
11961 4
55879 7002 50927 34298 
11912 4
55740 19670 55742 15588 
11871 4
55620 55623 11681 1011 
11859 4
32186 44595 34637 55596 
11849 4
55568 50836 42998 55575 
11846 4
55562 55565 55566 44771 
11844 4
55556 55557 55559 4404 
11830 4
55519 15568 40011 30465 
11825 4
55504 38712 48866 55509 
11816 4
20105 52268 12564 25692 
11797 4
55429 41110 55433 17331 
11768 4
55347 31910 7877 20492 
11722 4
55210 16524 55211 55212 
11691 4
55125 46993 17406 46521 
11685 4
55110 55111 19912 37789 
11664 4
55053 26041 13412 55055 
11653 4
55019 12210 18860 9861 
11640 4
54982 54983 27210 32158 
11620 4
54922 54923 54924 54926 
11599 4
54864 54868 42836 54869 
11595 4
54855 27664 39786 54860 
11546 4
54727 43797 54729 48397 
11545 4
54720 54725 54726 47048 
11521 4
54656 54659 54660 53274 
11484 4
54544 11745 12016 43577 
11476 4
54523 53343 54525 54526 
11439 4
54416 50791 40925 53993 
11432 4
54399 3668 4279 38810 
11405 4
54319 51163 2812 41954 
11399 4
54297 22529 45425 29018 
11374 4
54226 54227 11071 54206 
11358 4
54176 54178 54179 54181 
11332 4
54095 35532 25467 54097 
11282 4
53949 21447 43275 53952 
11221 4
53760 35968 35445 23930 
11195 4
34116 7719 53687 53688 
11176 4
53625 13734 48800 16516 
11156 4
53563 40329 53564 4994 
11145 4
53533 53536 53537 12215 
11102 4
53399 22337 38487 35448 
11089 4
53359 37657 1576 502 
11068 4
53301 43405 53304 53305 
11029 4
53175 15225 53179 17592 
11024 4
53159 53160 53161 53163 
11023 4
53155 10391 4615 42981 
11020 4
53149 11063 53150 39099 
11000 4
53084 53086 53087 53089 
10916 4
52832 10441 52833 52835 
10857 4
52649 18029 52651 52652 
10836 4
52575 25836 52577 36100 
10815 4
52505 37754 8727 21978 
10810 4
52491 52493 52495 13258 
10784 4
52412 25275 43079 1028 
10696 4
52142 40065 12483 52148 
10692 4
38641 52131 52132 34083 
10679 4
52088 6502 52092 52094 
10548 4
51666 37092 51668 351 
10542 4
51648 51649 12294 5447 
10515 4
51560 25964 51563 14712 
10499 4
51507 28296 51511 5454 
10496 4
51502 12744 51504 51505 
10438 4
51305 45877 51308 48930 
10396 4
51159 51160 18259 4502 
10384 4
51112 7285 16594 51116 
10383 4
51102 51108 51111 12782 
10358 4
51028 24447 51031 31561 
10329 4
50934 50937 50938 43021 
10318 4
50903 50904 50906 50908 
10315 4
50889 35339 50896 50897 
10311 4
50875 50879 25159 50881 
10277 4
50762 45088 49652 50767 
10253 4
50677 50682 33025 50685 
10247 4
50657 49071 50662 15211 
10172 4
50434 11939 50435 50437 
10126 4
50262 50263 50264 50266 
10097 4
50171 18085 50176 49953 
10092 4
32918 37276 7646 12695 
10090 4
50154 19262 50156 50157 
9980 4
49794 18845 49796 49797 
9964 4
49742 25189 34922 12802 
9945 4
49674 125 14057 49678 
9922 4
49592 49593 49595 9508 
9901 4
49516 49519 49308 26235 
9887 4
49474 19589 45357 27357 
9855 4
49368 49375 3007 47870 
9831 4
49287 49291 26785 39623 
9804 4
49205 41249 49207 36911 
9714 4
48906 48907 14084 48911 
9691 4
48821 48824 6234 48827 
9611 4
48556 27185 27515 48562 
9589 4
48478 47402 48483 48484 
9577 4
48440 47944 48446 48448 
9496 4
33085 45487 11402 13529 
9486 4
48127 10071 27590 48128 
9470 4
48075 48078 7186 26877 
9455 4
48022 48026 38957 28445 
9434 4
47956 46232 28327 47960 
9430 4
47940 41892 7035 47942 
9393 4
47802 35166 21299 47807 
9384 4
47775 19658 2139 33651 
9359 4
47694 15855 33537 47697 
9265 4
47359 4586 47364 6937 
9262 4
47349 47352 35399 10636 
9242 4
47279 29524 9052 47282 
9237 4
47261 23792 47267 47268 
9226 4
47226 47227 25687 47230 
9225 4
47216 47224 37814 47225 
9194 4
47108 47110 24072 25005 
9170 4
47018 47019 47020 47023 
9166 4
47009 47010 44645 6454 
9121 4
46848 46850 46851 43594 
9100 4
46774 11107 46776 38605 
9045 4
46574 38162 19786 36686 
9013 4
46469 43601 46475 46476 
8975 4
46330 46335 33979 28679 
8943 4
46210 46216 6383 46219 
8921 4
46129 46132 46135 46136 
8915 4
46104 42333 46111 46112 
8879 4
45964 36872 6280 45968 
8847 4
45841 26729 45850 45851 
8790 4
45653 10207 45654 8809 
8771 4
45579 28527 5340 21886 
8755 4
45515 45518 21002 45520 
8693 4
45276 45282 45285 45286 
8685 4
45241 2161 45247 45249 
8680 4
45226 45228 45229 13708 
8659 4
45141 45144 3015 45146 
8595 4
44906 44909 42944 44910 
8556 4
44763 44764 30315 44767 
8553 4
44748 25027 27909 17890 
8550 4
44741 21189 31007 28338 
8544 4
44720 44721 44724 9105 
8513 4
44600 44605 16420 17299 
8491 4
44515 30007 15709 37894 
8447 4
44347 26324 42850 44350 
8431 4
44286 44289 3859 43971 
8409 4
44203 44210 44212 44213 
8358 4
44021 1710 25747 44023 
8301 4
43774 18831 43779 40946 
8292 4
43736 43737 43740 34203 
8266 4
43637 43639 38557 8683 
8212 4
43427 43428 3176 43431 
8072 4
42871 31017 32826 19344 
8047 4
42774 6569 42779 811 
8004 4
42592 12251 31215 24355 
7994 4
42552 42553 40478 42554 
7986 4
42517 21821 40679 42521 
7984 4
42507 42508 42511 42512 
7955 4
42392 28857 42400 42401 
7924 4
42281 4537 42283 42286 
7872 4
42079 36621 2042 40930 
7864 4
42047 42048 42050 27888 
7825 4
41870 24348 41874 31327 
7807 4
41798 41805 34990 13981 
7763 4
41632 28189 41633 29262 
7640 4
41134 19697 41135 41140 
7635 4
3138 41117 41118 33067 
7601 4
40985 40991 40994 25753 
7565 4
40842 26373 40847 40848 
7552 4
40789 15963 26178 6894 
7517 4
40640 40647 2467 40204 
7413 4
40198 38129 40206 17470 
7404 4
40174 12949 22256 40176 
7375 4
40056 26213 39797 25141 
7369 4
40037 17763 36932 28225 
7342 4
39929 35022 21718 39931 
7321 4
39837 39842 29842 39843 
7295 4
39727 39732 39733 29766 
7274 4
39645 39646 754 37712 
7273 4
39637 39642 37480 31399 
7244 4
39517 35603 37536 1009 
7219 4
39414 15757 39417 39419 
7205 4
39361 39366 12241 39367 
7131 4
39065 28205 39072 6904 
7123 4
39033 2686 32872 21556 
7096 4
38927 16949 38928 14022 
7053 4
38739 38745 17056 10785 
7009 4
38539 25930 7267 4117 
6962 4
38336 16348 38339 38341 
6856 4
37860 4882 15691 37863 
6818 4
37691 37693 5875 34443 
6813 4
37666 21739 37671 37672 
6811 4
37654 37661 37662 37664 
6806 4
37640 37642 37643 37644 
6793 4
37578 37579 37580 37581 
6699 4
37146 31767 37151 24430 
6630 4
36840 36841 36842 36843 
6581 4
36626 36634 10209 36635 
6565 4
36562 13239 26440 36569 
6559 4
36529 19408 36537 36538 
6543 4
36466 19668 36467 36468 
6523 4
36367 36375 36376 2320 
6510 4
36311 36314 36316 36317 
6488 4
36208 36210 36211 36213 
6450 4
36043 20925 36044 31323 
6414 4
35882 34701 13096 35886 
6412 4
35875 22585 18322 11786 
6399 4
35803 35809 35811 35812 
6387 4
35752 35760 35761 4265 
6331 4
35509 800 21901 2844 
6329 4
35502 16299 15074 24999 
6322 4
35480 11707 17180 35481 
6288 4
35326 35327 35328 35330 
6226 4
2098 35053 35054 35055 
6122 4
34606 34607 34608 34611 
6108 4
34541 34542 34543 34545 
6070 4
34367 2363 34369 34370 
6025 4
34166 34173 34174 34175 
5965 4
33891 33896 33897 33898 
5947 4
33814 25755 31458 32914 
5912 4
33647 19577 25184 20713 
5911 4
33636 33644 1153 33645 
5892 4
33556 26561 17074 33386 
5871 4
33443 13309 17001 33448 
5862 4
33403 33404 6893 33406 
5845 4
33328 33335 20829 33336 
5788 4
33052 33053 33055 33056 
5771 4
32966 32971 32974 32975 
5741 4
32829 9338 23638 32836 
5728 4
6531 18448 32778 29431 
5703 4
32664 32668 32670 13173 
5694 4
32626 31643 32627 32629 
5665 4
32472 30708 10365 25885 
5636 4
32337 32338 32340 26284 
5634 4
32327 32329 19876 32332 
5631 4
32306 18494 32314 16951 
5623 4
32262 32265 32268 32270 
5620 4
32252 32253 28719 18232 
5601 4
32161 32169 32173 32174 
5597 4
32143 32147 8187 32149 
5538 4
31874 30012 31875 31879 
5533 4
31845 31849 31850 31852 
5518 4
31770 31772 17643 31775 
5516 4
31759 31762 31764 31766 
5412 4
31273 25988 31277 31278 
5373 4
31085 31091 31092 16694 
5218 4
30330 30331 30332 10475 
5156 4
30036 30038 27782 30041 
5106 4
29781 29784 29785 4483 
5059 4
29540 29542 29543 29544 
5045 4
29465 29474 29476 2409 
5043 4
29455 29460 29463 29464 
5006 4
29282 18429 29284 4085 
4998 4
29238 1285 29242 29243 
4913 4
28811 28816 28818 28820 
4875 4
28612 28619 28620 28621 
4863 4
28564 28568 28571 7999 
4849 4
28492 28496 28497 28498 
4702 4
27799 27800 5445 27802 
4699 4
27779 27787 27788 27790 
4657 4
27565 14751 18982 27572 
4636 4
27459 15739 27463 27464 
4626 4
27400 27401 15007 15974 
4621 4
27371 27376 9132 27379 
4493 4
26738 26744 4059 16900 
4482 4
26689 26691 26692 26693 
4471 4
26633 26638 26639 26640 
4435 4
26443 26448 26450 24819 
4419 4
26354 9612 26359 13098 
4362 4
26052 26055 18967 26056 
4338 4
23505 25919 10002 11848 
4308 4
25768 15695 25771 25772 
4302 4
25738 25740 25741 25742 
4245 4
25444 25450 25451 22682 
4209 4
25260 7110 11144 25268 
4207 4
25251 5473 25257 25258 
4146 4
24946 24947 6887 24951 
4121 4
24815 24820 24823 24824 
4075 4
24576 24577 24578 24580 
4065 4
24516 24524 24525 24527 
4030 4
24336 24337 11934 24339 
3928 4
2445 23805 23806 23807 
3888 4
23590 23591 23592 23593 
3870 4
23499 23502 14875 23504 
3858 4
23430 16094 23434 23435 
3840 4
23334 23335 23336 23338 
3830 4
23287 17952 23288 21395 
3819 4
23228 23235 12494 23237 
3716 4
22675 22677 22678 22681 
3685 4
22502 22510 22513 22514 
3623 4
22167 22173 22174 19084 
3522 4
21623 898 21627 21628 
3470 4
21344 21347 10671 21351 
3458 4
21273 1777 21275 21277 
3428 4
21112 21113 21115 21116 
3417 4
21037 21045 21048 21049 
3414 4
21025 21026 21027 18781 
3391 4
20900 13213 20907 20908 
3378 4
20834 20835 20836 6133 
3376 4
20821 20822 20823 20825 
3357 4
20710 20715 20717 8142 
3321 4
20514 20520 5788 20522 
3200 4
19856 9352 19858 19859 
3190 4
19802 19803 16256 19806 
3178 4
19730 19731 19732 19733 
3168 4
19675 19677 19678 19679 
3155 4
19596 19603 19605 4651 
3149 4
19566 8640 19571 19572 
3133 4
19476 19482 6175 19485 
3109 4
19338 9786 19345 19346 
3056 4
671 19047 19050 19051 
3046 4
18992 2508 18995 18996 
3045 4
18979 18986 18987 18988 
3010 4
18784 18785 18787 18790 
2936 4
18364 18366 18368 18371 
2925 4
18297 7470 18306 18307 
2907 4
18190 18195 18196 18198 
2870 4
17985 17986 17989 17991 
2868 4
17973 17976 17977 17978 
2854 4
17902 17904 17907 8567 
2811 4
17651 17658 17659 5062 
2795 4
17566 17570 17571 17575 
2791 4
17544 17550 17552 17556 
2755 4
17337 203 17342 17343 
2740 4
17261 17262 17265 17267 
2734 4
17228 17230 16293 17233 
2683 4
16919 16926 16928 16929 
2681 4
16906 16913 16914 16917 
2647 4
16709 16717 16718 12102 
2579 4
16327 16333 16334 10634 
2561 4
16225 16232 16233 16235 
2551 4
16173 4951 16179 16183 
2502 4
15889 564 15892 4088 
2499 4
15866 7196 15875 8883 
2470 4
15700 15703 15704 15706 
2466 4
15675 15677 15678 15681 
2418 4
15384 12622 15386 623 
2386 4
15188 15189 15192 15193 
2338 4
14898 14899 14901 6884 
2303 4
14682 14689 11114 14691 
2251 4
14369 14375 14376 14380 
2212 4
14136 8101 14141 14142 
2201 4
14067 14074 8460 14076 
2154 4
13791 13793 13794 13796 
2150 4
13769 13773 13066 13775 
2143 4
13722 5357 13729 13731 
2115 4
13569 13570 5664 13574 
2083 4
13380 12145 13389 13391 
1931 4
12465 12473 12475 12478 
1915 4
12371 12378 12379 12381 
1910 4
12345 12346 12348 12352 
1908 4
12333 12334 12335 12339 
1884 4
12183 9780 12187 12188 
1876 4
12133 5895 12134 12135 
1859 4
12020 12027 12030 12033 
1813 4
11744 11751 11752 11754 
1803 4
11686 11694 11695 11696 
1710 4
11128 11129 11130 11134 
1665 4
10842 10847 10849 10852 
1650 4
10758 10760 10762 10763 
1626 4
10603 10604 10606 10609 
1611 4
10510 10518 10519 10520 
1598 4
10445 1383 10448 10450 
1527 4
10006 10015 10017 10018 
1476 4
9691 9692 9695 8179 
1459 4
9581 9587 9590 9591 
1379 4
9075 9084 8942 9087 
1323 4
8724 8610 8734 8736 
1301 4
8581 8588 8591 8592 
1239 4
8182 8189 8190 8192 
1236 4
8169 8170 5097 8173 
1214 4
8034 8035 8039 8040 
1200 4
7945 7946 3136 7950 
1197 4
7920 7925 7930 7931 
1187 4
7854 7862 7863 7865 
1129 4
7484 7492 7493 7494 
1109 4
7356 7363 7365 7366 
1103 4
7316 7323 7324 7326 
1047 4
6952 6960 6964 6965 
1016 4
6763 6765 6766 6767 
959 4
6381 6389 6390 6394 
895 4
5960 5967 5970 5971 
877 4
5839 5847 5850 5851 
844 4
5629 3109 5632 5633 
831 4
5535 5538 5540 5541 
761 4
5080 5087 5089 5092 
719 4
4813 4822 4823 4825 
716 4
4801 4802 4473 164 
712 4
4773 4774 4777 4780 
700 4
4692 4693 4697 4698 
697 4
4665 4672 4673 4675 
655 4
4385 4393 4396 4397 
641 4
4292 4299 4300 4302 
319 4
2160 2168 2170 2171 
317 4
2146 2157 2158 2159 
301 4
2038 2045 2048 2050 
290 4
1971 1974 1976 1977 
270 4
1835 1836 1838 1839 
259 4
1754 1762 1765 1767 
220 4
1499 1501 1503 1504 
217 4
1472 1480 1482 1483 
208 4
1418 1420 1421 1425 
181 4
1228 1237 1239 1241 
166 4
1134 1135 1139 1140 
142 4
972 973 975 978 
96 4
657 660 663 664 
45 4
306 312 313 318 
36 4
251 253 254 256 
26 4
180 181 186 187 
24 4
166 168 171 172 
2 4
14 15 17 18 
29959 4
78579 17093 24334 3952 
29932 4
78566 39807 27411 20014 
29915 4
78557 28827 30171 56619 
29898 4
78549 14872 69112 43805 
29782 4
78491 59085 76327 72750 
29732 4
78466 62168 57863 64625 
29720 4
9919 58999 2055 14504 
29705 4
17036 38371 44144 68891 
29668 4
78434 72600 46894 35029 
29630 4
78415 75229 29633 62597 
29623 4
78411 40387 71621 45266 
29597 4
78398 67909 36959 23799 
29548 4
78374 19135 86 71272 
29421 4
78310 50359 7449 39878 
29369 4
78284 57189 42143 31346 
29346 4
78272 46451 66675 76663 
29301 4
78249 67045 53643 55464 
29278 4
78238 32984 71183 17126 
29234 4
78216 76364 71076 52583 
29172 4
78185 56292 43987 68970 
29136 4
78167 39490 71005 21486 
29080 4
78139 37520 23531 40750 
29037 4
78117 23798 25896 48680 
29030 4
78114 61939 38494 13683 
29012 4
78105 48088 70627 67032 
28946 4
78072 56240 16330 39904 
28910 4
78054 24384 70121 49729 
28907 4
78052 33518 71695 35901 
28901 4
38859 56457 76143 13114 
28855 4
78026 68573 42121 68168 
28791 4
77994 24353 6622 45344 
28786 4
77992 68846 42332 58952 
28778 4
77988 9731 43216 43801 
28727 4
77962 14338 53824 39691 
28724 4
77960 10481 77961 51408 
28717 4
77956 45208 544 10741 
28709 4
77952 18062 31628 4947 
28688 4
77942 50336 47139 72101 
28643 4
77918 46630 73504 31483 
28616 4
77904 40256 15283 57902 
28498 4
77845 51987 12930 77378 
28468 4
77829 64537 74895 34085 
28465 4
77827 71442 73441 29692 
28439 4
77813 58509 73381 71575 
28428 4
77808 21314 46275 39038 
28400 4
77793 5493 49179 24417 
28397 4
77791 39619 23373 56465 
28367 4
77776 7075 64981 77398 
28314 4
77750 37436 58871 67322 
28287 4
77735 43128 28064 54141 
28225 4
77702 34077 2831 51200 
28102 4
77640 10820 27322 48750 
28045 4
77609 76605 46759 66387 
28027 4
77600 45988 73203 13560 
27959 4
77566 40542 21012 47153 
27937 4
77554 29894 67507 18289 
27840 4
77504 71243 73582 64481 
27810 4
77488 65948 63167 39111 
27805 4
77485 44954 14179 26755 
27721 4
77443 44928 68631 46795 
27629 4
77393 24326 16699 16285 
27583 4
77367 54171 23427 66013 
27548 4
77349 6635 70707 6669 
27395 4
77262 67673 44533 42665 
27327 4
77227 50447 25154 58146 
27284 4
19181 64876 37223 61358 
27212 4
77164 23466 56565 21260 
27176 4
77143 74934 10160 56381 
27143 4
77124 23182 17994 72105 
27106 4
77106 72635 68233 69774 
27081 4
77092 52716 60574 44632 
27068 4
77086 3395 46756 5864 
27013 4
77055 20958 34483 52060 
26965 4
77027 45947 13735 45403 
26823 4
76942 69380 13055 37428 
26797 4
2005 10491 62900 68981 
26758 4
31593 16586 21021 44921 
26733 4
76889 28759 72138 54675 
26699 4
76869 40912 58725 75572 
26679 4
71675 70926 50914 16634 
26409 4
76703 70528 21203 29503 
26407 4
76702 73628 20225 48924 
26398 4
76697 38127 47622 16534 
26371 4
76681 56693 22205 36956 
26362 4
76677 17832 47406 46073 
26335 4
76661 6503 44661 30239 
26242 4
76606 72233 16119 6058 
26189 4
76574 72318 69793 54325 
26131 4
76538 3813 73962 21997 
26126 4
76536 40900 70574 71358 
26115 4
76529 49053 24813 37477 
26066 4
76499 32995 31666 65468 
26047 4
76487 21041 21813 50577 
26016 4
76469 71775 18596 55647 
26004 4
76462 26844 44223 38435 
25980 4
76445 51623 51928 7533 
25945 4
76424 74382 14696 27009 
25772 4
76314 71164 69530 58124 
25769 4
76312 68633 49220 4799 
25755 4
76304 43592 52600 33036 
25753 4
76303 27011 24783 61990 
25676 4
76254 27627 71166 52739 
25629 4
27053 28791 29093 19117 
25515 4
76151 40197 59279 65768 
25442 4
76105 43561 23189 75143 
25291 4
60644 679 54467 33269 
25248 4
75972 26087 67415 20977 
25230 4
75957 54716 50550 75011 
25116 4
75883 32023 47709 38076 
24903 4
75732 75709 18206 8943 
24863 4
75704 35981 75705 70484 
24854 4
75697 74261 32167 22090 
24840 4
75689 1432 38027 42291 
24795 4
75654 29570 1038 47234 
24771 4
75638 49165 59393 40059 
24724 4
75604 30109 37424 23563 
24713 4
75596 35246 72782 26105 
24654 4
24688 45927 67894 43563 
24645 4
75554 52596 49967 75555 
24615 4
75533 39631 11094 1582 
24546 4
75482 75483 71790 43461 
24537 4
75476 31076 8656 68821 
24506 4
75454 47556 25867 15642 
24422 4
75395 42197 45891 58381 
24417 4
75390 47389 45893 39652 
24386 4
75370 42414 69241 42787 
24380 4
75366 21473 35638 36372 
24373 4
75361 39397 70755 61 
24334 4
75336 4016 66604 75338 
24236 4
69924 32053 68711 64516 
24234 4
51245 73714 20363 30421 
24202 4
75246 39622 2377 70422 
24178 4
75227 896 22708 54476 
24098 4
75166 75167 75168 58153 
24080 4
1144 14371 16317 33044 
24036 4
75122 17205 19071 30803 
23892 4
75017 26907 72009 32219 
23854 4
74986 66311 51221 57730 
23844 4
74979 56223 41923 44658 
23842 4
74977 60570 11690 49413 
23734 4
74897 33200 23510 39711 
23668 4
74837 19879 55762 46249 
23582 4
74764 34933 72517 55295 
23489 4
74699 4543 53044 61941 
23471 4
74685 19784 68979 17656 
23425 4
74650 53582 73147 16103 
23330 4
74580 57538 9584 72050 
23281 4
74543 1454 70152 58407 
23275 4
74537 57856 15980 46229 
23257 4
74520 3498 13978 5670 
23177 4
74455 67299 3192 62060 
23174 4
74453 43305 53639 39995 
23167 4
74448 49133 35258 16759 
23113 4
74405 71404 43965 69216 
23048 4
74351 16405 23035 71103 
22959 4
74272 54485 24164 55473 
22939 4
74256 21400 19184 2785 
22831 4
74163 51701 74165 46072 
22786 4
74124 62593 17451 32361 
22711 4
74052 37490 40408 32564 
22636 4
73987 30268 73988 73989 
22517 4
73866 61299 45581 73868 
22454 4
73818 31309 30835 11166 
22350 4
73731 22854 60675 23241 
22146 4
73535 30914 73536 58433 
22001 4
73389 73391 38678 42877 
21951 4
73336 73337 21695 39729 
21852 4
73243 33815 14801 22568 
21779 4
67583 53433 19329 51554 
21750 4
73138 24833 6913 7260 
21711 4
73097 38736 4867 50483 
21687 4
73072 15682 73075 48920 
21668 4
73051 44299 13101 1456 
21650 4
73031 30981 5980 5494 
21616 4
72999 3871 59319 35392 
21613 4
72995 23055 8999 13238 
21483 4
72846 35973 49437 65493 
21427 4
72792 71863 46653 9945 
21366 4
72727 21891 41754 68083 
21345 4
72703 858 65455 51583 
21317 4
72673 64031 33608 23279 
21305 4
72663 15722 54639 67948 
21270 4
15091 65322 13800 42916 
21209 4
72559 47454 42116 72560 
21156 4
72501 67266 72502 16753 
21077 4
72416 61056 18064 72417 
21072 4
72412 40598 58011 50152 
20999 4
72326 10809 72329 49818 
20980 4
72307 66740 15954 55365 
20838 4
72157 18121 60114 55388 
20837 4
72152 55475 49741 66091 
20777 4
72093 44383 48180 35937 
20599 4
71883 66872 71884 60464 
20567 4
71841 61934 7066 55352 
20531 4
71800 41076 50651 19914 
20498 4
71766 22461 68890 30436 
20460 4
71723 17813 14250 29669 
20434 4
71689 59367 55160 34955 
20363 4
71617 58319 16644 8167 
20195 4
71424 67668 26280 49856 
20192 4
71422 16185 58821 1105 
20086 4
71297 49589 71298 26994 
20075 4
71282 68517 27358 65706 
19964 4
71151 38949 36884 16734 
19896 4
71078 37410 44096 18900 
19883 4
71058 29244 34093 65043 
19872 4
71047 40264 62299 20761 
19852 4
71022 49726 42413 11052 
19850 4
71018 24162 71019 57149 
19778 4
70938 876 16130 33075 
19727 4
70867 37993 59613 9855 
19703 4
70844 38243 14653 42656 
19699 4
70839 24102 57119 50411 
19631 4
70759 44805 70762 57884 
19623 4
70744 70747 70748 1173 
19595 4
70708 49446 70709 52041 
19517 4
70602 70604 7479 57028 
19484 4
70566 13460 58520 47251 
19452 4
70522 24794 61778 43840 
19336 4
70386 46211 30761 59000 
19319 4
51598 4584 70367 40187 
19292 4
70336 19590 25178 24079 
19211 4
17802 55408 30519 36762 
19201 4
70233 25278 16101 51763 
19173 4
70193 6273 19704 6922 
19103 4
70089 49865 62307 70094 
19076 4
70047 70048 41391 70049 
19064 4
70031 47920 62525 48790 
18974 4
69901 37781 69902 10075 
18930 4
69842 10972 1629 68649 
18631 4
69441 69379 26739 51300 
18629 4
69438 14013 69439 45105 
18532 4
69306 58978 16105 41484 
18495 4
69254 32187 2457 20709 
18453 4
69199 19454 30254 37306 
18445 4
69189 39651 39422 69191 
18439 4
69182 69184 69185 43768 
18402 4
69131 69132 59151 44502 
18379 4
69097 5950 7527 32970 
18339 4
69047 38001 33324 14086 
18327 4
69026 57595 49815 30215 
18309 4
69001 69003 61814 12070 
18284 4
68967 61868 16789 9195 
18234 4
68884 68885 65081 6841 
18216 4
68857 68118 42271 56169 
18210 4
68850 66534 21151 45544 
18166 4
68790 64543 20497 68791 
18142 4
68758 52614 54190 10414 
18140 4
5896 65634 34571 67753 
18095 4
68686 30594 68689 29149 
18074 4
68661 63151 68662 48439 
18021 4
68589 29304 61159 60339 
17955 4
68492 65662 33575 22571 
17920 4
68438 55452 14339 51118 
17870 4
68361 31283 68363 3422 
17797 4
68249 68253 58073 64435 
17784 4
68227 41766 40314 68230 
17766 4
68200 63596 35751 25848 
17720 4
68129 68130 57485 38767 
17433 4
67664 64318 6814 27616 
17334 4
67522 29528 67523 49243 
17319 4
67500 46037 56908 38792 
17287 4
67457 42106 67274 31929 
17263 4
67424 48113 57324 56034 
17187 4
67308 58482 29687 46402 
17166 4
67275 43819 27900 47175 
17080 4
67133 50140 29632 45421 
17073 4
67119 13868 66176 23328 
17066 4
67111 8941 43650 8046 
17006 4
67009 25124 20895 54423 
16990 4
66985 53450 64071 66986 
16853 4
66766 66694 24195 30573 
16778 4
66657 7661 64804 1417 
16776 4
66655 27984 5264 66656 
16765 4
66642 43663 39270 66643 
16730 4
66586 66587 6243 10429 
16549 4
66263 4726 26131 15207 
16481 4
66137 29976 66138 64009 
16454 4
66079 66080 58016 26985 
16447 4
66067 36204 53147 43377 
16359 4
65904 57895 53334 48100 
16342 4
65876 362 13328 65877 
16319 4
65830 65832 27864 23952 
16248 4
65712 59282 65713 52856 
16234 4
65681 42377 18626 46126 
16213 4
65633 9680 36628 40095 
16180 4
65566 65567 23612 11061 
16136 4
65483 29315 65486 4717 
16134 4
65478 65479 65480 18119 
16047 4
65296 42986 13346 27433 
15966 4
65146 64051 2732 29092 
15956 4
65133 21889 65134 44368 
15907 4
65041 8435 65044 15280 
15903 4
65036 40708 4488 65037 
15841 4
64918 54528 18930 12653 
15760 4
64780 64136 54080 36335 
15749 4
64759 27313 16411 1854 
15691 4
64636 61997 6415 64640 
15368 4
63990 60058 6287 63993 
15363 4
63974 32376 57747 24064 
15339 4
63920 21683 6087 63923 
15304 4
63844 63845 36112 63846 
15271 4
63777 59304 46575 23052 
15242 4
63719 32275 14132 46142 
15213 4
63654 39210 5207 43884 
15195 4
63617 34219 10299 63620 
15137 4
63501 56894 56443 34181 
15091 4
63413 9914 49300 35548 
15046 4
63315 43636 46828 63317 
15035 4
63289 28743 63290 40443 
15002 4
63224 47036 63225 37823 
14992 4
63206 63207 7543 53784 
14960 4
63139 27980 53033 19684 
14953 4
63121 57306 48736 32368 
14907 4
63021 16887 63025 40834 
14777 4
62737 33866 50547 18060 
14773 4
62730 52685 35504 62431 
14764 4
62717 62718 42861 62719 
14748 4
62683 35718 39237 31663 
14714 4
62609 52572 62612 56663 
14612 4
62386 62387 620 59217 
14595 4
62341 36895 22332 33266 
14413 4
61922 33748 61092 29529 
14401 4
61890 3122 2504 61894 
14391 4
61867 61873 55123 17277 
14332 4
61736 61738 43217 16760 
14277 4
61608 61609 61610 27508 
14275 4
40843 61607 26223 3957 
14192 4
61428 45087 15807 1340 
14184 4
61413 61414 58620 60024 
14117 4
61263 48641 29721 38175 
13957 4
60899 30569 10188 39896 
13899 4
60769 60770 21867 59619 
13845 4
60648 60650 3129 32296 
13837 4
60629 60634 34244 52930 
13806 4
60560 48264 32958 15640 
13778 4
60493 51725 48204 60494 
13758 4
60452 4321 45457 52292 
13735 4
60404 60405 38385 55933 
13618 4
60131 43983 17124 9469 
13478 4
59791 9617 49518 23654 
13392 4
59571 45901 49438 30883 
13293 4
59313 59317 35288 15320 
13268 4
59256 57333 43505 58097 
13260 4
59234 59235 7231 5893 
13213 4
59114 9865 59116 37944 
13120 4
58889 55640 34630 58890 
13102 4
58848 2890 16650 55567 
13096 4
58832 58833 51132 58834 
13042 4
58688 33761 3884 58691 
13025 4
22417 58641 31546 41536 
12960 4
58478 33827 42109 34006 
12901 4
58333 20071 48939 1991 
12861 4
58224 58226 53981 24715 
12835 4
58166 34313 11060 42935 
12827 4
58147 58151 8702 54762 
12700 4
57837 57838 37245 23232 
12586 4
57555 11649 51690 38335 
12550 4
57473 57474 20189 13451 
12537 4
57436 36389 54442 57439 
12467 4
57252 38050 28529 22536 
12436 4
57168 50584 57170 27874 
12296 4
56792 36716 25499 56793 
12267 4
56712 52160 56716 19600 
12254 4
56677 45872 24985 24743 
12230 4
56621 8561 47743 56623 
12201 4
56538 56542 56543 55030 
12105 4
56271 6726 38245 55460 
12027 4
56056 22658 55773 22737 
12013 4
56020 40091 56024 21230 
11895 4
55690 55692 55693 18296 
11839 4
55538 55541 14985 55544 
11761 4
55325 41800 48056 55329 
11741 4
55262 1196 11040 55266 
11724 4
55214 55215 55216 26702 
11681 4
55095 55100 55101 55102 
11647 4
54999 41543 51325 31983 
11632 4
54960 2763 27961 24240 
11607 4
54884 6532 8399 54886 
11597 4
54861 54862 54863 42931 
11588 4
54835 37247 45290 54839 
11583 4
54824 14558 34165 5838 
11576 4
54807 24036 54809 1920 
11573 4
54797 39591 6636 54800 
11443 4
54425 20001 25339 1154 
11429 4
54388 35024 22744 54393 
11421 4
54365 32758 37147 41001 
11401 4
54301 38134 54308 15410 
11356 4
54166 36826 10661 46393 
11318 4
54049 54050 54051 54052 
11309 4
54016 27684 1873 31911 
11263 4
53895 361 53900 45658 
11175 4
53622 40747 2468 40282 
11154 4
53559 24570 51613 50101 
10995 4
53067 35846 53071 53072 
10972 4
52999 53000 16830 11281 
10898 4
52776 52780 16611 10238 
10860 4
52662 44133 28299 52664 
10794 4
7269 18960 23001 26077 
10755 4
23887 9078 32403 42691 
10685 4
52108 39834 2444 44244 
10630 4
51938 20485 51940 2198 
10553 4
51679 18601 51684 5388 
10540 4
51641 34766 13311 51643 
10423 4
51256 15259 45652 21912 
10402 4
51180 51181 730 41547 
10207 4
50537 39574 50541 50545 
10182 4
20687 48306 50467 35907 
10178 4
50455 18235 8338 40696 
10113 4
50220 632 33603 43830 
10060 4
50056 4854 50060 50061 
9932 4
49636 46221 6794 49640 
9895 4
49497 36487 43279 40513 
9850 4
49353 49354 18070 25749 
9842 4
49325 49326 49327 1962 
9838 4
49312 47868 44044 49313 
9814 4
49237 7511 648 48407 
9766 4
49084 49085 16057 20814 
9749 4
49025 49029 1833 49032 
9636 4
48643 48644 15392 24491 
9602 4
48525 35911 48526 45069 
9528 4
48271 35071 48272 48274 
9492 4
48149 45221 10340 19837 
9428 4
47932 47933 16255 47936 
9367 4
47720 47726 12733 27123 
9354 4
47682 47683 47685 24247 
9325 4
47574 21264 47577 38277 
9268 4
47372 2039 47374 40871 
9248 4
47298 47300 25853 9150 
9216 4
47187 47188 5783 19248 
9183 4
47065 20901 37050 18917 
9155 4
46969 32666 39201 10436 
9150 4
46954 639 46955 46956 
9126 4
46865 11323 7884 46871 
9115 4
46824 46830 28193 46831 
9067 4
46660 46665 46666 18318 
8945 4
46220 31001 22428 39721 
8841 4
45826 40977 22178 28413 
8798 4
45684 36963 45686 11972 
8776 4
45604 45605 13541 36407 
8702 4
45317 45318 45319 32596 
8696 4
45292 43475 45296 45297 
8627 4
45026 31639 22491 28341 
8438 4
44315 7041 44316 44317 
8432 4
44292 44294 36566 14492 
8424 4
42319 44268 41679 44269 
8422 4
44261 44262 44264 39289 
8400 4
44178 24213 24294 29611 
8299 4
43763 25388 43771 8906 
8250 4
43584 6162 4294 40008 
8190 4
43345 24433 3848 39131 
8126 4
43085 7594 28276 43087 
8102 4
42993 41942 9609 10136 
8022 4
42672 39164 21777 42675 
7992 4
42542 42544 9409 42545 
7982 4
42501 17090 19727 33433 
7923 4
42273 17846 42278 42280 
7891 4
42147 5517 42155 4630 
7840 4
41938 41150 37049 35103 
7813 4
41826 10740 25069 41832 
7794 4
41746 41747 10190 41751 
7746 4
41560 41561 41562 41566 
7694 4
41351 19127 41356 41357 
7670 4
41253 41256 41257 41258 
7654 4
41187 41188 28457 6127 
7590 4
40939 40940 28354 6492 
7528 4
40684 16210 40685 40546 
7501 4
40576 40578 40579 40584 
7402 4
40165 40166 40167 40171 
7365 4
40021 8791 40029 37192 
7216 4
39405 39406 22541 38559 
7156 4
13989 39169 39170 19799 
7147 4
39130 7299 39137 39138 
7109 4
38976 38980 38983 25397 
7077 4
38843 38848 38849 1399 
7062 4
38782 4957 30890 38785 
7035 4
38656 21425 38662 38663 
7028 4
38629 2008 27526 38633 
7010 4
38548 20439 1881 38551 
6920 4
38147 38149 8868 38151 
6909 4
38098 5565 38103 38104 
6867 4
37907 37910 37913 24744 
6828 4
37734 37737 37738 37739 
6786 4
37543 3078 37545 37547 
6743 4
37338 27369 37346 12377 
6709 4
37193 37197 12568 23946 
6693 4
37121 37128 8347 37132 
6611 4
36758 12230 36765 18238 
6602 4
36722 28310 36725 1909 
6599 4
36703 34295 36710 32200 
6575 4
36602 36605 36607 18712 
6538 4
36440 33797 36442 36443 
6410 4
35862 35863 35864 35865 
6338 4
35542 18273 25319 3060 
6316 4
35451 35452 35453 35454 
6266 4
35230 35232 25511 35234 
6254 4
35178 35181 30514 35182 
6137 4
34679 34682 34684 32565 
6131 4
34651 34654 34655 22550 
6117 4
34578 10384 34585 34586 
6090 4
34458 21124 7314 22066 
6048 4
34271 33000 34273 16063 
6027 4
34176 22586 34183 13802 
6004 4
34066 34067 20546 34069 
5993 4
34012 34018 34019 34020 
5952 4
33841 16770 33844 33846 
5940 4
33782 30561 33786 33787 
5927 4
33714 33719 33370 33721 
5883 4
33504 33513 32465 33514 
5805 4
33129 21762 33137 33138 
5658 4
32446 22626 32449 32450 
5616 4
32232 32236 32237 32238 
5537 4
31863 31868 3801 31873 
5514 4
31751 31752 31753 12546 
5455 4
31478 4506 31486 31488 
5396 4
31201 31202 28259 31206 
5343 4
30933 30938 30941 15860 
5339 4
30913 30917 30918 23275 
5286 4
30669 20565 15838 23087 
5212 4
30300 28659 4167 30301 
5201 4
30245 10989 28752 30251 
5189 4
30183 13411 30189 7551 
5185 4
30168 30173 8387 30175 
5028 4
29383 25398 26997 29385 
4948 4
28994 4509 28998 28999 
4922 4
28864 28865 28866 28868 
4905 4
28770 28772 28774 813 
4808 4
28302 28305 28306 28307 
4783 4
28168 22591 28172 8469 
4767 4
28101 14421 28107 22852 
4725 4
27897 25599 27902 27905 
4714 4
27855 1797 4783 27856 
4695 4
27761 27767 1250 27769 
4649 4
27524 27528 9339 27532 
4643 4
27489 27497 8586 27498 
4622 4
27381 27382 27383 27385 
4607 4
27301 27308 14408 27311 
4556 4
27044 27047 11860 27048 
4552 4
27026 27027 27029 27030 
4499 4
26767 23950 2421 26774 
4400 4
26260 8641 26261 26262 
4279 4
25616 25621 25626 25627 
4238 4
25413 4468 25417 25419 
4160 4
25022 19238 561 9566 
4151 4
24966 19620 24970 24972 
4144 4
24937 24938 18059 24940 
4054 4
24454 24456 24459 24463 
4010 4
24231 24232 24233 24234 
4009 4
24219 24227 24228 24230 
3998 4
24166 24167 24168 15955 
3988 4
24110 24111 21205 24116 
3970 4
24021 631 18667 24023 
3921 4
23760 23763 23765 23768 
3902 4
23669 23670 15653 23675 
3875 4
23518 23526 23528 5901 
3873 4
23511 7443 7050 4919 
3865 4
23465 23473 23476 23477 
3800 4
23138 23140 23141 23145 
3744 4
22831 22832 22833 5559 
3700 4
22594 22595 22598 22599 
3575 4
21898 21906 21907 11422 
3548 4
21765 21771 14586 21773 
3509 4
21550 10099 8677 21557 
3366 4
20768 20770 20771 20772 
3342 4
20632 20633 20638 20639 
3278 4
20290 20291 18638 20294 
3219 4
19956 19961 19962 19963 
3118 4
19396 19397 19398 19399 
3016 4
18816 18817 10856 15825 
3014 4
18806 18807 14918 18810 
2984 4
18640 18642 18645 18646 
2967 4
18542 6641 18550 15786 
2840 4
17824 17827 17828 17830 
2822 4
17722 17723 17727 17729 
2792 4
17557 17560 15804 17563 
2651 4
16731 16736 16738 16740 
2602 4
16465 6739 16468 16472 
2591 4
16391 16401 16402 3675 
2586 4
16372 16373 16374 8436 
2528 4
16047 16049 16050 16052 
2526 4
16035 16039 4204 16041 
2409 4
15330 15331 11635 15333 
2380 4
15153 15157 15158 15161 
2363 4
15055 15056 15058 15059 
2282 4
14564 14565 14567 8154 
2220 4
14188 14190 14191 14195 
2216 4
14162 14164 14166 14168 
2165 4
13852 13857 13859 13860 
2040 4
13129 13130 11911 12281 
2026 4
13044 13047 13048 1478 
1861 4
12034 12043 12045 12046 
1824 4
11813 11814 11816 11820 
1810 4
11732 11736 11737 11738 
1797 4
11648 11655 11659 11660 
1689 4
10988 10996 10997 10999 
1637 4
10666 10676 10677 10678 
1559 4
10204 10212 6507 10214 
1533 4
10046 2419 10051 10055 
1466 4
9629 9631 9633 9635 
1444 4
9490 9493 9494 9495 
1426 4
9383 9385 9387 9391 
1363 4
8973 8981 8984 8985 
1292 4
8527 8528 8532 8533 
1275 4
8415 8422 8423 8424 
1256 4
8297 8298 8299 8303 
1213 4
8020 8026 8029 8030 
1160 4
7683 7686 7687 7688 
1086 4
7215 7216 7217 7218 
1069 4
7097 7103 7106 7107 
1002 4
6671 6673 6674 6675 
964 4
6422 6423 6424 6430 
854 4
5694 5696 5698 5699 
812 4
5415 5416 5417 5418 
796 4
5311 5312 5313 5317 
576 4
3865 3866 3867 3868 
552 4
3711 3712 3714 3716 
551 4
3697 3705 3706 3707 
531 4
3562 3568 3570 3141 
447 4
3010 3017 3019 3020 
437 4
2943 2950 2952 2953 
420 4
2834 2835 2837 2838 
413 4
2780 2788 2790 2791 
365 4
2462 2470 2473 2474 
345 4
2329 2340 2341 2342 
257 4
1740 1746 1748 1752 
218 4
1485 1487 1488 1489 
215 4
1459 1464 1465 1468 
69 4
469 477 478 479 
29960 3
78580 53332 53064 
29897 3
78548 51012 62595 
29891 3
74076 39343 72078 
29876 3
72328 13783 71118 
29874 3
78537 28415 7352 
29872 3
78536 30078 63113 
29853 3
78526 74385 64367 
29833 3
78516 405 2969 
29802 3
51936 61190 65324 
29791 3
78495 26650 55472 
29788 3
47470 51748 50204 
29773 3
78486 77094 65899 
29712 3
49262 45516 46921 
29707 3
78453 55063 26134 
29698 3
78449 74430 23976 
29635 3
66295 1718 49591 
29589 3
78394 68368 49840 
29553 3
78376 59953 60654 
29542 3
78371 75642 42450 
29508 3
78354 65553 19180 
29505 3
78352 34185 61187 
29475 3
78337 39430 63414 
29468 3
78334 21239 48336 
29434 3
78317 65052 31535 
29430 3
54207 49829 48961 
29427 3
63392 75517 9071 
29408 3
78304 51254 63107 
29393 3
31051 59827 57462 
29363 3
78281 23746 3554 
29349 3
78274 66152 34489 
29344 3
78271 15432 73253 
29339 3
78268 35691 75285 
29321 3
78259 73472 15832 
29254 3
78226 74917 69301 
29245 3
78221 22623 22912 
29230 3
78214 118 9502 
29215 3
78206 76099 5821 
29207 3
78202 68331 5328 
29199 3
78198 73260 11372 
29153 3
7123 4062 24020 
29068 3
54570 74722 7520 
29045 3
78121 14972 65418 
28958 3
78078 41901 20072 
28899 3
78048 40892 57088 
28886 3
78042 55319 42671 
28859 3
8428 23740 41643 
28800 3
77999 20496 37330 
28798 3
77998 49675 17485 
28796 3
77997 59402 22519 
28723 3
77959 16221 21266 
28686 3
77941 55866 51052 
28679 3
77937 6479 46485 
28668 3
77932 4196 35994 
28661 3
16658 59394 66462 
28619 3
77905 45621 18041 
28613 3
77902 22849 33334 
28596 3
77894 56045 51329 
28573 3
77882 55813 49712 
28571 3
77881 67983 77174 
28545 3
77868 29487 40889 
28520 3
77856 50501 47511 
28519 3
77855 6833 24068 
28510 3
77851 6521 15445 
28496 3
77844 63560 16214 
28471 3
77830 30467 75160 
28411 3
77798 47059 64212 
28352 3
33506 18867 6623 
28299 3
10183 14961 7878 
28281 3
77732 69931 67872 
28273 3
77728 5650 3035 
28237 3
77710 47768 63019 
28220 3
77700 64328 51470 
28216 3
77698 62493 5269 
28202 3
77691 64867 22982 
28148 3
57378 23514 30282 
28124 3
27477 241 5187 
28123 3
77650 49194 43108 
28101 3
77639 71749 42219 
28097 3
77637 5144 17318 
28035 3
77604 37401 4019 
28014 3
77594 37279 68737 
28013 3
77593 302 33014 
27968 3
77571 57857 72251 
27963 3
77568 33919 8587 
27944 3
77558 61483 40409 
27927 3
77549 48747 62770 
27916 3
77544 25654 61856 
27874 3
77522 58870 1711 
27854 3
49974 68461 73496 
27849 3
77508 66787 29317 
27832 3
77500 11556 49296 
27821 3
77494 41811 47715 
27816 3
77491 62030 72027 
27799 3
77482 71100 54883 
27772 3
77469 49556 72420 
27761 3
77463 60784 20569 
27753 3
77459 15856 13296 
27748 3
77457 24708 53820 
27713 3
69921 12549 32477 
27700 3
71363 22354 50563 
27699 3
31097 53603 15480 
27694 3
77430 62745 36235 
27687 3
11243 13916 38372 
27679 3
77420 19680 17804 
27666 3
19146 77414 72388 
27642 3
77401 72325 68944 
27563 3
25595 41517 55789 
27516 3
73409 55070 59540 
27437 3
77286 14722 66605 
27410 3
77272 43281 39193 
27349 3
77238 12462 53141 
27305 3
77216 31175 56033 
27303 3
77215 2053 38188 
27273 3
77200 13442 51484 
27267 3
77196 61749 13223 
27241 3
77181 32812 50632 
27234 3
77178 8886 2778 
27184 3
77149 35669 76384 
27179 3
77144 33150 18350 
27158 3
20133 24914 40242 
27140 3
77123 55219 43166 
27098 3
77102 29694 11742 
27089 3
77097 12984 44750 
27083 3
77093 7783 22419 
27003 3
77050 56251 73333 
26971 3
77030 77031 17716 
26951 3
77020 50853 37019 
26941 3
77014 20399 71413 
26895 3
76987 60664 70105 
26852 3
19862 34042 32227 
26807 3
76934 17294 1170 
26769 3
76909 62160 59283 
26743 3
76895 66300 49887 
26728 3
76887 13776 28517 
26713 3
45142 47928 25546 
26703 3
76871 16141 54644 
26661 3
76847 6342 27091 
26651 3
76840 62734 46583 
26645 3
76836 67710 11504 
26640 3
76834 13660 57478 
26637 3
76832 26172 62875 
26632 3
76830 52878 20412 
26628 3
76828 32956 68818 
26612 3
76820 20413 43468 
26575 3
76798 27599 32228 
26569 3
76795 23626 30782 
26554 3
76788 7924 16300 
26527 3
76774 20371 71072 
26513 3
76765 72726 71977 
26492 3
76754 16577 31027 
26491 3
76753 49108 5349 
26465 3
76738 64807 25837 
26423 3
76711 50604 60633 
26396 3
34624 57010 61454 
26391 3
40741 42564 63702 
26344 3
76667 44631 24831 
26314 3
76650 16969 29995 
26300 3
59776 48102 21476 
26299 3
76641 27959 64190 
26280 3
76630 31011 4242 
26276 3
76628 74246 71585 
26260 3
19333 47978 62354 
26238 3
76603 34947 70594 
26232 3
76600 10139 68071 
26212 3
76588 75568 30166 
26203 3
76583 7882 69074 
26187 3
76573 46672 58469 
26185 3
76570 22733 21126 
26181 3
76568 17421 63588 
26129 3
76537 60250 55521 
26065 3
76498 34987 34179 
26000 3
76459 9871 38904 
25991 3
76451 91 76453 
25927 3
76413 74829 59364 
25920 3
76410 47548 58813 
25845 3
39118 26497 25803 
25830 3
76354 30287 38894 
25814 3
76343 55821 62526 
25780 3
76320 16777 70865 
25771 3
52085 74074 26771 
25763 3
76308 16450 14858 
25712 3
47677 54896 55571 
25702 3
76275 58525 65215 
25672 3
4387 51545 21719 
25646 3
76233 74679 9093 
25621 3
76212 22578 66518 
25616 3
23816 64001 16512 
25612 3
76207 5258 63598 
25596 3
76197 53802 44680 
25588 3
76193 56906 19395 
25587 3
76192 58422 32545 
25523 3
76155 19200 18833 
25469 3
76121 37340 51095 
25448 3
76109 73750 16629 
25327 3
76025 60919 14012 
25298 3
76008 76009 30694 
25277 3
75991 67795 71583 
25205 3
75941 56746 28594 
25156 3
75911 1675 17617 
25141 3
75901 38205 8090 
25135 3
1351 39208 56688 
25124 3
75890 36593 14948 
25067 3
15132 43947 69679 
25064 3
75844 11723 64578 
25063 3
75843 43623 66536 
25051 3
75834 58442 63965 
24984 3
75788 28516 7477 
24969 3
75775 65238 41129 
24944 3
75759 41461 60182 
24929 3
75748 3293 40532 
24853 3
75696 44482 64225 
24798 3
75657 13977 64914 
24717 3
75599 18191 71516 
24715 3
75598 31605 72803 
24661 3
75563 46737 72123 
24640 3
75549 72589 75550 
24599 3
16518 20904 56508 
24591 3
75519 11016 28565 
24572 3
75501 21379 33087 
24520 3
75465 32281 45409 
24450 3
75414 45930 69399 
24427 3
57640 54543 34162 
24394 3
55418 69541 51960 
24370 3
40670 45397 52706 
24344 3
75344 31566 73415 
24281 3
75299 3775 51255 
24216 3
75256 23323 18875 
24207 3
75249 21301 43205 
24129 3
5729 44860 75193 
24119 3
75182 57360 52349 
24100 3
75169 69578 8414 
24095 3
75163 37819 69916 
24070 3
18918 20236 63162 
24035 3
75121 42393 22919 
24033 3
75119 39537 60417 
23945 3
75057 10176 73624 
23881 3
25494 65872 59066 
23873 3
51350 33419 25672 
23828 3
74965 53251 62620 
23796 3
8627 40024 3817 
23774 3
74926 50625 11646 
23768 3
74923 15224 12179 
23760 3
74919 45603 64506 
23713 3
74877 61098 25586 
23710 3
74876 41144 58257 
23684 3
74854 52233 69408 
23682 3
74852 4182 15815 
23677 3
74845 32162 22494 
23649 3
74821 21852 62416 
23558 3
1490 58844 25946 
23550 3
74745 48328 225 
23482 3
74694 5334 74695 
23451 3
74670 71606 68515 
23443 3
74663 64808 2989 
23421 3
74645 53238 30988 
23385 3
74619 59124 29614 
23382 3
74618 19095 30897 
23334 3
74583 57031 59526 
23301 3
74558 51269 44651 
23291 3
74552 6360 19553 
23178 3
74456 58252 62741 
23168 3
74449 9415 28680 
23158 3
74440 23047 38869 
23153 3
74436 21377 7649 
23077 3
53658 6143 68828 
22979 3
74293 7192 66018 
22964 3
16889 51834 46332 
22941 3
74257 63122 61948 
22918 3
74239 55001 10062 
22912 3
74233 39012 19266 
22910 3
48962 47568 65404 
22838 3
74172 17612 50783 
22832 3
74166 45448 68067 
22804 3
43099 73013 31450 
22760 3
74105 34640 65089 
22746 3
8952 50704 70495 
22662 3
74017 7857 66722 
22638 3
73994 60968 73995 
22596 3
73943 14109 16251 
22595 3
52867 43011 31281 
22581 3
73928 73931 69032 
22550 3
73900 73901 70754 
22533 3
73882 73444 20729 
22522 3
73873 31608 35464 
22474 3
73832 30350 33209 
22431 3
15163 41008 59814 
22425 3
73789 73790 56656 
22395 3
73761 73763 45827 
22345 3
73726 73590 16157 
22292 3
73684 46798 50323 
22266 3
73658 73616 39538 
22265 3
73656 38770 46055 
22212 3
73604 3493 73605 
22188 3
73576 73577 56874 
22084 3
73476 43237 1552 
22059 3
73449 56397 37454 
22012 3
73399 31479 47501 
22004 3
72117 65028 61444 
21997 3
73385 59388 57824 
21955 3
73341 59699 59036 
21939 3
73322 32360 21686 
21933 3
38308 22227 33909 
21926 3
73314 3236 49042 
21922 3
73312 49429 35917 
21911 3
73299 73301 22531 
21887 3
73277 19075 54337 
21836 3
73227 4816 48617 
21823 3
73213 27367 47197 
21803 3
73191 11273 18148 
21787 3
73177 14574 13043 
21690 3
73077 56640 57238 
21661 3
73045 71681 28350 
21654 3
73038 44826 73039 
21623 3
73004 60966 22760 
21603 3
72985 43670 34399 
21601 3
72984 13853 70141 
21591 3
72974 72975 34590 
21578 3
29875 44866 14990 
21540 3
18585 6687 68546 
21502 3
60281 27954 897 
21500 3
64093 72384 39757 
21485 3
72849 9192 69617 
21448 3
72816 68132 64884 
21424 3
72791 70884 30130 
21392 3
28443 12882 24998 
21347 3
28442 59869 69767 
21326 3
72682 57426 34790 
21310 3
72667 70020 32651 
21290 3
72650 55048 13165 
21171 3
72518 50139 12857 
21162 3
72512 65282 26810 
21147 3
72490 56736 55109 
21128 3
72476 44761 16691 
21091 3
72435 43562 6149 
21085 3
72426 20280 13528 
21070 3
72410 55040 22115 
20996 3
72323 6711 1919 
20990 3
72319 38723 41672 
20957 3
72279 4923 30644 
20924 3
72246 69572 39981 
20899 3
72220 49140 62016 
20888 3
10816 6972 25784 
20861 3
72181 45541 59973 
20843 3
72162 25612 24903 
20820 3
1885 61234 72135 
20817 3
72131 44567 20491 
20811 3
10278 4613 18130 
20748 3
72061 57746 1864 
20742 3
72053 72054 54955 
20721 3
72021 58485 72023 
20659 3
71945 64348 52740 
20642 3
71929 25505 65617 
20579 3
71853 36369 61931 
20541 3
71810 37106 38692 
20539 3
71808 11223 30789 
20521 3
71792 2450 20314 
20481 3
71750 16756 51860 
20433 3
71687 4808 60597 
20382 3
36056 56116 45641 
20317 3
71568 27257 38322 
20291 3
71534 60694 13671 
20256 3
71493 70457 19403 
20244 3
71479 37362 28260 
20211 3
71441 37518 61756 
20112 3
71325 62423 1731 
20071 3
71278 71280 29848 
20035 3
71235 71237 69403 
20010 3
71202 17568 66601 
19953 3
71140 12234 60021 
19950 3
71138 1515 5468 
19941 3
71128 41329 43653 
19926 3
71112 1403 28295 
19903 3
71086 14698 69394 
19889 3
57336 60669 10305 
19819 3
70979 50538 65764 
19813 3
28985 64782 66122 
19761 3
70912 45231 19340 
19736 3
27156 67160 21648 
19729 3
70871 59682 10479 
19689 3
70825 70827 42175 
19653 3
52691 69070 31857 
19608 3
70727 43100 70728 
19574 3
70675 49693 58592 
19552 3
70644 28869 42289 
19522 3
70611 13928 62484 
19514 3
70599 64290 5789 
19457 3
70527 16066 56869 
19454 3
25086 52318 25583 
19403 3
70456 19065 25638 
19351 3
70398 21241 12732 
19312 3
70360 14920 28240 
19259 3
1297 35197 27965 
19249 3
62940 40927 63341 
19231 3
70269 60235 47104 
19118 3
70115 24341 822 
19104 3
70095 52382 70096 
19101 3
70086 58025 49218 
19088 3
70065 45327 33445 
19069 3
70036 45333 1585 
19060 3
70028 12670 17645 
19053 3
70019 15448 18899 
19046 3
70009 42255 964 
18998 3
69947 59837 28337 
18981 3
69910 58251 66704 
18973 3
69897 59967 69900 
18963 3
69886 1184 40097 
18950 3
69873 9515 6056 
18883 3
69770 246 69771 
18876 3
69764 53459 47157 
18867 3
69758 12827 25230 
18829 3
69711 844 63196 
18826 3
69709 67006 42686 
18822 3
69703 57924 20584 
18814 3
69694 61201 20125 
18809 3
69684 2236 69686 
18800 3
69676 23678 69678 
18783 3
29905 43696 29072 
18754 3
62739 1723 15403 
18725 3
69575 63585 45613 
18708 3
69557 47509 15902 
18638 3
69454 62567 14968 
18623 3
69431 41099 69432 
18600 3
69396 48125 54137 
18590 3
49065 35244 48943 
18537 3
69314 28381 21455 
18497 3
69256 69258 10897 
18477 3
69230 42098 44561 
18467 3
1709 56352 56266 
18387 3
69107 64539 12244 
18367 3
69081 9398 49093 
18337 3
69043 38262 40688 
18328 3
69031 56176 51105 
18264 3
68934 41007 40200 
18255 3
68921 34395 68923 
18208 3
68848 33274 11292 
18203 3
68838 38508 68842 
18180 3
68810 66115 43853 
18150 3
68767 25192 66452 
18108 3
68704 51152 17997 
18045 3
68622 38787 68624 
17985 3
68533 68535 65131 
17983 3
68530 28544 68532 
17974 3
68518 57459 56114 
17899 3
68410 47861 47319 
17895 3
68401 36219 47498 
17878 3
68377 46538 55396 
17859 3
68345 12831 8842 
17852 3
17682 10004 13586 
17846 3
68323 51692 63564 
17744 3
68165 35997 50029 
17735 3
68153 5961 19736 
17718 3
68127 39798 47308 
17697 3
68094 22884 7572 
17694 3
68092 31147 25387 
17669 3
68049 17968 28155 
17653 3
68024 36454 21397 
17643 3
68004 31237 60369 
17622 3
67974 37923 57136 
17615 3
67959 57171 67962 
17547 3
67839 32567 22811 
17479 3
67733 15763 61513 
17383 3
67603 52496 60757 
17344 3
67540 67541 3922 
17320 3
67502 54115 58840 
17200 3
67332 1949 56338 
17173 3
67285 26859 42730 
17161 3
67270 41535 46561 
17126 3
52240 62735 33652 
16994 3
57985 24660 16046 
16972 3
66957 22967 50035 
16840 3
34008 28183 22155 
16803 3
66693 18398 2469 
16787 3
30881 60986 66672 
16770 3
66649 42853 30212 
16756 3
66633 15092 46542 
16729 3
66583 66585 43657 
16720 3
66566 66569 15395 
16691 3
66514 61012 65300 
16684 3
66501 15536 60181 
16680 3
29595 35259 24504 
16586 3
66326 66327 17946 
16568 3
66301 20983 51851 
16561 3
66281 593 46884 
16545 3
66254 57524 35064 
16537 3
66242 54150 26094 
16502 3
66171 41344 66173 
16484 3
38160 59002 66145 
16474 3
66126 50404 10708 
16424 3
66025 52853 62898 
16413 3
66001 37004 54054 
16404 3
65984 42701 25121 
16380 3
65941 50232 61723 
16366 3
65916 65917 65918 
16330 3
65851 65852 65853 
16272 3
65754 34293 33233 
16254 3
65726 33824 39913 
16252 3
51632 14536 61791 
16227 3
65666 31732 65670 
16222 3
65654 56083 36820 
16195 3
27551 32800 65601 
16187 3
65579 5626 44818 
16160 3
65528 1865 22349 
16053 3
65308 65312 65313 
16025 3
65252 64041 21677 
16011 3
65222 56674 26277 
15963 3
65140 19976 65142 
15947 3
65117 45320 41235 
15893 3
65017 50652 3335 
15879 3
64991 38113 35567 
15857 3
64950 9284 7954 
15845 3
64924 64926 32496 
15811 3
64866 4490 43252 
15807 3
39970 28073 19744 
15788 3
64822 64823 64824 
15663 3
15063 640 1786 
15657 3
64569 42875 5200 
15613 3
64482 35459 7376 
15599 3
64456 52007 5930 
15549 3
64357 12716 31397 
15498 3
64260 9425 2176 
15490 3
54710 3790 64245 
15480 3
64221 6171 56238 
15444 3
64147 64149 24315 
15424 3
64109 58793 61285 
15361 3
63969 63972 63973 
15359 3
63963 39153 51645 
15348 3
63938 63939 55032 
15341 3
18231 35779 44189 
15291 3
20434 30551 7289 
15288 3
63808 51787 20601 
15265 3
63767 35062 42151 
15209 3
63645 22223 3810 
15193 3
63614 63616 30800 
15189 3
63607 44094 63610 
15161 3
63546 33278 21251 
15101 3
63427 63428 63429 
15010 3
30672 56370 29061 
14950 3
63114 63118 49483 
14919 3
63052 50027 4232 
14916 3
63048 2796 5502 
14909 3
63026 59997 63031 
14880 3
11841 55202 44967 
14879 3
45117 44678 14319 
14855 3
62911 841 42769 
14845 3
62888 2904 62891 
14832 3
62862 62398 62865 
14831 3
62584 54224 62861 
14788 3
62763 62765 5004 
14737 3
62656 62657 62659 
14695 3
62569 979 30713 
14616 3
62396 14176 30990 
14605 3
62364 62368 62370 
14603 3
62357 62362 29907 
14572 3
62294 15038 55788 
14521 3
62167 53146 50754 
14511 3
62146 12024 16095 
14450 3
62008 60546 16695 
14448 3
62002 46492 26829 
14423 3
61947 28315 18959 
14327 3
61725 16599 61727 
14291 3
61641 41192 5350 
14289 3
61637 42248 42442 
14260 3
61570 1207 61572 
14244 3
34211 54813 51060 
14232 3
61506 30412 9393 
14216 3
19478 52991 20860 
14194 3
61432 31005 7190 
14182 3
61410 56980 54360 
14162 3
61366 29729 12991 
14138 3
61315 39453 61316 
14135 3
61305 30660 50281 
14104 3
51930 16425 61239 
14056 3
40178 32715 60887 
14045 3
61115 15540 14269 
14023 3
61057 31253 61064 
13973 3
60937 48207 9854 
13958 3
60903 53272 18250 
13947 3
60871 4047 48792 
13907 3
60786 60790 31946 
13894 3
13062 16303 54395 
13873 3
60711 60716 29382 
13827 3
60599 50953 49754 
13794 3
60533 29367 60534 
13751 3
60440 44434 14333 
13724 3
60386 53734 702 
13715 3
60361 52744 37748 
13624 3
60146 32713 60147 
13594 3
60067 52582 60069 
13582 3
60035 32155 60036 
13534 3
56890 19941 31750 
13475 3
37496 57698 16700 
13471 3
59770 59774 54806 
13428 3
59660 40577 8296 
13385 3
3880 14424 52489 
13365 3
59496 47360 22206 
13355 3
18717 47128 59477 
13352 3
59469 28582 59471 
13345 3
59449 41168 13597 
13332 3
59417 59418 48901 
13296 3
59321 39872 28091 
13262 3
59240 25401 59241 
13159 3
58984 42358 53636 
13148 3
58959 58960 47549 
13136 3
58928 58929 53827 
13109 3
58861 58866 58867 
13065 3
58747 15455 58751 
13059 3
58734 17059 58738 
13031 3
58656 58657 58658 
12986 3
58544 1059 58545 
12970 3
58506 46373 8413 
12950 3
58453 48686 26458 
12928 3
7426 29356 55409 
12915 3
58368 27827 58369 
12906 3
58346 29235 58350 
12852 3
58206 54758 58208 
12829 3
58152 560 58154 
12808 3
44958 13344 54857 
12764 3
57993 57994 44162 
12748 3
57950 17462 57954 
12742 3
57934 23893 57937 
12699 3
57836 18522 13659 
12696 3
57830 15342 57831 
12695 3
16197 54285 56919 
12692 3
57821 57822 57823 
12672 3
57765 21468 57767 
12601 3
57585 34893 55012 
12594 3
57573 43232 36918 
12560 3
20003 1901 6959 
12558 3
57495 50463 41822 
12534 3
57432 48465 44282 
12508 3
8098 18331 57376 
12478 3
57284 57286 52643 
12448 3
57203 32308 57204 
12434 3
57161 57163 33862 
12392 3
57052 57054 57035 
12368 3
56984 56987 30124 
12362 3
33616 12814 56968 
12334 3
56896 49147 31592 
12305 3
56809 6584 36339 
12291 3
56775 56779 56780 
12280 3
56749 24145 56752 
12250 3
56669 39076 36239 
12216 3
56586 56587 42046 
12185 3
56499 44986 26517 
12181 3
56479 38553 56483 
12171 3
56445 14954 24099 
12169 3
19827 2068 19282 
12047 3
56120 32351 45840 
12007 3
56002 56007 22879 
11974 3
5511 14585 55916 
11963 3
55885 26407 14739 
11943 3
55835 11197 791 
11910 3
55732 4715 55735 
11828 3
55514 14812 55516 
11821 3
55495 1283 22320 
11805 3
55451 49720 48758 
11661 3
55041 55045 44615 
11581 3
46204 47149 4424 
11557 3
54751 52165 54755 
11530 3
54681 42227 31717 
11482 3
54538 54142 9890 
11480 3
54533 46719 2334 
11444 3
54430 54431 4205 
11394 3
54288 54289 48137 
11385 3
54260 35359 54263 
11379 3
54239 54243 21270 
11334 3
54100 14118 54102 
11285 3
53955 21003 53960 
11251 3
53859 46849 53865 
11236 3
53816 2721 41481 
11198 3
53696 40064 19449 
11188 3
53663 35207 47341 
11187 3
53657 50735 46371 
11132 3
53495 53497 53498 
11081 3
53336 45304 53341 
11065 3
53288 53293 53294 
11027 3
53170 53172 53174 
10956 3
52953 52955 50560 
10924 3
52857 52859 43933 
10911 3
52813 52819 9072 
10882 3
52724 4563 52726 
10881 3
52719 38932 52721 
10876 3
52710 36394 48385 
10874 3
52702 52703 52705 
10862 3
52667 52668 35267 
10789 3
52422 50964 52427 
10761 3
52338 52341 52343 
10746 3
52298 4316 12754 
10744 3
52294 52296 29236 
10731 3
52255 39663 10526 
10728 3
52249 8021 42091 
10712 3
52198 19519 52202 
10686 3
52112 25294 7148 
10682 3
52101 31396 40495 
10673 3
7073 45291 22434 
10645 3
51986 51991 24074 
10639 3
51968 51971 51198 
10637 3
51966 51967 44372 
10609 3
51870 51874 51876 
10598 3
51838 2815 45489 
10479 3
51444 51450 46576 
10418 3
51241 47908 51244 
10398 3
51167 51168 51170 
10377 3
51082 485 51088 
10335 3
50954 21285 8262 
10331 3
50941 50944 50946 
10323 3
50915 32117 50919 
10309 3
50869 29650 46591 
10295 3
50817 22405 36161 
10278 3
50768 36850 50771 
10249 3
50663 18973 50670 
10240 3
50646 15798 30433 
10223 3
50590 2905 39668 
10221 3
50582 50588 41318 
10211 3
50552 37928 50556 
10136 3
50299 31219 36346 
10121 3
50244 25348 49780 
10102 3
50190 37528 50194 
10066 3
50073 31730 27634 
9975 3
49778 49781 6197 
9830 3
17178 30397 49289 
9797 3
49185 47000 32468 
9739 3
48997 21236 37710 
9737 3
6899 48995 48996 
9709 3
48885 42928 48891 
9671 3
48746 5682 48752 
9595 3
48501 24469 48505 
9587 3
48469 29630 34398 
9552 3
48358 35287 48361 
9546 3
48332 36760 48335 
9538 3
48303 6028 16416 
9534 3
48289 46613 1343 
9531 3
48277 48282 48283 
9527 3
48263 15126 48270 
9522 3
48244 48247 48250 
9509 3
46176 48201 36370 
9489 3
48132 48140 48141 
9465 3
48055 25174 48059 
9463 3
48048 48052 38242 
9369 3
47728 16856 47730 
9289 3
47446 41238 14784 
9162 3
46995 5013 30347 
9076 3
46696 5068 24484 
8925 3
46143 46150 46151 
8917 3
347 7023 46119 
8889 3
45998 46005 46006 
8871 3
45936 33380 42362 
8795 3
45671 8516 45677 
8788 3
45644 18173 43165 
8744 3
45480 45482 44817 
8665 3
45162 40274 45168 
8603 3
44930 21469 2541 
8578 3
44848 44851 34326 
8573 3
44831 29910 44833 
8566 3
44802 44803 33151 
8539 3
44700 44706 18558 
8518 3
44626 15296 44630 
8496 3
44530 7828 13552 
8484 3
44498 14631 7984 
8460 3
44401 44404 14912 
8396 3
32927 43775 30979 
8392 3
44150 44151 36166 
8389 3
44134 32516 44138 
8341 3
43943 31617 43952 
8317 3
43835 12845 43841 
8294 3
43746 21953 43748 
8291 3
43729 21248 43733 
8153 3
43195 43200 11447 
8133 3
43119 43120 2190 
8110 3
43022 43024 43026 
8071 3
42869 8634 14404 
7998 3
42567 42568 10841 
7979 3
42487 3337 17533 
7957 3
42402 42407 10237 
7907 3
42211 2223 39021 
7883 3
29348 42113 27412 
7823 3
41862 41868 41869 
7788 3
41729 19244 41733 
7729 3
41487 41493 41495 
7724 3
41470 17848 32579 
7687 3
41319 41323 19028 
7684 3
41310 41312 34170 
7618 3
41050 41053 21220 
7602 3
40996 12594 17083 
7582 3
40909 15750 6092 
7495 3
40548 40557 19428 
7431 3
40277 40283 40285 
7397 3
40146 40152 6989 
7332 3
39888 39890 39891 
7312 3
39809 39813 6957 
7297 3
39735 39743 37977 
7235 3
32907 28645 35192 
7224 3
39436 39438 20985 
7221 3
39420 39425 7960 
7144 3
39122 39124 25516 
7068 3
38807 38809 38721 
7055 3
38749 19064 32372 
7020 3
38593 38595 38301 
6978 3
38413 6252 25537 
6930 3
38196 12750 38198 
6926 3
38176 38178 38180 
6894 3
38029 38032 36590 
6888 3
38008 29416 33796 
6879 3
37965 37971 37972 
6872 3
37936 2578 37939 
6816 3
37686 37687 31791 
6790 3
37564 25090 37568 
6667 3
37003 37009 36434 
6626 3
36822 36823 27338 
6582 3
36637 4241 36638 
6555 3
36513 16430 9354 
6524 3
36379 2061 36383 
6500 3
36268 35170 36271 
6467 3
36108 36114 6119 
6455 3
36061 4855 36064 
6406 3
35839 24414 35845 
6405 3
35828 35838 8686 
6382 3
35738 35740 3889 
6365 3
35654 35656 35662 
6353 3
35602 3135 22453 
6268 3
35238 35239 35242 
6253 3
35168 8312 2843 
6232 3
35078 35079 35083 
6218 3
35014 35018 8748 
6211 3
34985 6029 34989 
6205 3
34963 34965 21154 
6190 3
34894 34896 17689 
6147 3
34722 34725 2033 
6087 3
34439 34444 34445 
6066 3
34351 24118 31799 
5977 3
33952 8512 33959 
5974 3
33942 33944 33945 
5951 3
33829 33835 33840 
5899 3
33582 33587 33589 
5894 3
33563 33564 17341 
5830 3
33257 33260 33261 
5824 3
33224 33228 33230 
5820 3
33201 33203 33204 
5815 3
33172 33179 33181 
5806 3
33139 33141 19694 
5791 3
33062 30748 3368 
5749 3
32867 32874 25021 
5737 3
32810 32818 29955 
5594 3
32135 32138 32139 
5581 3
32070 1799 19372 
5578 3
32058 32059 31611 
5564 3
31998 32000 32001 
5559 3
31969 31976 18419 
5545 3
31906 9524 16984 
5497 3
31669 31675 9775 
5439 3
31403 30718 31410 
5431 3
31363 31367 31370 
5428 3
31354 31355 13621 
5378 3
31111 29287 31114 
5349 3
30963 30967 30973 
5322 3
30843 8391 27727 
5312 3
30790 7475 30793 
5299 3
30732 3876 27234 
5257 3
30516 30525 4244 
5203 3
30253 30258 30260 
5173 3
30112 30116 22577 
5159 3
30047 30053 30056 
5149 3
29997 30003 5271 
5101 3
29751 23737 25140 
5073 3
29612 29617 28640 
5042 3
24910 29457 29459 
4976 3
29126 29128 29132 
4959 3
29043 25548 9404 
4953 3
29016 29021 11580 
4947 3
28983 28992 28993 
4942 3
28961 607 28964 
4938 3
28938 28943 1558 
4935 3
28918 28924 12156 
4925 3
28873 28875 4536 
4918 3
28841 28844 28847 
4860 3
28552 6880 28558 
4851 3
28500 28504 28506 
4844 3
28473 3154 28477 
4801 3
28257 5704 4357 
4787 3
28187 28196 3856 
4761 3
28070 28078 9406 
4707 3
27816 27823 27825 
4684 3
27716 27717 27719 
4656 3
27567 4998 27568 
4644 3
27499 27501 27503 
4633 3
27443 27445 27446 
4630 3
27420 27424 27426 
4604 3
27291 12629 27292 
4592 3
7184 15741 15274 
4582 3
27177 27182 27183 
4561 3
27060 14416 15655 
4531 3
26921 26927 7546 
4497 3
26757 26762 25243 
4467 3
26614 26619 26621 
4458 3
18002 26573 13379 
4453 3
26537 23078 26543 
4407 3
26298 14197 26300 
4382 3
26159 26160 26161 
4381 3
26151 2181 26158 
4372 3
26108 26110 26112 
4344 3
25948 25949 25951 
4202 3
25232 25233 13525 
4193 3
25176 25183 25185 
4012 3
24241 8146 24244 
3909 3
23699 6800 23704 
3828 3
23280 22503 1222 
3812 3
23196 18373 20665 
3808 3
23175 23179 23181 
3762 3
22931 22934 22936 
3708 3
22633 22634 22639 
3674 3
22445 7197 22449 
3670 3
22422 22423 13623 
3666 3
22398 22401 22402 
3641 3
22259 22269 22271 
3638 3
22249 22253 22254 
3546 3
21754 21758 21759 
3534 3
21687 21689 21692 
3488 3
21440 21442 21444 
3474 3
18821 21368 21004 
3466 3
21319 21320 15272 
3433 3
21133 21139 14325 
3362 3
20749 20750 20751 
3318 3
20505 2672 20507 
3308 3
20452 20454 20455 
3303 3
20417 20423 20426 
3281 3
20301 20308 14384 
3259 3
20170 20177 20180 
3249 3
20120 7069 20131 
3244 3
20097 20099 20100 
3212 3
19919 19920 19921 
3203 3
19867 19874 5883 
3157 3
19607 19614 19617 
3151 3
19576 19585 19586 
3084 3
19201 19206 19207 
3048 3
19003 3528 19007 
3039 3
18945 9334 7389 
3021 3
18841 18082 18851 
3019 3
18828 18838 18840 
2992 3
18688 18692 1831 
2980 3
18619 5446 18621 
2964 3
18529 18530 18531 
2960 3
18506 14155 6061 
2895 3
18125 18133 18134 
2881 3
18043 18054 18055 
2877 3
18020 18030 18032 
2812 3
17662 6725 17668 
2809 3
17641 8833 17650 
2802 3
17607 3447 17609 
2767 3
17405 17072 17417 
2731 3
17204 327 17215 
2684 3
16931 16935 16937 
2663 3
16801 2723 16808 
2638 3
16666 16667 16670 
2619 3
16556 16563 16564 
2568 3
16269 13759 16271 
2543 3
16129 16135 16137 
2513 3
15953 15958 15960 
2463 3
15651 15658 15660 
2452 3
15590 10810 15594 
2450 3
15578 15581 15582 
2442 3
15528 15531 15534 
2440 3
15516 15518 15520 
2410 3
15334 4943 15336 
2406 3
15309 6291 15315 
2327 3
14828 14837 14840 
2309 3
14718 14727 14730 
2305 3
14693 672 14701 
2302 3
14683 14684 14688 
2265 3
14457 14465 14467 
2248 3
14358 14359 14362 
2181 3
13947 13952 13956 
2118 3
13587 13590 13594 
2116 3
13575 13579 13581 
2088 3
13417 6770 13419 
2013 3
12960 12968 12973 
1985 3
12795 12800 12803 
1935 3
12491 12498 12499 
1842 3
11926 11930 11932 
1821 3
11795 11797 5155 
1791 3
11610 11617 11620 
1785 3
11575 4953 11586 
1744 3
11329 11333 1010 
1743 3
11319 10836 11325 
1732 3
11260 3443 11264 
1712 3
11141 11145 11146 
1646 3
10731 10734 10738 
1644 3
10717 10718 10722 
1629 3
10617 10626 10628 
1622 3
10583 10584 10586 
1615 3
10536 10542 501 
1610 3
10512 10513 10514 
1552 3
10168 10171 10174 
1524 3
9992 9994 9998 
1523 3
9980 9988 4215 
1374 3
9049 9050 9051 
1366 3
9000 4993 9006 
1360 3
8963 5621 8967 
1316 3
8687 8690 8693 
1288 3
8502 8505 8507 
1280 3
8453 8454 7027 
1209 3
7994 8002 8006 
1205 3
7969 7980 3117 
1140 3
7560 7561 7566 
1124 3
7459 7461 7462 
1111 3
7370 7381 7382 
1091 3
7240 7248 7252 
1074 3
7135 7136 7141 
1073 3
7122 7131 7133 
1067 3
7092 7095 7096 
1062 3
7058 7060 7062 
1049 3
6966 6975 6977 
1038 3
6905 3759 6909 
1014 3
6750 6753 6756 
1000 3
6657 6662 6663 
887 3
5908 5916 5918 
872 3
5812 5816 5818 
821 3
5469 5478 5482 
817 3
5442 5448 5452 
803 3
5351 5361 5362 
760 3
5082 5084 5085 
755 3
5043 2776 5053 
667 3
4466 4475 4477 
622 3
4173 4175 4177 
603 3
4041 4050 4052 
575 3
3851 3861 3862 
501 3
3370 3377 3379 
493 3
3317 3325 3329 
474 3
3203 3204 3205 
466 3
3145 3146 3147 
342 3
2317 2318 2322 
238 3
1620 1621 1622 
236 3
1607 1611 1613 
212 3
1445 1448 1450 
199 3
1349 1359 1361 
169 3
1148 1155 1159 
130 3
888 889 891 
105 3
711 722 723 
101 3
692 695 696 
91 3
616 624 629 
61 3
416 423 427 
11 3
80 81 83 
29985 3
78592 24774 46787 
29969 3
78584 56545 34064 
29923 3
78561 65199 25689 
29909 3
78554 58713 60528 
29900 3
78550 7010 1760 
29895 3
78547 55614 26636 
29784 3
78492 19432 70473 
29762 3
78481 56207 64451 
29758 3
78479 68179 4237 
29515 3
78357 69012 55304 
29465 3
78332 25191 33132 
29447 3
78323 41578 48647 
29429 3
78314 73973 29209 
29343 3
78270 75015 30747 
29337 3
78267 41120 45869 
29310 3
78254 9605 48553 
29288 3
78243 25582 47600 
29260 3
78229 48703 55675 
29233 3
78215 44760 52631 
29219 3
78208 69293 47988 
29202 3
78200 53060 6874 
29125 3
78161 58461 40383 
29079 3
78138 74340 73834 
29064 3
78131 12975 56938 
28977 3
78087 58391 28494 
28949 3
78073 48963 51655 
28936 3
55306 26212 68938 
28931 3
78064 29792 57665 
28805 3
78001 76315 64432 
28766 3
77982 59101 73805 
28714 3
77955 75515 57870 
28700 3
77948 70022 48235 
28665 3
77930 68255 34452 
28632 3
77913 65898 75181 
28620 3
65835 6431 31778 
28561 3
77876 72794 66582 
28504 3
77848 57516 53741 
28485 3
77838 40690 28095 
28460 3
77825 40609 48352 
28447 3
77817 77623 52013 
28434 3
77811 5293 21900 
28376 3
77781 27575 17241 
28345 3
77765 10141 76460 
28247 3
77715 22301 32159 
28218 3
77699 70044 26038 
28168 3
77673 10855 1195 
28143 3
27230 40560 16290 
28095 3
77636 66016 18485 
28077 3
77626 68897 9151 
28073 3
52109 6808 55098 
28058 3
37620 63101 41332 
28039 3
77606 70705 68881 
28032 3
77603 46354 34858 
28022 3
77598 26712 64805 
28020 3
77597 51550 16659 
28017 3
77595 16526 67390 
27936 3
23342 45657 17569 
27908 3
77540 18445 32757 
27887 3
77528 16168 39029 
27776 3
77471 6713 9625 
27703 3
77434 54866 73120 
27604 3
16508 12199 69853 
27600 3
77376 13255 47552 
27581 3
77366 47800 6746 
27575 3
77363 51913 16451 
27481 3
77313 49051 5937 
27447 3
77293 63205 64932 
27413 3
77273 48883 13521 
27399 3
77264 77265 53111 
27352 3
76634 76108 2820 
27350 3
77239 59329 35429 
27346 3
5251 70538 44283 
27338 3
77233 37386 45820 
27335 3
77231 50806 65825 
27323 3
77225 29954 76227 
27316 3
77222 37452 57073 
27226 3
77172 10249 65456 
27223 3
77170 53647 1098 
27199 3
77157 13164 18894 
27011 3
77054 11821 26404 
26993 3
77045 36591 27269 
26954 3
77022 63159 38343 
26952 3
77021 71180 35696 
26928 3
77008 35463 71698 
26917 3
43476 44019 75488 
26848 3
76955 12069 25804 
26839 3
76950 6545 74823 
26810 3
43690 26481 60949 
26805 3
76932 62761 1951 
26753 3
6930 74499 61872 
26621 3
76824 67080 61140 
26437 3
7982 75803 25917 
26406 3
1379 48043 66410 
26403 3
76700 36910 52303 
26377 3
76684 26379 58225 
26357 3
76674 72016 65630 
26331 3
46962 29115 56487 
26228 3
76598 62415 61490 
26088 3
76511 37166 43582 
26040 3
76482 31524 27155 
26038 3
76481 10125 75703 
25995 3
62466 42448 25539 
25951 3
76428 10698 41820 
25943 3
76422 38057 16062 
25901 3
76400 74132 17080 
25897 3
76398 64266 36645 
25886 3
76389 41696 90 
25873 3
76379 55792 12855 
25863 3
76374 48831 38953 
25853 3
76367 50922 44426 
25833 3
76355 11354 45500 
25827 3
76351 40488 27910 
25811 3
76340 70539 61046 
25741 3
76296 45126 34098 
25694 3
76270 69538 29202 
25659 3
76242 66405 19565 
25518 3
76153 21281 75857 
25491 3
76135 55459 49647 
25481 3
76129 48257 51075 
25434 3
76100 5211 8605 
25427 3
76093 63660 6130 
25405 3
76079 70654 55366 
25322 3
76023 55826 18409 
25202 3
75940 23658 57302 
25147 3
75905 32551 36085 
25145 3
75903 75904 75185 
25139 3
75899 42597 75510 
25097 3
75867 64497 57453 
24933 3
75752 10765 74969 
24931 3
75750 3967 5897 
24926 3
75747 48460 72193 
24837 3
57343 48516 73673 
24819 3
75673 50419 42980 
24786 3
75648 11203 33762 
24759 3
75629 75630 63615 
24703 3
75589 70213 2881 
24674 3
75573 67912 61327 
24629 3
75542 3524 28111 
24621 3
75537 31613 60815 
24568 3
75498 404 70137 
24530 3
75473 23540 67416 
24481 3
75437 75438 71341 
24464 3
75425 62837 14598 
24322 3
75328 1197 26142 
24256 3
75282 67242 29225 
24127 3
75190 68441 6216 
24114 3
75179 66967 8874 
24058 3
75135 66993 46691 
24025 3
75114 75115 37585 
23987 3
15443 66662 35993 
23973 3
75076 21426 2583 
23971 3
75074 12295 65736 
23954 3
75062 58091 12685 
23820 3
74958 53090 52919 
23808 3
74950 64 25471 
23745 3
60799 18502 68675 
23714 3
74879 72612 49229 
23698 3
11940 8914 39365 
23688 3
74857 13698 70843 
23626 3
74800 39763 71994 
23468 3
74684 64566 60488 
23419 3
74644 30462 46771 
23389 3
3393 56998 41755 
23341 3
74589 72208 74438 
23320 3
74575 54380 29430 
23245 3
74511 42947 63232 
23242 3
74510 73890 58695 
23160 3
74441 43096 56881 
23147 3
74431 21989 32615 
23138 3
74426 49297 30493 
23110 3
74404 68242 39681 
23091 3
74390 40986 5385 
23081 3
74381 16196 60014 
23053 3
74355 74356 64389 
23047 3
74350 69418 44455 
22983 3
74297 37143 45623 
22972 3
73093 23 13012 
22966 3
74279 29486 58008 
22935 3
74254 5636 19790 
22925 3
74243 74031 48760 
22870 3
74201 45306 6951 
22869 3
74197 60861 74200 
22812 3
74147 35354 43658 
22797 3
74134 4099 58167 
22781 3
39435 13261 12398 
22773 3
74115 16170 40954 
22765 3
74108 10610 65279 
22729 3
74071 12100 45883 
22607 3
73956 68469 46078 
22555 3
73906 55431 61969 
22497 3
73851 17731 13244 
22467 3
73824 68041 53485 
22378 3
73749 27557 55560 
22356 3
73734 56535 55756 
22338 3
73722 26643 38065 
22308 3
73699 54093 41744 
22210 3
73603 25074 28574 
22208 3
73601 58779 22299 
22176 3
73565 50417 5683 
22171 3
73560 5974 12059 
22165 3
73555 63251 68507 
22052 3
73442 73443 21502 
21934 3
73318 47968 19457 
21925 3
73313 59691 61389 
21916 3
73305 61271 15169 
21902 3
73294 60680 73295 
21846 3
73236 14444 21489 
21839 3
73229 69868 617 
21818 3
73209 58970 40704 
21811 3
73198 48663 57641 
21757 3
73143 68221 28756 
21705 3
73089 60416 73091 
21671 3
73052 39298 73053 
21509 3
72880 72882 19642 
21505 3
72874 19743 72876 
21477 3
72839 21162 53518 
21455 3
72823 72824 41650 
21375 3
72735 66046 52556 
21361 3
72721 6591 8606 
21359 3
72718 2235 42272 
21273 3
72633 39955 43314 
21262 3
72620 56697 4427 
21239 3
72587 66048 4865 
21133 3
72479 1535 27774 
21114 3
72461 7142 6003 
21057 3
72399 36945 62207 
21044 3
72379 7700 55721 
21034 3
72365 70715 72366 
20952 3
64726 43090 42952 
20921 3
72243 51262 33642 
20897 3
72218 50334 13039 
20872 3
72198 44528 9178 
20859 3
72180 29825 15901 
20849 3
72168 24664 50052 
20824 3
72139 62358 63943 
20759 3
72071 47966 72072 
20728 3
72032 9958 1658 
20711 3
72012 18200 15364 
20688 3
2742 61243 70585 
20647 3
71932 52399 6107 
20631 3
71919 55358 49949 
20605 3
21353 55469 71893 
20535 3
71805 49081 54029 
20522 3
71793 71794 21590 
20445 3
71702 47781 7955 
20335 3
71589 66206 52125 
20331 3
71586 7765 54372 
20310 3
71560 44965 9194 
20277 3
71518 8744 19797 
20275 3
71515 47476 66183 
20242 3
71478 25615 18943 
20213 3
71445 45640 64195 
20175 3
67441 67307 71402 
20149 3
71364 30076 21295 
20127 3
71339 13760 11490 
20103 3
10085 42228 71318 
20027 3
71226 61257 62872 
20018 3
71215 60353 33222 
19959 3
71145 8416 1757 
19948 3
71136 58736 51416 
19906 3
71089 12123 48672 
19869 3
71039 59453 14227 
19777 3
70935 29102 39683 
19749 3
67406 5666 46817 
19605 3
70719 45198 60963 
19505 3
70589 44297 69531 
19493 3
70575 3733 27223 
19478 3
70554 55106 70555 
19476 3
21848 68638 6842 
19413 3
70474 56612 48424 
19376 3
70427 66002 70428 
19346 3
70394 582 3116 
19341 3
70391 32132 57403 
19139 3
70142 43432 42054 
19050 3
70017 46661 49892 
19028 3
69986 11113 14808 
19026 3
69983 55746 68974 
18949 3
69870 51736 69872 
18901 3
69798 69801 11935 
18838 3
69728 37982 21043 
18818 3
69701 42583 59404 
18796 3
69669 65770 40644 
18747 3
69607 28947 42356 
18737 3
69594 15895 66500 
18599 3
69392 68367 37170 
18592 3
69385 12898 61987 
18563 3
69350 12773 20307 
18508 3
69274 30978 3217 
18499 3
69259 9312 49100 
18479 3
69232 69235 17792 
18455 3
69201 57266 66028 
18436 3
69178 46243 43010 
18434 3
69176 8763 30423 
18405 3
69134 33459 54398 
18351 3
69059 60749 52824 
18322 3
69019 50851 13177 
18293 3
68982 27631 5222 
18288 3
8246 42704 57820 
18233 3
68880 27192 63141 
18197 3
68827 61226 1096 
18102 3
68695 66635 61264 
18090 3
68682 57339 32311 
18086 3
68678 4006 51343 
18072 3
68659 42827 29394 
18008 3
68569 19356 67939 
17943 3
68471 45950 54303 
17896 3
68404 43001 59683 
17818 3
68284 23239 50159 
17799 3
68254 15846 8920 
17786 3
68232 50891 36966 
17782 3
68225 8816 64710 
17777 3
68215 45149 36665 
17670 3
68050 13941 12213 
17650 3
68017 36896 68020 
17628 3
67982 59413 20490 
17621 3
67970 67973 64011 
17617 3
67963 51630 9916 
17611 3
67950 37724 34202 
17590 3
67918 36485 16799 
17575 3
59844 67891 28000 
17562 3
67870 30753 38766 
17543 3
67833 28169 18481 
17502 3
67767 67768 57610 
17490 3
67747 59255 52396 
17476 3
67730 43939 36691 
17465 3
67709 53712 55928 
17411 3
67635 54881 6316 
17398 3
67620 30195 49302 
17324 3
67509 58906 16846 
17310 3
65831 13065 6321 
17295 3
38498 37149 66508 
17238 3
67392 56272 60695 
17220 3
67363 32276 18780 
17211 3
67348 47017 13757 
17151 3
67254 67256 59993 
17128 3
67217 67218 25014 
17011 3
67017 31210 25603 
16987 3
66979 1654 66981 
16929 3
66888 14931 50499 
16891 3
66826 35470 39110 
16882 3
66811 66812 66813 
16867 3
66794 57989 62040 
16827 3
66729 5120 29728 
16821 3
66719 20367 62441 
16735 3
66593 66596 50840 
16701 3
66532 46467 17892 
16656 3
66445 45298 53005 
16634 3
66411 49559 22275 
16600 3
66351 31268 66355 
16550 3
66265 62781 66267 
16543 3
66250 53016 50517 
16530 3
66230 40352 45360 
16527 3
66225 20595 33004 
16509 3
66187 66189 52178 
16501 3
66168 34898 64959 
16497 3
66162 47012 66165 
16478 3
66132 37367 66134 
16385 3
65946 9010 65951 
16231 3
65672 29447 55987 
16221 3
65651 33105 65653 
16080 3
65380 16998 37515 
16065 3
65337 10297 384 
15885 3
65001 49271 65003 
15863 3
64956 43796 29410 
15843 3
64921 62302 7664 
15816 3
64877 64879 7430 
15772 3
64793 64794 28595 
15743 3
64749 9859 64752 
15730 3
64719 58084 3634 
15685 3
64621 64623 64624 
15682 3
64618 33434 54872 
15523 3
64305 4798 44987 
15435 3
64126 43003 61770 
15426 3
13625 64113 2103 
15400 3
64060 2222 64061 
15371 3
63995 42955 62959 
15366 3
63986 42728 21434 
15345 3
63933 60120 25166 
15329 3
63901 53604 11460 
15314 3
63865 63866 5596 
15309 3
57351 63857 14300 
15230 3
63688 8055 40357 
15229 3
63686 18682 35974 
15200 3
63629 38182 62130 
15164 3
63554 58177 6313 
15119 3
63465 62152 41169 
15108 3
63440 35947 51382 
15093 3
63416 30026 41290 
15089 3
63409 47145 8047 
15059 3
63346 58030 62348 
15007 3
63233 12965 61521 
14942 3
63095 16343 8056 
14857 3
62918 5786 40100 
14680 3
62542 62545 3076 
14667 3
62512 22925 62515 
14562 3
62268 15784 25756 
14476 3
62074 62078 61583 
14471 3
62057 41467 56417 
14435 3
61974 9668 16439 
14418 3
61933 61935 61937 
14254 3
61557 2764 43877 
14247 3
61538 4220 5474 
14121 3
61275 61276 55320 
14046 3
61121 39780 61122 
14031 3
61085 13472 4164 
14013 3
61028 61030 61032 
13925 3
60832 24328 60833 
13844 3
53362 39326 2895 
13825 3
60596 60598 4515 
13792 3
12418 60530 3308 
13780 3
60496 42989 3180 
13754 3
38823 5740 15490 
13747 3
60431 2273 4595 
13721 3
60377 49752 3721 
13693 3
60308 47788 34016 
13652 3
60213 44644 10788 
13633 3
26828 29231 57904 
13620 3
41977 14417 34011 
13570 3
60009 60010 56473 
13553 3
59965 39231 11555 
13545 3
59948 44142 59950 
13496 3
59839 48329 46420 
13494 3
59831 26630 25647 
13400 3
59595 8383 17111 
13380 3
59541 8790 5828 
13379 3
59538 51312 330 
13300 3
59334 59337 59338 
13237 3
59174 59177 59178 
13178 3
59037 19167 48190 
13141 3
58937 12256 20878 
13135 3
58921 52189 58926 
12935 3
58415 31447 33006 
12933 3
40619 58414 51151 
12925 3
58389 539 42003 
12918 3
18012 2131 33165 
12897 3
58322 44312 56524 
12854 3
58210 10507 58213 
12821 3
58135 54162 51734 
12795 3
58070 34307 33454 
12715 3
57873 8491 50254 
12657 3
18722 9254 57727 
12639 3
57678 44912 57683 
12525 3
57410 57412 13713 
12492 3
57332 57334 43624 
12461 3
57234 21951 57240 
12455 3
57218 10622 19768 
12418 3
57118 49709 57121 
12347 3
56925 8811 56927 
12324 3
56863 42785 39883 
12237 3
56636 56637 38738 
12226 3
56613 38703 4637 
12191 3
56514 56515 56516 
12041 3
56103 26856 8406 
12039 3
56098 23605 14148 
11997 3
55974 7341 55978 
11965 3
55892 27601 54233 
11902 3
55713 15870 16992 
11881 3
55650 55652 18735 
11872 3
55626 43164 23392 
11867 3
55612 15359 46677 
11795 3
55421 54830 45990 
11764 3
30263 55335 55336 
11701 3
55154 3501 32456 
11694 3
55135 51997 26305 
11526 3
54674 25172 23878 
11502 3
54606 54607 41783 
11465 3
54481 38334 54487 
11301 3
53999 15072 9444 
11223 3
53766 19557 53769 
11123 3
53467 36293 53470 
11110 3
53425 50126 53429 
11012 3
53123 22506 53125 
10968 3
52987 52988 36007 
10827 3
52540 20337 20998 
10787 3
33963 4843 1775 
10691 3
52123 52128 9892 
10640 3
51975 41948 39830 
10546 3
51660 9077 51661 
10534 3
51619 49177 30858 
10522 3
51577 51578 42169 
10517 3
51564 32580 27113 
10392 3
51142 50664 14787 
10365 3
51045 51048 51049 
10352 3
51010 29558 51011 
10350 3
51001 50971 37771 
10325 3
50920 23040 33484 
10174 3
50442 37829 50444 
10157 3
50372 46377 50382 
10105 3
50200 42680 39044 
10094 3
50167 45721 14368 
10088 3
50148 50150 11410 
10018 3
49919 45262 38587 
9986 3
44611 24331 49808 
9958 3
49722 49724 38400 
9954 3
49705 45932 49706 
9931 3
49630 49634 8011 
9875 3
49436 49439 4552 
9864 3
49404 49405 9868 
9862 3
49398 49400 49401 
9825 3
49272 32675 14833 
9743 3
49009 15915 35332 
9716 3
48916 44338 48919 
9683 3
48793 42639 41362 
9665 3
48731 26906 3563 
9617 3
25136 40400 128 
9600 3
17469 48522 45007 
9507 3
48191 47354 39515 
9461 3
48039 12610 47309 
9390 3
47791 47796 42722 
9351 3
47669 47671 31141 
9332 3
47601 47602 47604 
9312 3
47535 47537 47538 
9253 3
47317 47324 10311 
9175 3
47035 47039 16982 
9158 3
46980 29735 2695 
9113 3
46818 44239 45530 
9070 3
46678 26754 43038 
9021 3
46497 29125 46501 
8934 3
46178 46183 46184 
8858 3
45887 34256 24486 
8819 3
45749 45756 20897 
8773 3
45588 45593 45596 
8724 3
45400 26173 45405 
8649 3
45108 45113 12012 
8633 3
45046 33394 45052 
8565 3
44795 37677 25076 
8527 3
44656 44659 43919 
8462 3
44407 32373 44409 
8347 3
43968 43974 26606 
8332 3
43904 43907 29075 
8310 3
43817 16144 33970 
8304 3
43787 43788 43793 
8285 3
43705 17595 34911 
8264 3
43633 43634 18076 
8215 3
43435 22177 37221 
8151 3
43189 43193 26072 
8123 3
43070 43073 43075 
8096 3
42971 42973 6556 
8088 3
42936 42938 42939 
8082 3
42910 42911 42912 
8010 3
42617 21175 42623 
7949 3
42370 34024 42374 
7892 3
42156 42158 42160 
7837 3
41919 41925 41926 
7756 3
41605 41610 35534 
7755 3
41595 36915 41604 
7715 3
41432 41439 31673 
7702 3
41388 41389 36865 
7597 3
40964 40967 40972 
7571 3
40863 2800 40866 
7452 3
40375 40376 40377 
7393 3
40130 40135 35087 
7344 3
39937 31664 3755 
7323 3
39845 39852 28487 
7279 3
39665 39670 39673 
7199 3
39342 39346 22053 
7135 3
39079 33221 39085 
6988 3
38454 38455 38457 
6981 3
38422 38426 12758 
6972 3
38381 38382 38384 
6945 3
38260 14913 23515 
6938 3
38231 38233 38234 
6913 3
38111 22194 38116 
6904 3
38073 38078 20864 
6871 3
37927 21594 2628 
6753 3
37388 37395 37399 
6676 3
37041 37047 9966 
6674 3
37032 37033 37034 
6668 3
37012 37014 37015 
6624 3
36813 36815 6777 
6562 3
29260 28576 36555 
6513 3
36320 36325 24107 
6428 3
35942 35943 34207 
6277 3
35268 35277 35278 
6263 3
35213 18447 29761 
6236 3
35097 2072 32674 
6101 3
34502 34510 34511 
6085 3
34430 34435 34437 
6083 3
34422 34427 34428 
6018 3
34139 34143 34145 
6014 3
34122 24537 34127 
5972 3
33931 33932 33934 
5932 3
33744 33746 3757 
5849 3
33347 20888 33355 
5836 3
33288 33292 28218 
5818 3
33191 15747 33198 
5765 3
32937 32941 25316 
5751 3
32877 31088 11761 
5730 3
32785 9593 414 
5712 3
32705 32708 32710 
5669 3
32495 25707 22866 
5663 3
32462 30236 32470 
5647 3
32385 32394 6433 
5577 3
32052 27264 16612 
5466 3
31536 7311 3494 
5460 3
31513 31514 23920 
5451 3
31459 11650 31466 
5345 3
30942 30950 10821 
5326 3
3888 30860 30862 
5305 3
30751 30758 24900 
5270 3
30586 30588 30590 
5254 3
30507 30508 30509 
5247 3
30466 30470 30473 
5215 3
30309 27339 9040 
5121 3
29857 29864 29868 
5074 3
29624 15894 29629 
4993 3
29206 29213 29215 
4932 3
28909 13747 28913 
4794 3
28227 28228 28229 
4790 3
28208 14255 28212 
4743 3
27982 27989 27991 
4710 3
27834 27836 27837 
4687 3
27726 27731 26657 
4646 3
27511 27513 27514 
4634 3
27447 27449 27453 
4574 3
27135 19487 21742 
4414 3
26333 26335 26336 
4387 3
26181 10303 26191 
4340 3
25928 25931 25934 
4220 3
25317 25320 25323 
4210 3
25270 25271 25272 
4098 3
24700 22225 24705 
4095 3
24676 24682 22755 
4005 3
24196 24200 24206 
3996 3
24156 24159 9987 
3972 3
24031 11518 24032 
3942 3
23880 6706 16200 
3935 3
23837 23843 23845 
3885 3
23570 4660 23576 
3881 3
23548 23553 23554 
3866 3
23478 23480 23485 
3842 3
23347 23350 23352 
3810 3
23186 23187 23188 
3796 3
23115 12591 17882 
3787 3
23060 23064 23067 
3710 3
22642 22643 22646 
3595 3
22008 12446 22017 
3580 3
21932 21936 21937 
3577 3
21908 21916 21918 
3524 3
21635 21637 21638 
3506 3
21541 21542 21543 
3491 3
21451 21458 21463 
3478 3
21388 21390 16217 
3404 3
20975 5936 20978 
3254 3
20152 20153 19213 
3235 3
20042 5026 440 
3172 3
19695 19698 19699 
3166 3
19665 19667 19669 
3164 3
19652 19654 19655 
3140 3
19520 19521 13899 
3106 3
19326 19327 19328 
3096 3
19273 19274 19278 
3071 3
19132 19137 15956 
3055 3
19035 19043 6534 
2994 3
1978 18700 18701 
2991 3
18676 10208 18685 
2987 3
18653 8376 7181 
2951 3
18450 18455 18457 
2945 3
18415 18425 18426 
2866 3
17961 17963 13458 
2709 3
17076 17085 17087 
2628 3
16613 16615 13347 
2605 3
16477 16486 16488 
2532 3
16068 16070 16071 
2522 3
16010 11336 16017 
2509 3
15925 15935 15937 
2487 3
15794 15799 13291 
2436 3
15491 15493 15496 
2423 3
15405 15413 15415 
2344 3
14933 6619 14934 
2306 3
14704 14706 14710 
2269 3
14480 14487 14489 
2259 3
14420 14429 14431 
2214 3
14149 14153 14154 
2211 3
14125 14134 14135 
2145 3
13733 13739 13745 
2080 3
13368 7407 13375 
2000 3
12891 12414 12896 
1957 3
12626 12635 12638 
1953 3
12604 12613 12614 
1942 3
12540 12543 12545 
1938 3
12516 12517 12523 
1899 3
12278 12279 12280 
1891 3
12221 12229 12231 
1881 3
12158 12164 12168 
1753 3
11379 11385 11388 
1720 3
11187 11189 6956 
1604 3
10480 10483 8699 
1602 3
10467 10473 10474 
1576 3
10312 10314 4933 
1561 3
10216 10225 10227 
1532 3
10047 10049 6169 
1515 3
9930 9938 9940 
1491 3
9784 9793 9794 
1430 3
9408 547 9413 
1425 3
9369 9380 9382 
1341 3
8839 8845 6330 
1330 3
8776 8781 8782 
1152 3
7636 7637 7638 
1102 3
7318 7320 7321 
1085 3
7202 7209 4354 
1025 3
6811 6816 6823 
987 3
6567 6578 6579 
978 3
6515 6518 6520 
939 3
6251 4979 6259 
851 3
5667 5678 5679 
733 3
4901 4912 4914 
638 3
4280 4282 142 
548 3
3685 3687 3689 
547 3
3671 3679 3681 
481 3
3239 3248 2372 
462 3
3118 3121 3123 
424 3
2861 2864 2865 
346 3
2343 2344 2345 
297 3
2011 2021 2023 
287 3
1945 1954 1956 
204 3
1391 1397 1398 
176 3
1202 1203 1206 
157 3
1066 1076 1078 
117 3
793 799 803 
14 3
98 99 102 
29988 2
78594 7111 
29964 2
78582 12951 
29907 2
78553 70758 
29896 2
43403 69322 
29871 2
78535 140 
29852 2
70987 61618 
29823 2
78511 67177 
29812 2
78506 17309 
29779 2
78489 53210 
29777 2
78488 69369 
29745 2
78472 58900 
29743 2
78471 39620 
29726 2
78463 55660 
29665 2
32802 73023 
29653 2
51196 60925 
29632 2
78416 32754 
29624 2
78412 73507 
29607 2
78403 70701 
29605 2
78402 21717 
29570 2
78385 60095 
29545 2
78372 75411 
29524 2
78362 20519 
29512 2
78356 59879 
29497 2
78348 4405 
29462 2
78331 45590 
29443 2
78321 71688 
29407 2
78303 11363 
29322 2
78260 61797 
29253 2
63956 76522 
29241 2
78219 16733 
29189 2
78193 55836 
29183 2
78190 71300 
29181 2
78189 9314 
29167 2
78182 5341 
29129 2
78163 58595 
29090 2
78144 14092 
29089 2
78143 58675 
29055 2
78126 15547 
29046 2
78122 71738 
29039 2
66711 11249 
29001 2
78099 54009 
28986 2
78092 21819 
28905 2
78051 31426 
28856 2
78027 43893 
28850 2
67722 14552 
28733 2
77965 1843 
28722 2
71611 13435 
28721 2
77958 70416 
28703 2
77949 57374 
28677 2
77936 39056 
28628 2
77911 10839 
28606 2
77899 50837 
28558 2
63739 6418 
28514 2
77853 6590 
28506 2
77849 38279 
28494 2
77843 50966 
28478 2
592 28055 
28462 2
48023 30485 
28431 2
57116 46766 
28427 2
77807 45916 
28418 2
59302 59529 
28336 2
77761 25411 
28310 2
77748 37859 
28240 2
77712 64088 
28228 2
77704 57083 
28132 2
77655 12142 
28065 2
77619 26413 
28047 2
77610 46811 
28043 2
77608 50888 
27953 2
56965 55840 
27941 2
77556 42559 
27932 2
77552 47060 
27885 2
77527 24667 
27864 2
14719 46053 
27848 2
33856 36142 
27759 2
73519 28022 
27752 2
16297 71717 
27719 2
57956 20692 
27705 2
14128 5652 
27616 2
77387 22086 
27529 2
54917 15647 
27503 2
77324 1001 
27484 2
77315 2173 
27473 2
40535 64005 
27471 2
77308 53762 
27463 2
77304 10452 
27408 2
77270 18868 
27375 2
77251 34633 
27315 2
77221 69734 
27289 2
77208 61588 
27270 2
77199 21271 
27266 2
8117 44747 
27240 2
74804 59546 
27229 2
77173 69425 
27206 2
27712 29696 
27205 2
76931 32090 
27156 2
77131 35639 
27130 2
77118 73670 
27122 2
77114 3013 
27113 2
77109 62853 
27095 2
77100 24845 
27064 2
77084 12682 
27042 2
29579 39028 
26936 2
48134 65475 
26920 2
40717 12495 
26888 2
76983 44913 
26880 2
26524 39444 
26828 2
76945 71547 
26809 2
75316 3130 
26745 2
76896 73514 
26716 2
76880 58990 
26711 2
76875 652 
26668 2
76515 63268 
26649 2
76839 17953 
26615 2
76821 25991 
26592 2
76807 55513 
26591 2
76806 46736 
26585 2
76803 72491 
26571 2
76796 67776 
26550 2
20781 7726 
26542 2
76782 40294 
26524 2
76773 76066 
26501 2
76759 14800 
26455 2
66288 15781 
26435 2
76718 44698 
26352 2
76671 35690 
26319 2
591 21952 
26305 2
76645 30850 
26291 2
11782 74813 
26284 2
24464 22628 
26240 2
76604 40613 
26223 2
76593 62505 
26164 2
76557 36117 
26160 2
76555 61613 
26146 2
51447 63248 
26117 2
76530 67917 
26098 2
76518 71371 
26060 2
76496 63573 
26028 2
76475 2304 
25940 2
37320 72947 
25932 2
35880 41095 
25893 2
76395 67923 
25868 2
76377 67555 
25867 2
15135 38915 
25795 2
76331 75120 
25785 2
76323 51121 
25727 2
76288 19168 
25670 2
76250 66618 
25657 2
76241 73953 
25650 2
76236 62112 
25631 2
76220 9698 
25620 2
70678 42791 
25605 2
76202 48211 
25603 2
76201 64323 
25594 2
70964 48480 
25559 2
76175 46504 
25545 2
76167 46429 
25529 2
76158 41837 
25509 2
76147 70118 
25429 2
35831 30000 
25418 2
76088 56205 
25398 2
34629 17259 
25393 2
76070 76072 
25374 2
76060 41665 
25372 2
76058 26101 
25344 2
76038 5323 
25334 2
76031 70176 
25310 2
76016 37740 
25294 2
29168 46847 
25293 2
76002 41615 
25284 2
75997 72405 
25279 2
75992 30693 
25257 2
75977 36183 
25255 2
52848 33339 
25209 2
75943 44321 
25186 2
63147 37469 
25057 2
46082 3738 
25050 2
39276 71333 
25048 2
75833 27759 
25010 2
75807 74068 
24959 2
72232 42457 
24941 2
75757 52855 
24938 2
75756 54083 
24893 2
75725 75726 
24879 2
65590 31548 
24869 2
75708 54175 
24845 2
40831 26282 
24835 2
75685 40111 
24811 2
7266 46257 
24760 2
32578 45392 
24757 2
75628 32863 
24745 2
75619 70205 
24739 2
75614 70826 
24683 2
75577 53398 
24669 2
75567 37778 
24653 2
40923 40633 
24639 2
75548 12627 
24566 2
21878 19927 
24529 2
75471 29691 
24517 2
75462 45107 
24495 2
75447 41998 
24488 2
75444 65882 
24471 2
54752 42148 
24434 2
75404 71211 
24432 2
51716 43150 
24410 2
45980 64352 
24383 2
75368 55547 
24320 2
75326 31087 
24309 2
75318 53932 
24269 2
29156 10382 
24251 2
75276 55440 
24241 2
75270 59055 
24176 2
75226 49260 
24166 2
75217 47051 
24160 2
75213 46326 
24112 2
75176 52474 
24079 2
75150 19227 
24077 2
75149 56396 
24075 2
75148 24986 
24069 2
75142 54174 
24040 2
75125 30639 
24008 2
75104 16727 
23996 2
75092 57925 
23991 2
75087 14601 
23952 2
60912 57214 
23939 2
75051 43674 
23871 2
74998 72815 
23860 2
74990 37817 
23853 2
74985 6749 
23841 2
74976 28184 
23838 2
71501 14374 
23807 2
74948 45125 
23783 2
74931 62011 
23757 2
74915 4782 
23736 2
74898 15589 
23731 2
74894 52524 
23700 2
74869 24955 
23651 2
74822 59495 
23629 2
74801 16474 
23585 2
74767 46248 
23563 2
74751 10696 
23552 2
74746 7182 
23523 2
74727 70180 
23517 2
74721 43693 
23512 2
65360 34907 
23486 2
74697 14764 
23473 2
38441 15308 
23455 2
74672 33581 
23453 2
74671 33239 
23384 2
32335 17524 
23373 2
74612 65737 
23354 2
30544 57217 
23353 2
23598 31023 
23309 2
30126 47148 
23295 2
74554 73512 
23287 2
74547 11457 
23283 2
74544 46146 
23263 2
74525 44377 
23199 2
58705 10504 
23131 2
74420 24310 
23067 2
74372 10908 
23063 2
74365 48236 
23032 2
40270 57226 
23031 2
74333 25149 
23023 2
74329 48297 
22968 2
74281 31848 
22960 2
74273 52227 
22957 2
74271 66243 
22892 2
74216 25543 
22876 2
74205 73462 
22841 2
74173 67941 
22825 2
74157 74158 
22807 2
74144 48509 
22782 2
55263 50189 
22756 2
51905 33929 
22732 2
74075 9922 
22665 2
74018 48712 
22651 2
74006 49555 
22637 2
46820 49823 
22627 2
73977 13550 
22619 2
73967 6571 
22552 2
73903 73904 
22549 2
73897 11381 
22544 2
73894 52542 
22529 2
24541 25735 
22505 2
73856 70435 
22503 2
65739 65278 
22492 2
73848 51071 
22476 2
12620 58149 
22453 2
73817 9778 
22443 2
37273 47232 
22427 2
73791 49056 
22419 2
73785 7618 
22417 2
73782 40118 
22413 2
42746 31543 
22380 2
73751 22278 
22365 2
73739 25310 
22358 2
21966 37769 
22354 2
73733 13315 
22352 2
59063 65082 
22344 2
73133 63502 
22335 2
73718 73707 
22328 2
57533 15917 
22311 2
73700 57673 
22283 2
73675 26562 
22276 2
73668 567 
22230 2
73621 22412 
22223 2
73615 2702 
22178 2
73567 50440 
22172 2
4954 55291 
22162 2
73551 73553 
22150 2
73539 72200 
22141 2
73530 29491 
22130 2
73521 51361 
22099 2
73491 52091 
22038 2
73430 73431 
21999 2
73386 69076 
21967 2
73352 19868 
21946 2
73330 73331 
21907 2
73297 60421 
21882 2
73273 55309 
21875 2
73265 51535 
21871 2
73259 73263 
21864 2
73255 13197 
21854 2
73245 35027 
21844 2
21216 43215 
21800 2
73190 55441 
21794 2
73184 37492 
21700 2
73086 49996 
21656 2
73040 70232 
21625 2
73005 5706 
21611 2
72994 39997 
21535 2
72910 54116 
21439 2
19252 29711 
21410 2
72774 72775 
21401 2
72761 67991 
21396 2
72758 71887 
21355 2
48152 40221 
21350 2
72708 30625 
21308 2
72665 8697 
21301 2
72661 59050 
21283 2
72643 11886 
21268 2
72629 6981 
21265 2
72624 72626 
21223 2
72573 19125 
21197 2
72550 3599 
21158 2
71255 51921 
21145 2
72488 42090 
21092 2
72437 5047 
21078 2
72418 63761 
21015 2
72343 67826 
21006 2
72335 36612 
21005 2
72334 66425 
20993 2
53483 42217 
20961 2
72283 66989 
20949 2
72273 17604 
20887 2
72209 67316 
20883 2
72206 4218 
20846 2
70840 31187 
20831 2
72146 38714 
20734 2
72038 8314 
20715 2
72017 64233 
20645 2
71931 12883 
20616 2
42878 58856 
20607 2
70323 19174 
20565 2
71837 71840 
20517 2
71787 71788 
20507 2
71771 45411 
20505 2
71769 11573 
20436 2
61669 71692 
20413 2
71670 47089 
20408 2
31166 29941 
20398 2
6809 7227 
20355 2
71610 63721 
20316 2
22414 15216 
20314 2
71566 11644 
20297 2
71540 21423 
20254 2
71489 45138 
20247 2
71480 39895 
20236 2
21694 10973 
20228 2
71462 32621 
20209 2
6435 39503 
20207 2
71438 24605 
20202 2
68141 32815 
20186 2
71414 69582 
20169 2
71389 67043 
20166 2
71386 65338 
20135 2
55745 42015 
20104 2
71319 63067 
20096 2
71311 43932 
20051 2
71256 5990 
20036 2
71238 35607 
20017 2
71212 71213 
19995 2
71184 29435 
19978 2
71167 30468 
19947 2
52729 70918 
19945 2
52598 34988 
19933 2
71119 60809 
19911 2
71095 37698 
19908 2
71091 28502 
19828 2
66903 29389 
19826 2
24911 68725 
19824 2
70985 42204 
19773 2
70930 64165 
19760 2
38470 55500 
19730 2
36111 18697 
19724 2
70866 1475 
19691 2
70829 6059 
19687 2
70823 39965 
19680 2
70818 32910 
19649 2
70781 22916 
19620 2
70742 40515 
19612 2
46891 68114 
19603 2
70717 55980 
19596 2
70710 28135 
19573 2
70673 33522 
19535 2
70625 68125 
19521 2
70608 65997 
19304 2
70351 56816 
19299 2
70342 24791 
19290 2
70334 44881 
19281 2
70321 56580 
19273 2
70312 23120 
19216 2
70253 30417 
19207 2
70240 32765 
19172 2
32967 56728 
19157 2
67148 11420 
19126 2
70125 35134 
19081 2
70054 26229 
19070 2
70038 43625 
18987 2
69923 43126 
18977 2
69903 60331 
18926 2
69838 12222 
18899 2
51220 6796 
18807 2
69682 5046 
18761 2
69625 66164 
18726 2
69577 8468 
18718 2
69095 51529 
18695 2
69532 3806 
18687 2
20917 42933 
18683 2
69509 54805 
18677 2
69501 67739 
18648 2
40154 50453 
18595 2
14382 58408 
18583 2
69376 46381 
18560 2
69348 40000 
18516 2
69281 5287 
18501 2
3969 35074 
18401 2
69126 49774 
18385 2
69103 69106 
18381 2
69098 21010 
18358 2
57325 58537 
18314 2
69010 5499 
18277 2
68958 52769 
18245 2
68905 61636 
18241 2
68899 68902 
18221 2
68860 43662 
18219 2
68859 50062 
18212 2
68853 52753 
18204 2
68843 42681 
18186 2
68817 37884 
18148 2
68765 7952 
18146 2
16289 17100 
18124 2
68734 58518 
18096 2
68690 39411 
18089 2
68680 61628 
18053 2
68632 34717 
17910 2
68426 50219 
17875 2
59284 17584 
17867 2
68357 4691 
17815 2
48634 47029 
17813 2
68277 25285 
17800 2
64382 2095 
17796 2
57745 36705 
17772 2
15522 68209 
17699 2
66245 2429 
17661 2
53487 60879 
17656 2
68030 3262 
17625 2
67977 13036 
17594 2
67925 37908 
17567 2
67877 62443 
17544 2
47154 53851 
17538 2
67824 40852 
17511 2
67781 32687 
17501 2
67764 27471 
17446 2
67684 46043 
17412 2
67636 49973 
17408 2
62038 9395 
17407 2
67633 10427 
17342 2
67538 59864 
17327 2
67511 2687 
17317 2
67497 1578 
17305 2
67483 67485 
17297 2
67471 40675 
17293 2
67466 1374 
17241 2
67394 1781 
17233 2
67382 7844 
17227 2
67369 16994 
17202 2
67335 9611 
17197 2
67324 38203 
17194 2
67319 67320 
17137 2
67225 57034 
17132 2
59459 4927 
17125 2
67211 29344 
17116 2
67196 33483 
17091 2
67150 54556 
17035 2
67059 67063 
17024 2
67042 37 
17019 2
67030 46385 
17013 2
67019 10388 
16996 2
66996 66997 
16985 2
66977 47833 
16976 2
66965 66966 
16961 2
66936 16259 
16937 2
66899 46623 
16907 2
66854 5834 
16886 2
51693 16409 
16877 2
48592 35440 
16859 2
2112 18556 
16844 2
26768 65346 
16784 2
15972 56252 
16783 2
66666 26397 
16766 2
10336 57861 
16753 2
66628 52161 
16749 2
66622 17047 
16687 2
66504 63424 
16677 2
66489 54514 
16664 2
66459 42360 
16645 2
66431 30186 
16639 2
66421 49161 
16618 2
43724 52248 
16589 2
66329 3363 
16572 2
66305 22042 
16560 2
66282 59591 
16522 2
18654 44859 
16510 2
66190 29889 
16409 2
65993 37667 
16399 2
65977 42858 
16341 2
29965 11653 
16324 2
65841 57592 
16310 2
65821 57498 
16295 2
65793 9577 
16285 2
65777 57368 
16233 2
65677 19896 
16172 2
65549 36961 
16165 2
65532 10986 
16151 2
65510 54490 
16143 2
65497 65498 
16129 2
65464 36423 
16127 2
65459 1261 
16125 2
65457 58292 
16091 2
65396 44199 
16079 2
65376 29448 
16045 2
65294 65295 
16037 2
65281 45736 
16016 2
65237 55683 
15977 2
65163 59 
15974 2
65158 34240 
15972 2
65152 58023 
15954 2
65130 2231 
15912 2
65053 65054 
15892 2
35309 58660 
15865 2
27456 10000 
15786 2
64820 58071 
15751 2
64763 64766 
15744 2
64753 40870 
15734 2
64731 2256 
15733 2
64725 64730 
15659 2
64573 50660 
15653 2
64563 45844 
15636 2
64533 64536 
15632 2
64528 14738 
15631 2
64521 64525 
15598 2
64457 58429 
15579 2
64418 1720 
15572 2
64404 14461 
15558 2
64380 32437 
15556 2
64375 16392 
15493 2
64247 57658 
15420 2
64099 41273 
15409 2
64078 1275 
15375 2
64002 50283 
15356 2
8350 56937 
15313 2
63862 42433 
15310 2
63858 13847 
15240 2
63715 13559 
15175 2
63574 53205 
15121 2
42758 30556 
15117 2
63458 63463 
15037 2
63293 53725 
15030 2
63282 62192 
14997 2
63215 63217 
14984 2
42006 33813 
14981 2
63183 30878 
14979 2
29165 62725 
14940 2
63090 55271 
14923 2
63059 4992 
14866 2
62938 24143 
14861 2
41141 54501 
14853 2
62903 62910 
14841 2
62881 55312 
14824 2
62844 21249 
14797 2
62779 62519 
14781 2
62747 31601 
14676 2
62536 62537 
14651 2
62478 46960 
14640 2
62452 41555 
14630 2
62432 34535 
14565 2
62273 41402 
14555 2
62253 1984 
14551 2
62242 2927 
14505 2
62132 55437 
14456 2
62027 47241 
14433 2
61967 54417 
14356 2
61787 53452 
14350 2
61773 61775 
14272 2
61602 61132 
14243 2
61528 40624 
14226 2
61493 41455 
14215 2
61472 60991 
14205 2
61452 61036 
14186 2
61418 39214 
14174 2
61390 30760 
14168 2
61373 39383 
14158 2
61356 61359 
14155 2
61348 14423 
14073 2
61182 56758 
14064 2
61162 53863 
14035 2
61093 61096 
13984 2
60964 42406 
13982 2
60959 13283 
13981 2
60955 57381 
13965 2
60916 8153 
13962 2
60911 30961 
13945 2
60866 8806 
13872 2
3172 3275 
13858 2
60676 60677 
13857 2
60672 16055 
13814 2
60577 60578 
13799 2
60544 44444 
13767 2
60468 31695 
13691 2
60302 47345 
13679 2
60275 30673 
13660 2
2151 6073 
13627 2
60149 33767 
13610 2
60106 41423 
13574 2
60020 54892 
13549 2
59955 54 
13528 2
59909 37445 
13527 2
59906 58749 
13514 2
59880 9362 
13490 2
59819 57486 
13477 2
59786 59790 
13462 2
59745 35924 
13457 2
25198 23039 
13433 2
33188 59675 
13431 2
59664 48877 
13389 2
59560 30110 
13317 2
59374 59376 
13309 2
59358 30763 
13289 2
59303 47335 
13276 2
59273 36832 
13181 2
59039 40349 
13154 2
58974 58975 
13146 2
58953 58954 
13142 2
58940 58941 
13106 2
44395 19431 
13086 2
58807 48550 
13055 2
58720 40234 
12998 2
58575 32414 
12979 2
58531 42293 
12943 2
58431 43416 
12923 2
58383 3717 
12913 2
58364 45842 
12911 2
58359 56600 
12898 2
58327 58328 
12865 2
11096 58237 
12863 2
58227 4811 
12833 2
58162 47657 
12773 2
58015 58020 
12739 2
57926 55463 
12735 2
57918 12397 
12706 2
57852 18754 
12684 2
57796 23254 
12645 2
57695 44927 
12643 2
57690 24214 
12612 2
57616 57619 
12599 2
57580 57584 
12596 2
57576 47609 
12510 2
57377 50562 
12480 2
57290 36650 
12472 2
57270 57132 
12443 2
57188 44441 
12385 2
57033 37244 
12383 2
57025 57032 
12341 2
56909 15290 
12272 2
25386 49202 
12229 2
56616 11906 
12205 2
56551 8511 
12183 2
56484 21336 
12161 2
56426 56428 
12159 2
56416 42988 
12103 2
56267 34696 
12090 2
56234 56236 
12082 2
56215 10412 
12074 2
56200 16390 
12073 2
56195 56198 
12052 2
56136 48061 
12020 2
56040 20029 
11973 2
17883 55914 
11946 2
55842 46069 
11935 2
55810 53501 
11891 2
55680 20047 
11879 2
55642 55649 
11837 2
55531 143 
11793 2
37333 55419 
11779 2
55374 55377 
11763 2
55330 55333 
11736 2
55250 55253 
11662 2
55047 51537 
11638 2
54978 40278 
11630 2
54953 37706 
11619 2
54916 52595 
11592 2
54849 27284 
11547 2
45450 54732 
11497 2
54582 54585 
11492 2
54569 54572 
11448 2
54440 21977 
11435 2
54402 54405 
11366 2
54203 51539 
11348 2
54144 54146 
11340 2
54122 54123 
11323 2
54061 54068 
11317 2
54044 51829 
11307 2
45957 7760 
11292 2
53977 1254 
11214 2
48314 53747 
11193 2
53676 2801 
11061 2
53270 47218 
11052 2
53242 49113 
11049 2
53230 31380 
11038 2
53202 24199 
10997 2
53073 11887 
10907 2
51415 52804 
10903 2
52787 18388 
10897 2
52766 52771 
10855 2
52639 52646 
10852 2
14716 4745 
10819 2
52511 33562 
10807 2
52472 52478 
10797 2
52447 52451 
10788 2
39068 52425 
10781 2
52406 29182 
10763 2
52344 52350 
10680 2
52095 177 
10660 2
52039 33043 
10654 2
46419 21402 
10643 2
51985 14876 
10619 2
51907 29525 
10608 2
51871 50810 
10602 2
51853 51854 
10601 2
51845 51850 
10586 2
51791 40597 
10509 2
51538 51544 
10487 2
51475 23291 
10458 2
51369 34503 
10382 2
51106 51107 
10376 2
50756 51084 
10343 2
50975 39990 
10284 2
50788 9535 
10276 2
25426 42588 
10270 2
43005 50742 
10243 2
50650 18328 
10187 2
50479 50485 
10162 2
50401 42434 
10120 2
23030 29263 
10107 2
50201 35136 
10055 2
50033 42384 
10011 2
49889 49894 
9978 2
49789 41928 
9957 2
49713 35785 
9938 2
49656 18417 
9934 2
49641 6302 
9918 2
49578 45006 
9905 2
49532 48852 
9872 2
34504 15253 
9846 2
49338 49340 
9832 2
49294 16852 
9822 2
49267 6881 
9793 2
49164 49172 
9787 2
49142 49148 
9783 2
49129 6386 
9735 2
48981 48985 
9725 2
48945 48951 
9699 2
48857 46557 
9688 2
48813 48814 
9581 2
48456 15199 
9563 2
48393 8339 
9514 2
48220 38464 
9502 2
48178 9598 
9485 2
48122 1378 
9458 2
48034 3909 
9453 2
48016 42456 
9411 2
47874 26482 
9400 2
47834 30340 
9389 2
47785 31151 
9358 2
33674 5133 
9345 2
47647 24995 
9335 2
47610 47617 
9314 2
47541 34970 
9304 2
47502 43341 
9301 2
47487 15242 
9220 2
47205 34574 
9181 2
47057 47061 
9157 2
46974 38706 
9085 2
46724 8393 
9061 2
32445 34035 
9056 2
46619 44304 
8991 2
46387 40014 
8970 2
46312 46317 
8967 2
46299 19610 
8961 2
46272 46035 
8949 2
46231 46237 
8941 2
46201 46208 
8845 2
45836 45839 
8824 2
45770 39188 
8799 2
37682 25994 
8742 2
6095 43689 
8723 2
45390 39290 
8712 2
45356 18538 
8709 2
45341 33497 
8707 2
45332 45337 
8701 2
6384 43668 
8599 2
44918 30201 
8501 2
44545 13551 
8490 2
40915 44517 
8489 2
32979 6493 
8466 2
44428 36907 
8455 2
44376 44385 
8416 2
44236 23680 
8351 2
43986 43993 
8308 2
43810 43812 
8268 2
43645 43647 
8256 2
31256 43605 
8248 2
43578 5172 
8244 2
32749 43566 
8220 2
43462 20727 
8207 2
43407 7829 
8183 2
43323 4103 
8178 2
43300 43303 
8152 2
43196 9673 
8095 2
42961 39531 
8077 2
42887 37597 
8075 2
42879 42884 
8066 2
42851 24216 
8061 2
42828 7720 
8045 2
42764 18241 
7974 2
42474 17935 
7916 2
15672 42247 
7912 2
30169 42232 
7886 2
42125 42128 
7834 2
41908 41914 
7809 2
41808 41816 
7776 2
41686 41687 
7727 2
41478 2559 
7652 2
41180 41183 
7633 2
41105 41111 
7631 2
41098 2279 
7588 2
40931 36412 
7556 2
40809 35294 
7540 2
40737 16127 
7503 2
40586 23840 
7441 2
37607 21807 
7411 2
40191 16531 
7373 2
40050 40053 
7352 2
39969 39971 
7343 2
39933 30049 
7337 2
39902 39909 
7331 2
39880 39887 
7329 2
39871 30855 
7276 2
39654 39656 
7246 2
39523 1299 
7174 2
39242 28366 
7169 2
39220 35347 
7139 2
39094 18546 
7116 2
38865 20874 
7110 2
38985 4716 
7083 2
38870 22001 
7031 2
38637 21438 
6998 2
38496 34425 
6982 2
38431 38155 
6950 2
38280 4611 
6947 2
38267 29183 
6919 2
38138 38145 
6917 2
38126 38137 
6901 2
38056 26084 
6884 2
37992 823 
6848 2
37824 34278 
6839 2
37780 37785 
6833 2
37753 37758 
6831 2
37743 17505 
6756 2
14170 37409 
6706 2
37184 27820 
6694 2
37133 37136 
6664 2
3061 36998 
6663 2
36985 36993 
6621 2
36797 36799 
6592 2
36683 8249 
6509 2
36309 24510 
6487 2
36198 36206 
6479 2
36163 36171 
6446 2
36024 36028 
6432 2
35960 35965 
6424 2
28746 8558 
6400 2
35813 14518 
6386 2
35754 35757 
6384 2
35745 35748 
6366 2
35663 28361 
6347 2
35574 35579 
6344 2
2129 23422 
6326 2
35494 35497 
6271 2
35245 35250 
6265 2
35220 21956 
6189 2
34890 4374 
6146 2
34723 13054 
6123 2
34612 34616 
6118 2
34591 34592 
6112 2
34557 34560 
6107 2
34534 7983 
6099 2
34494 16814 
6097 2
34487 25334 
6071 2
34374 5843 
6043 2
34242 34251 
6029 2
34184 32475 
5997 2
34032 34038 
5988 2
34000 10754 
5961 2
33875 33882 
5959 2
33864 26825 
5949 2
33823 19407 
5943 2
33792 33801 
5920 2
33685 12211 
5904 2
33610 33614 
5853 2
33363 33368 
5841 2
33313 27225 
5813 2
33166 11614 
5769 2
32955 32963 
5757 2
32906 32912 
5738 2
32821 7694 
5711 2
10347 28616 
5698 2
32642 32643 
5677 2
32538 9783 
5673 2
32513 32520 
5649 2
32396 32404 
5618 2
32242 32246 
5553 2
31944 31949 
5522 2
31793 21793 
5437 2
31395 23468 
5430 2
465 31366 
5405 2
31240 31249 
5369 2
31065 31074 
5358 2
31016 20317 
5336 2
30906 20361 
5315 2
30802 21224 
5295 2
30706 30714 
5262 2
30548 20395 
5208 2
30283 28054 
5162 2
30067 30070 
5113 2
29813 29822 
5107 2
16505 5725 
5070 2
29601 29604 
5060 2
29546 29548 
4956 2
29035 28449 
4955 2
29024 29033 
4885 2
28672 28682 
4869 2
28590 17408 
4772 2
28126 28127 
4755 2
28042 28048 
4740 2
27973 5907 
4700 2
27791 6090 
4698 2
27781 27783 
4627 2
11806 27405 
4600 2
27271 17245 
4558 2
27052 19097 
4541 2
14640 7222 
4490 2
26732 26733 
4460 2
26579 26583 
4447 2
26503 8853 
4395 2
26226 26232 
4393 2
26216 10766 
4346 2
25959 2299 
4331 2
25874 25884 
4288 2
25669 21428 
4285 2
25656 25657 
4267 2
25562 16219 
4246 2
25453 25456 
4233 2
25383 20174 
4227 2
25351 11406 
4224 2
25341 25344 
4190 2
25167 25170 
4187 2
25144 25152 
4183 2
25123 25131 
4167 2
25048 22746 
4157 2
25000 22942 
4141 2
24913 24923 
4127 2
24846 24850 
4123 2
24826 20551 
4116 2
24793 13519 
4090 2
24655 6465 
4089 2
24646 24653 
4056 2
11531 24471 
4044 2
24399 24404 
4041 2
24382 24387 
4008 2
24222 24225 
3953 2
23927 23934 
3918 2
23751 23755 
3897 2
23635 3502 
3891 2
23601 11592 
3886 2
23581 23583 
3863 2
23452 1844 
3860 2
23442 6728 
3795 2
23105 23114 
3676 2
22454 22457 
3650 2
22314 22316 
3640 2
22264 22265 
3626 2
22186 8307 
3604 2
9943 22070 
3565 2
21850 11938 
3463 2
21294 21306 
3460 2
21283 21286 
3438 2
21164 21166 
3431 2
21123 21129 
3411 2
21006 1987 
3351 2
20681 20684 
3346 2
20652 20658 
3325 2
20537 20545 
3305 2
20428 10537 
3272 2
20252 20258 
3261 2
20181 12128 
3247 2
20109 20119 
3240 2
20075 20076 
3229 2
20009 20020 
3225 2
19988 19998 
3210 2
19910 19913 
3182 2
19752 19758 
3170 2
19686 19690 
3153 2
19587 19595 
3117 2
19384 19390 
3114 2
19373 10153 
3098 2
19285 19289 
3053 2
19024 5589 
3022 2
18852 18854 
2970 2
18564 18568 
2962 2
18516 18519 
2924 2
18298 9218 
2902 2
18172 18174 
2901 2
18166 18170 
2879 2
18039 7531 
2875 2
18010 18015 
2865 2
17951 17959 
2816 2
17685 17687 
2788 2
10660 17536 
2779 2
17475 17482 
2728 2
2505 17199 
2667 2
16823 16834 
2640 2
16674 8703 
2635 2
16647 2897 
2601 2
16454 16464 
2570 2
16279 16282 
2547 2
16150 16158 
2516 2
15975 15979 
2514 2
15962 15966 
2493 2
15829 15840 
2480 2
15761 15767 
2479 2
15749 15756 
2469 2
15688 15699 
2431 2
15454 15465 
2393 2
15223 15232 
2370 2
15096 15098 
2358 2
15023 15027 
2346 2
14944 14946 
2290 2
2536 14613 
2277 2
14527 14535 
2186 2
13982 13983 
2149 2
13758 10433 
2123 2
13613 5224 
2093 2
13440 13448 
2087 2
13403 13410 
2015 2
12974 12912 
2011 2
12948 12957 
1962 2
12663 12665 
1924 2
12427 12433 
1911 2
12354 12357 
1906 2
12322 12327 
1873 2
12111 12119 
1853 2
11997 589 
1828 2
11839 11844 
1822 2
11800 11804 
1818 2
11776 6037 
1816 2
11768 11772 
1771 2
11492 11502 
1754 2
11392 11395 
1711 2
11138 2191 
1648 2
10744 10750 
1632 2
10643 10645 
1631 2
10630 10638 
1584 2
10361 10366 
1581 2
10335 377 
1544 2
10118 10122 
1497 2
9820 9830 
1487 2
9766 9769 
1386 2
9128 9135 
1385 2
9114 9121 
1383 2
9101 9109 
1350 2
8903 8908 
1346 2
8878 7255 
1278 2
8440 8446 
1249 2
8244 8250 
1245 2
8219 8227 
1222 2
8080 8081 
1188 2
7868 7873 
1174 2
7775 7781 
1148 2
7610 7613 
1136 2
7534 7535 
1133 2
7509 7518 
1130 2
7496 7499 
1116 2
7410 7413 
1104 2
7329 7335 
1100 2
7303 7310 
1059 2
7032 7042 
1029 2
6837 6848 
1026 2
6824 6828 
942 2
6276 6281 
936 2
6238 6239 
918 2
6121 6124 
863 2
5746 5754 
859 2
5722 5733 
843 2
5616 5623 
841 2
5602 5612 
777 2
5182 5192 
764 2
5104 5106 
740 2
4959 4961 
705 2
4719 4728 
701 2
4699 4702 
681 2
4556 4567 
562 2
3774 3777 
554 2
3723 3724 
473 2
3184 3193 
404 2
2731 2734 
255 2
1727 1735 
253 2
1714 1722 
197 2
1337 1344 
185 2
1255 1262 
164 2
1121 1127 
148 2
1012 1017 
139 2
944 955 
113 2
766 774 
89 2
604 612 
70 2
482 488 
17 2
111 119 
13 2
84 94 
29886 2
64373 53083 
29878 2
78539 32563 
29851 2
78525 26566 
29795 2
30638 16773 
29767 2
78483 48074 
29760 2
78480 67334 
29700 2
78450 53554 
29643 2
78421 19628 
29628 2
69799 49735 
29610 2
65414 71496 
29559 2
78379 35208 
29530 2
78365 17761 
29529 2
25012 3647 
29500 2
78350 54165 
29454 2
78327 15484 
29410 2
73321 31549 
29367 2
78283 12466 
29267 2
78232 43679 
29190 2
78194 51844 
29185 2
78191 65838 
29177 2
78187 49888 
29132 2
47867 70080 
29016 2
78107 7631 
29002 2
78100 29651 
28994 2
78096 13661 
28980 2
78089 46256 
28944 2
78071 45495 
28915 2
58911 58048 
28896 2
78047 59562 
28882 2
78040 65211 
28795 2
77996 28421 
28764 2
77981 26154 
28698 2
77947 21195 
28683 2
77939 70260 
28635 2
77914 31980 
28623 2
77908 35040 
28585 2
77888 53353 
28553 2
66017 54617 
28517 2
77854 9377 
28423 2
77804 77805 
28398 2
77792 63737 
28394 2
77790 7165 
28339 2
77762 6701 
28329 2
77757 56989 
28319 2
77752 35117 
28309 2
77747 24621 
28305 2
77745 41698 
28300 2
77742 25838 
28285 2
77734 60338 
28269 2
77726 8685 
28239 2
77711 17372 
28197 2
77688 63441 
28190 2
77685 24984 
28173 2
77675 54482 
28041 2
77607 30642 
27930 2
77551 33956 
27913 2
77542 28858 
27882 2
53528 50979 
27878 2
77524 42732 
27648 2
77404 45045 
27637 2
77397 66758 
27514 2
77332 14776 
27513 2
77330 72308 
27488 2
77317 31208 
27468 2
77307 56286 
27459 2
77301 7659 
27417 2
77275 72278 
27414 2
77274 15624 
27384 2
25797 75220 
27340 2
77234 37890 
27311 2
77219 26839 
27221 2
77169 6554 
27202 2
25664 74327 
27189 2
77151 2355 
27187 2
77150 11152 
27173 2
77140 46027 
27126 2
77116 17629 
27125 2
77115 34308 
27096 2
77101 57021 
27066 2
77085 59314 
27060 2
77082 58969 
27022 2
77060 3441 
26987 2
77040 10854 
26933 2
77010 40547 
26877 2
76975 33400 
26875 2
69925 18356 
26858 2
76962 76495 
26794 2
76926 66365 
26775 2
76912 2615 
26761 2
76904 56130 
26741 2
26115 26769 
26725 2
76885 10817 
26723 2
76883 4061 
26715 2
76877 29468 
26708 2
76874 55601 
26594 2
72034 70359 
26589 2
28396 50269 
26549 2
76785 68392 
26546 2
76784 50123 
26461 2
76736 8976 
26442 2
76725 55882 
26432 2
41659 3701 
26401 2
76699 28149 
26355 2
76673 71443 
26338 2
76664 74463 
26263 2
50614 47038 
26247 2
76608 65011 
26179 2
76566 32569 
26176 2
76565 54774 
26157 2
76552 41978 
26105 2
76524 62893 
26051 2
76490 62905 
25993 2
76454 24694 
25936 2
76419 69416 
25919 2
76409 4749 
25903 2
76401 21452 
25855 2
76368 28314 
25849 2
76365 53534 
25837 2
76358 54663 
25786 2
76326 33907 
25728 2
76289 46008 
25689 2
76266 57541 
25678 2
76255 22297 
25652 2
4277 6407 
25648 2
76234 74223 
25590 2
76194 61849 
25581 2
76188 23492 
25526 2
76157 39331 
25520 2
76154 16627 
25479 2
76128 29334 
25462 2
27298 1935 
25445 2
76106 33273 
25412 2
76084 70816 
25365 2
76054 60610 
25362 2
67049 53825 
25358 2
76051 37390 
25353 2
76048 63668 
25339 2
76033 8185 
25324 2
69765 64462 
25318 2
76020 69239 
25302 2
63597 10562 
25261 2
75979 66464 
25229 2
75956 61898 
25207 2
75942 61397 
25155 2
75909 30310 
25092 2
75865 30447 
25069 2
75847 42396 
25027 2
75820 45363 
25002 2
75800 11163 
24993 2
75793 37639 
24988 2
75790 63983 
24960 2
75770 4333 
24957 2
75767 73300 
24891 2
75724 54600 
24875 2
21696 28987 
24870 2
18820 63495 
24849 2
75694 2097 
24830 2
75682 66430 
24779 2
75644 19772 
24722 2
40568 40442 
24719 2
75601 61638 
24701 2
75587 24871 
24664 2
3852 4602 
24648 2
75557 3541 
24624 2
47396 33604 
24618 2
75535 1699 
24588 2
75518 42755 
24579 2
75508 73680 
24512 2
45349 60327 
24499 2
75450 32809 
24475 2
75432 4198 
24467 2
75426 13265 
24456 2
75417 56389 
24428 2
75398 67341 
24387 2
45354 1151 
24385 2
75369 3281 
24362 2
75354 59629 
24361 2
75353 25236 
24352 2
75349 10572 
24346 2
75345 53023 
24341 2
75341 40079 
24293 2
75308 33517 
24270 2
29210 58171 
24243 2
75271 3449 
24215 2
75253 2909 
24125 2
75187 20941 
24088 2
75158 41537 
24066 2
75139 75140 
24060 2
75136 25711 
24053 2
75132 70667 
24015 2
38411 51340 
23917 2
75038 31734 
23879 2
75004 74310 
23851 2
74983 70690 
23816 2
74955 65854 
23795 2
74940 13819 
23786 2
74933 6872 
23770 2
74924 45870 
23753 2
74912 9841 
23746 2
74906 33164 
23678 2
74848 48944 
23661 2
74832 65935 
23613 2
74787 19528 
23603 2
74779 73602 
23588 2
74769 2242 
23572 2
74759 48428 
23570 2
74758 17972 
23567 2
74753 5749 
23546 2
74743 38348 
23540 2
74738 48269 
23525 2
74728 31928 
23460 2
74676 49998 
23449 2
74668 1229 
23435 2
74658 42700 
23378 2
74616 67331 
23367 2
74609 64171 
23359 2
74604 41497 
23344 2
74593 36619 
23276 2
74538 35614 
23222 2
74494 54974 
23216 2
74488 73830 
23172 2
55708 23866 
23142 2
74428 27943 
23082 2
74383 3940 
23043 2
74346 61221 
23026 2
74331 5760 
23018 2
74326 54379 
23009 2
74317 46800 
22977 2
74292 48899 
22908 2
74230 33035 
22896 2
50731 20778 
22852 2
74185 44719 
22830 2
71176 44414 
22771 2
74113 61484 
22755 2
28456 43806 
22669 2
74021 41854 
22648 2
74004 10454 
22624 2
73975 32034 
22559 2
73909 65355 
22521 2
73871 65805 
22510 2
73860 46177 
22484 2
41779 64620 
22482 2
73839 43382 
22414 2
73780 47358 
22404 2
73773 61540 
22401 2
73770 33460 
22336 2
73721 14108 
22243 2
73636 31216 
22239 2
48325 51636 
22229 2
73619 73620 
22196 2
73586 26556 
22166 2
73556 29002 
22126 2
33223 49718 
22077 2
73468 61411 
22054 2
73445 58753 
22021 2
73412 41570 
22009 2
73395 24030 
21977 2
73362 57254 
21890 2
34815 60725 
21863 2
73250 65922 
21828 2
73219 41827 
21817 2
73208 50901 
21792 2
73183 3527 
21761 2
13395 16595 
21754 2
6377 15170 
21733 2
73118 31921 
21726 2
37926 64815 
21712 2
47527 72106 
21699 2
73084 42343 
21689 2
8854 3322 
21620 2
73003 42080 
21597 2
72980 64769 
21576 2
72957 72959 
21569 2
72950 30659 
21544 2
72924 28215 
21533 2
72908 65921 
21530 2
72906 667 
21494 2
72861 14973 
21466 2
64862 1997 
21458 2
72828 37887 
21442 2
15243 53443 
21405 2
72768 15407 
21331 2
72689 43364 
21302 2
72662 15489 
21289 2
72649 26707 
21215 2
72564 48422 
21194 2
53375 32505 
21178 2
72529 63460 
21142 2
72487 45583 
21125 2
72472 13753 
21097 2
72442 67096 
21080 2
72422 19517 
21029 2
72358 1918 
21023 2
72349 31656 
21011 2
43847 47804 
21003 2
72333 65715 
20998 2
71274 65947 
20994 2
72322 68727 
20912 2
72235 59872 
20902 2
72225 30534 
20900 2
72222 43359 
20799 2
72114 40015 
20774 2
72090 30707 
20677 2
71963 36216 
20528 2
71799 11020 
20475 2
71742 17066 
20473 2
71741 27987 
20407 2
71665 5472 
20386 2
71642 21529 
20384 2
71640 10069 
20339 2
71594 71595 
20293 2
71535 60684 
20259 2
71495 56358 
20218 2
71451 37017 
20157 2
33107 62455 
20141 2
71355 71356 
20133 2
71349 71350 
20129 2
71343 29778 
20118 2
71334 9553 
20089 2
71299 71301 
20062 2
71269 63335 
20040 2
71241 6595 
20030 2
71230 62457 
19990 2
71178 40541 
19974 2
71163 52830 
19931 2
71117 40627 
19893 2
71067 28256 
19846 2
71013 16788 
19840 2
50414 4172 
19821 2
51934 16972 
19738 2
70883 24616 
19722 2
70864 17407 
19709 2
70852 9443 
19700 2
70841 70601 
19659 2
70794 66512 
19641 2
60317 70772 
19634 2
70764 5387 
19633 2
70763 49482 
19619 2
66319 69549 
19584 2
70691 36074 
19551 2
70643 3467 
19533 2
70624 10250 
19525 2
64111 57482 
19491 2
70573 17272 
19473 2
70549 25087 
19469 2
70545 12989 
19422 2
70485 21682 
19387 2
70437 8793 
19354 2
70403 44041 
19343 2
70392 50346 
19317 2
70363 50195 
19277 2
50570 60588 
19253 2
70294 19794 
19240 2
70283 12041 
19213 2
70250 60688 
19190 2
70217 70218 
19117 2
70112 67189 
19035 2
69996 29826 
18979 2
69905 39233 
18975 2
50310 34097 
18947 2
69865 11720 
18940 2
69856 7858 
18894 2
69788 1211 
18861 2
69751 62115 
18850 2
69740 1301 
18842 2
69733 60524 
18828 2
69665 2226 
18768 2
69631 20621 
18753 2
69615 22709 
18720 2
69570 61426 
18702 2
69546 20196 
18573 2
69359 61940 
18493 2
18247 69253 
18487 2
68972 9965 
18474 2
69227 2603 
18464 2
69215 63262 
18461 2
25633 36120 
18427 2
69162 17420 
18332 2
14091 64154 
18311 2
69006 44314 
18279 2
68960 68801 
18271 2
68947 34914 
18268 2
68941 49153 
18236 2
68889 31708 
18174 2
68803 65100 
18168 2
68793 53218 
18084 2
68674 46903 
18081 2
68668 68669 
18069 2
68654 18998 
18057 2
68637 66552 
18006 2
68567 67141 
17972 2
68513 14146 
17945 2
68475 45269 
17930 2
68453 4501 
17919 2
68436 56322 
17917 2
68432 33889 
17865 2
68351 49317 
17809 2
68270 44054 
17770 2
68205 68206 
17746 2
68167 11019 
17731 2
68150 22107 
17703 2
68103 38812 
17675 2
68054 57340 
17666 2
68047 14943 
17619 2
67966 67969 
17584 2
67908 4486 
17578 2
67896 2808 
17556 2
67859 54349 
17455 2
67694 46187 
17368 2
67582 559 
17355 2
67559 47093 
17340 2
67534 35271 
17283 2
67453 58460 
17276 2
67447 54000 
17164 2
67273 20712 
17118 2
67200 6525 
17047 2
67078 67081 
16975 2
66961 48442 
16919 2
66874 13322 
16861 2
66781 66785 
16822 2
7386 38227 
16808 2
66701 8404 
16658 2
66450 64448 
16629 2
66404 50611 
16596 2
66343 43552 
16564 2
66290 56929 
16528 2
66226 39345 
16489 2
66149 66151 
16477 2
66128 50427 
16471 2
66116 54579 
16464 2
66104 42330 
16419 2
66014 28405 
16396 2
65973 32185 
16395 2
65969 62502 
16349 2
65884 52715 
16321 2
8520 9155 
16271 2
65750 49018 
16258 2
65732 32605 
16240 2
65698 65700 
16199 2
65606 63337 
16196 2
65602 63266 
16188 2
65581 65582 
16130 2
65469 20831 
16115 2
65441 53445 
16086 2
65392 22054 
16070 2
65350 65354 
16066 2
65339 59368 
15999 2
65205 29600 
15991 2
65188 39337 
15980 2
65171 4360 
15940 2
65107 45163 
15915 2
65059 13842 
15901 2
65034 19863 
15897 2
65025 15222 
15881 2
64994 22738 
15836 2
64913 59505 
15820 2
64885 47648 
15803 2
64852 44328 
15667 2
64587 62961 
15655 2
64565 21358 
15639 2
64540 47417 
15620 2
64498 26177 
15611 2
64480 46102 
15585 2
64428 64431 
15542 2
64344 64345 
15433 2
64123 45903 
15327 2
63898 61734 
15283 2
63794 41221 
15198 2
63624 1575 
15179 2
63587 15544 
15094 2
63419 21485 
14910 2
63032 11095 
14902 2
63013 61917 
14892 2
62994 8635 
14872 2
62952 62954 
14818 2
34261 52942 
14739 2
62661 25215 
14734 2
62652 967 
14653 2
62481 48960 
14608 2
62375 31894 
14455 2
62019 911 
14443 2
61985 16064 
14439 2
61977 23219 
14412 2
3472 61924 
14362 2
61804 61805 
14340 2
61754 2164 
14328 2
61728 16061 
14257 2
61562 27860 
14229 2
61497 16800 
14223 2
61488 1849 
14201 2
61443 22156 
14197 2
61435 60543 
14097 2
61225 50282 
14088 2
61212 59176 
14017 2
61039 37481 
14002 2
61005 61008 
13990 2
60978 26345 
13986 2
60969 34668 
13912 2
60802 60803 
13890 2
9359 2017 
13871 2
60708 113 
13843 2
60643 219 
13830 2
60613 51066 
13807 2
4723 18804 
13796 2
60537 60539 
13791 2
60525 4009 
13786 2
60513 60515 
13745 2
60427 24898 
13729 2
60391 26923 
13726 2
60388 47926 
13666 2
60246 27997 
13510 2
59868 28324 
13409 2
59612 38404 
13304 2
59346 57268 
13295 2
59318 59320 
13203 2
59084 27102 
13164 2
59001 35001 
13128 2
58909 1805 
13101 2
58842 48690 
13011 2
58594 58597 
13008 2
58590 58591 
12938 2
58426 28739 
12877 2
58263 4649 
12625 2
57645 37784 
12619 2
57631 20370 
12465 2
57247 41788 
12425 2
57137 24342 
12331 2
56886 23388 
12319 2
56850 38165 
12310 2
56827 47612 
12309 2
56822 45571 
12287 2
56765 12440 
12241 2
56642 56646 
12152 2
56403 38250 
12130 2
56339 48231 
12097 2
56250 56254 
12071 2
56189 56194 
12067 2
56178 10377 
12063 2
56162 50174 
12048 2
56123 56124 
11958 2
55874 42500 
11937 2
55817 55822 
11933 2
55803 39594 
11920 2
55767 55768 
11916 2
55757 41264 
11915 2
55748 38793 
11889 2
55670 55678 
11876 2
55638 6221 
11854 2
55586 36897 
11708 2
55177 9903 
11559 2
54757 15636 
11543 2
54713 18375 
11529 2
54679 35367 
11506 2
54620 28693 
11475 2
54515 32217 
11430 2
54394 31668 
11425 2
54378 54381 
11410 2
37475 30042 
11382 2
54256 33508 
11377 2
54234 2539 
11372 2
54221 43695 
11369 2
54211 24604 
11312 2
54030 50393 
11271 2
53916 16459 
11267 2
53905 43313 
11253 2
53866 7744 
11248 2
53854 21316 
11240 2
53828 34259 
11229 2
53790 44669 
11218 2
53755 53756 
11211 2
53732 6890 
11203 2
53710 53715 
11181 2
53637 24962 
11152 2
53555 53556 
11141 2
53519 53523 
11138 2
53513 24029 
11130 2
53490 12293 
11104 2
53401 53402 
11086 2
9907 53357 
11031 2
53182 43350 
10991 2
53055 8972 
10974 2
53009 53010 
10960 2
19350 52968 
10798 2
52453 52454 
10792 2
52436 24889 
10772 2
52379 5220 
10752 2
52311 52312 
10749 2
52302 52305 
10724 2
52239 20112 
10594 2
51822 40022 
10593 2
51814 42418 
10559 2
51702 32277 
10460 2
51378 13042 
10405 2
51186 51191 
10379 2
51092 8569 
10340 2
50969 41528 
10320 2
50911 17594 
10214 2
50564 28278 
10191 2
50496 39020 
10150 2
50351 24598 
10117 2
50230 18829 
10017 2
49910 37108 
9969 2
49756 49762 
9937 2
49649 49654 
9867 2
49410 26952 
9857 2
49376 18597 
9826 2
19443 49279 
9785 2
49135 49138 
9685 2
48797 48804 
9655 2
48704 33236 
9620 2
48584 23522 
9495 2
48155 48158 
9404 2
47850 47852 
9403 2
47848 47849 
9302 2
47495 15343 
9258 2
47343 1334 
9131 2
46880 7692 
9128 2
46874 25381 
9122 2
46853 46855 
9106 2
46794 15365 
9103 2
17134 16588 
9079 2
46701 17737 
9075 2
46689 27209 
9039 2
46556 7244 
9004 2
46439 6640 
8866 2
36545 25032 
8863 2
45905 43280 
8835 2
45803 45808 
8808 2
45714 45715 
8785 2
45633 3133 
8762 2
45546 45548 
8750 2
45504 45505 
8721 2
45380 45388 
8694 2
45287 38893 
8684 2
45242 45244 
8662 2
45157 26540 
8661 2
45147 28901 
8655 2
45127 41359 
8618 2
44992 44995 
8609 2
44952 44959 
8597 2
44911 44916 
8495 2
44527 3361 
8457 2
44387 44392 
8448 2
44351 23051 
8434 2
44298 14370 
8365 2
44040 44045 
8360 2
44027 44028 
8327 2
43873 36276 
8246 2
43569 31884 
8242 2
43553 43557 
8204 2
43400 37342 
8177 2
43291 43295 
8136 2
43131 43134 
8131 2
43104 43109 
8112 2
43031 43033 
8090 2
42945 16907 
7936 2
42325 42326 
7934 2
42318 12360 
7909 2
42216 4846 
7895 2
42166 42170 
7888 2
42136 42140 
7858 2
19970 10685 
7852 2
41993 41996 
7815 2
41833 8629 
7811 2
41818 41824 
7796 2
41757 41758 
7714 2
41436 41437 
7643 2
41145 7353 
7616 2
41044 41045 
7608 2
41017 29913 
7539 2
40730 7313 
7519 2
40649 40653 
7471 2
40444 28146 
7468 2
40435 32900 
7467 2
40426 40431 
7439 2
40315 23043 
7401 2
40159 28850 
7335 2
39894 34358 
7327 2
39863 23886 
7322 2
33360 19029 
7248 2
39533 33374 
7242 2
39510 36980 
7240 2
39504 12060 
7226 2
39447 39452 
7222 2
39428 39432 
7215 2
39396 39404 
7203 2
39355 39360 
7159 2
39177 471 
7142 2
39113 13138 
7089 2
38895 13738 
7048 2
38719 33175 
7045 2
38702 38710 
7032 2
2640 26535 
6969 2
38361 25958 
6932 2
38204 38208 
6922 2
38157 38159 
6868 2
37915 37917 
6864 2
28789 37896 
6863 2
37888 16045 
6803 2
37619 30101 
6795 2
37582 37587 
6739 2
37323 37329 
6729 2
37284 37293 
6696 2
37142 16684 
6670 2
37018 11011 
6636 2
36866 36870 
6633 2
36847 36852 
6421 2
35909 25066 
6336 2
35535 2371 
6330 2
701 35511 
6282 2
35301 23717 
6138 2
34689 34690 
6114 2
34567 34568 
6055 2
34294 9620 
5903 2
33600 16954 
5879 2
33480 33491 
5864 2
33411 33412 
5804 2
33130 3185 
5774 2
32989 32991 
5740 2
32831 32833 
5686 2
32587 28870 
5678 2
32543 32549 
5642 2
32365 32369 
5603 2
32175 6318 
5555 2
31951 25420 
5390 2
31174 31176 
5351 2
30975 30984 
5316 2
30812 30816 
5258 2
30526 30529 
5251 2
30488 30495 
5194 2
30213 23315 
5174 2
30120 30121 
5129 2
29900 5639 
5026 2
29373 3215 
4964 2
29069 23013 
4906 2
10725 16353 
4900 2
28751 12799 
4898 2
28742 27080 
4821 2
28362 26370 
4814 2
28334 17764 
4762 2
28079 26476 
4598 2
27261 11725 
4548 2
27006 27007 
4525 2
26888 26898 
4495 2
26746 26756 
4489 2
26721 1224 
4426 2
26401 18405 
4398 2
26248 26250 
4368 2
26085 26086 
4366 2
26075 11051 
4324 2
25845 25847 
4248 2
25464 21553 
4172 2
25070 18075 
4171 2
25064 25068 
4159 2
25010 23560 
4134 2
24884 24885 
4076 2
24581 24585 
4035 2
24352 24360 
4017 2
24257 24262 
3986 2
24100 24104 
3912 2
23718 21993 
3855 2
23411 23414 
3846 2
23369 23375 
3823 2
23250 21186 
3815 2
23207 23216 
3785 2
23048 23058 
3734 2
22778 22785 
3690 2
22538 7011 
3683 2
22490 22501 
3486 2
21430 514 
3477 2
21376 753 
3472 2
21356 17670 
3456 2
21261 21265 
3401 2
20952 20961 
3392 2
20911 20912 
3336 2
20602 20604 
3328 2
20560 191 
3301 2
20406 20416 
3269 2
20229 20240 
3251 2
20132 20141 
3238 2
20063 20064 
3230 2
20022 20025 
3218 2
2300 19958 
3196 2
19835 19144 
3162 2
19643 5674 
3138 2
19509 19511 
3127 2
19440 19450 
3113 2
19360 19370 
3111 2
19348 9283 
3035 2
18923 18932 
3032 2
18910 18914 
2957 2
18495 18496 
2923 2
18285 10044 
2873 2
17999 18007 
2835 2
17788 17800 
2821 2
17710 17721 
2770 2
17431 17433 
2738 2
17250 17251 
2704 2
17053 17055 
2695 2
16993 16999 
2676 2
16882 16885 
2643 2
16685 16696 
2615 2
16535 5040 
2598 2
16442 16448 
2564 2
16247 14448 
2545 2
16139 16148 
2489 2
15806 15813 
2281 2
14550 14562 
2270 2
14494 14495 
2266 2
14469 14471 
2256 2
14406 14407 
2243 2
14322 14334 
2240 2
14308 14309 
2235 2
14270 14280 
2167 2
13866 13877 
2125 2
13622 13629 
2070 2
13306 13310 
2067 2
13282 13290 
2037 2
13104 13111 
1982 2
12786 12787 
1970 2
12709 12710 
1944 2
12552 12553 
1927 2
12437 12450 
1878 2
12144 12149 
1875 2
12122 12131 
1868 2
12086 7081 
1833 2
11864 11872 
1775 2
11517 11525 
1761 2
11430 11437 
1700 2
11070 11072 
1699 2
11054 11064 
1550 2
10155 10162 
1449 2
9518 9529 
1446 2
9504 9511 
1398 2
9203 9211 
1294 2
8541 2272 
1259 2
8310 8319 
1251 2
8257 8265 
1231 2
8133 8143 
1224 2
8092 8095 
1164 2
7710 7714 
1146 2
7598 7601 
1084 2
7203 7204 
1079 2
7163 7172 
1037 2
6891 6901 
1022 2
6798 6801 
955 2
6354 6365 
934 2
6224 6225 
909 2
6054 6062 
896 2
5973 5976 
839 2
5588 5599 
790 2
5272 5278 
778 2
5195 5198 
771 2
5143 5153 
751 2
5020 1185 
748 2
5008 5011 
726 2
4863 2654 
624 2
4187 4188 
596 2
4000 4001 
584 2
3918 3923 
538 2
3615 3620 
435 2
2929 2941 
428 2
2888 2891 
426 2
2875 2876 
410 2
2767 2772 
380 2
2571 2580 
335 2
2265 2275 
298 2
2030 2032 
294 2
1998 2003 
278 2
1889 1890 
247 2
1674 444 
211 2
1431 1441 
182 2
1242 1244 
140 2
958 966 
119 2
806 817 
106 2
725 734 
34 2
236 244 
30 2
208 210 
29963 1
78581 
29941 1
78570 
29937 1
71607 
29863 1
56038 
29860 1
49609 
29799 1
78499 
29792 1
50063 
29774 1
78487 
29729 1
78464 
29711 1
33063 
29708 1
78454 
29677 1
78438 
29667 1
78433 
29655 1
78427 
29649 1
78424 
29584 1
78392 
29583 1
78391 
29565 1
78382 
29549 1
20160 
29541 1
78370 
29535 1
78367 
29502 1
78351 
29474 1
31755 
29445 1
64945 
29437 1
78318 
29389 1
78294 
29359 1
78279 
29351 1
78275 
29328 1
588 
29239 1
78218 
29214 1
16608 
29209 1
5558 
29165 1
78181 
29163 1
35151 
29159 1
78178 
29151 1
78174 
29073 1
78135 
29061 1
78129 
29056 1
49316 
29027 1
78112 
29025 1
78111 
29005 1
78101 
28964 1
21778 
28925 1
78061 
28918 1
78058 
28909 1
78053 
28879 1
78038 
28877 1
78037 
28792 1
50011 
28757 1
77977 
28741 1
77969 
28719 1
77957 
28669 1
4898 
28650 1
77922 
28611 1
77901 
28593 1
48114 
28580 1
54841 
28534 1
22394 
28518 1
17934 
28513 1
77852 
28455 1
45370 
28407 1
77796 
28375 1
77780 
28250 1
9734 
28249 1
77716 
28230 1
77706 
28131 1
77654 
28122 1
30359 
28100 1
62262 
28078 1
77627 
28063 1
77618 
28056 1
73128 
28055 1
77614 
28053 1
77613 
27966 1
5782 
27949 1
77561 
27917 1
21152 
27901 1
77536 
27895 1
77533 
27852 1
70107 
27837 1
77502 
27833 1
75674 
27787 1
70129 
27735 1
77450 
27727 1
77446 
27682 1
77422 
27674 1
77418 
27657 1
60097 
27643 1
56920 
27625 1
77391 
27613 1
38694 
27556 1
77353 
27535 1
17515 
27523 1
67748 
27519 1
77334 
27498 1
42066 
27497 1
77321 
27495 1
77320 
27436 1
60341 
27434 1
77285 
27424 1
36885 
27391 1
40588 
27345 1
74901 
27343 1
71159 
27307 1
77217 
27304 1
56105 
27288 1
59407 
27257 1
77190 
27233 1
77176 
27178 1
32485 
27168 1
44806 
27167 1
77137 
27117 1
77111 
27112 1
70506 
27090 1
60788 
27085 1
77095 
27051 1
77077 
27027 1
77062 
26945 1
77016 
26906 1
74244 
26802 1
76930 
26767 1
441 
26720 1
53542 
26706 1
76873 
26667 1
47769 
26663 1
76848 
26652 1
76842 
26648 1
69225 
26635 1
73957 
26618 1
76823 
26584 1
10976 
26540 1
18454 
26538 1
76780 
26521 1
76770 
26512 1
32145 
26495 1
76755 
26447 1
76727 
26411 1
76704 
26387 1
76689 
26375 1
76683 
26337 1
76662 
26307 1
76646 
26297 1
76639 
26279 1
76629 
26222 1
57839 
26197 1
76579 
26183 1
76569 
26162 1
52025 
26133 1
76539 
26079 1
76506 
26049 1
23404 
25979 1
76444 
25963 1
76435 
25956 1
57000 
25944 1
8953 
25917 1
76408 
25915 1
76407 
25858 1
69836 
25809 1
76339 
25766 1
11123 
25733 1
67035 
25720 1
76285 
25709 1
76278 
25703 1
39109 
25693 1
76268 
25647 1
27482 
25557 1
76173 
25536 1
76163 
25528 1
26459 
25511 1
76149 
25483 1
76130 
25471 1
76123 
25459 1
10909 
25456 1
43760 
25423 1
76090 
25383 1
76064 
25331 1
65635 
25321 1
76022 
25304 1
62732 
25297 1
76006 
25289 1
76000 
25280 1
75994 
25273 1
22493 
25259 1
75978 
25256 1
5427 
25253 1
75975 
25239 1
75965 
25233 1
75960 
25226 1
75955 
25219 1
75951 
25192 1
75933 
25183 1
75927 
25177 1
75923 
25137 1
75898 
25110 1
75878 
25104 1
23868 
25095 1
75866 
25054 1
45694 
25033 1
75823 
25007 1
75805 
24991 1
75792 
24955 1
75766 
24943 1
75758 
24889 1
75723 
24887 1
75721 
24873 1
74586 
24857 1
12038 
24850 1
46859 
24827 1
66878 
24801 1
75660 
24753 1
75625 
24743 1
75618 
24734 1
40816 
24704 1
75590 
24685 1
75578 
24682 1
1132 
24587 1
75516 
24585 1
75514 
24564 1
56077 
24505 1
75453 
24458 1
43911 
24430 1
75399 
24369 1
75357 
24329 1
75332 
24326 1
19315 
24325 1
75329 
24315 1
75321 
24306 1
58256 
24305 1
44837 
24297 1
26665 
24295 1
75309 
24247 1
58356 
24240 1
37358 
24231 1
75265 
24226 1
45488 
24208 1
668 
24131 1
75194 
24083 1
75153 
24044 1
75127 
24023 1
75113 
23990 1
63665 
23981 1
75080 
23967 1
75072 
23959 1
75067 
23947 1
75058 
23923 1
75041 
23921 1
75040 
23905 1
75026 
23829 1
67904 
23784 1
46347 
23772 1
74925 
23719 1
74885 
23712 1
69481 
23705 1
74873 
23693 1
74861 
23687 1
74856 
23683 1
11196 
23681 1
74851 
23659 1
74831 
23598 1
66544 
23591 1
74770 
23579 1
74762 
23562 1
31057 
23539 1
74737 
23535 1
74735 
23530 1
61767 
23433 1
74657 
23427 1
74651 
23415 1
74641 
23409 1
74636 
23383 1
66591 
23349 1
74595 
23327 1
74578 
23325 1
74577 
23269 1
32453 
23251 1
74515 
23125 1
74413 
23079 1
72165 
23041 1
74345 
23037 1
74338 
23010 1
64637 
22940 1
32261 
22937 1
74255 
22857 1
74188 
22851 1
50985 
22845 1
74177 
22837 1
29876 
22835 1
33641 
22823 1
74156 
22816 1
64220 
22727 1
74067 
22667 1
74020 
22563 1
73912 
22499 1
73852 
22489 1
73844 
22471 1
73829 
22463 1
73822 
22435 1
47953 
22418 1
15005 
22410 1
11669 
22391 1
73759 
22387 1
14226 
22315 1
70713 
22289 1
73681 
22273 1
73664 
22247 1
55719 
22195 1
73583 
22125 1
73513 
22061 1
73450 
22034 1
73426 
22023 1
73414 
22019 1
73408 
21980 1
53711 
21972 1
39519 
21969 1
73353 
21966 1
35559 
21962 1
15382 
21905 1
73296 
21899 1
73291 
21896 1
39096 
21867 1
73257 
21815 1
73202 
21773 1
73163 
21766 1
73153 
21735 1
39881 
21719 1
73105 
21717 1
73103 
21714 1
61453 
21673 1
65057 
21655 1
11530 
21641 1
73019 
21633 1
73011 
21631 1
73009 
21629 1
73007 
21627 1
65792 
21583 1
11494 
21564 1
72945 
21557 1
72937 
21542 1
72920 
21529 1
72905 
21516 1
58781 
21512 1
66667 
21497 1
72863 
21489 1
72854 
21487 1
72850 
21464 1
72832 
21461 1
49090 
21435 1
72320 
21431 1
72797 
21429 1
72793 
21417 1
72781 
21380 1
64098 
21373 1
72734 
21353 1
37218 
21334 1
39954 
21327 1
17276 
21323 1
72679 
21299 1
72658 
21253 1
72602 
21251 1
4159 
21207 1
72558 
21185 1
72535 
21137 1
72482 
21119 1
72465 
21105 1
2012 
21075 1
58579 
21014 1
13816 
20984 1
72313 
20979 1
72303 
20975 1
72297 
20893 1
72214 
20875 1
72199 
20851 1
72172 
20807 1
72121 
20802 1
5586 
20739 1
72046 
20726 1
72028 
20691 1
71987 
20687 1
71981 
20600 1
71885 
20591 1
71872 
20575 1
71849 
20568 1
71844 
20547 1
71816 
20536 1
71807 
20509 1
71773 
20496 1
71765 
20493 1
71762 
20477 1
71744 
20464 1
71730 
20463 1
71725 
20455 1
71715 
20453 1
71712 
20411 1
71668 
20345 1
71600 
20333 1
71587 
20329 1
71584 
20323 1
71573 
20321 1
71571 
20312 1
71563 
20309 1
71558 
20299 1
71542 
20295 1
71536 
20285 1
71527 
20279 1
71520 
20271 1
71511 
20262 1
71503 
20239 1
71474 
20217 1
71448 
20179 1
48732 
20177 1
71403 
20171 1
71392 
20163 1
67194 
20154 1
3152 
20151 1
71365 
20143 1
71357 
20138 1
71354 
20081 1
71287 
20065 1
71270 
20059 1
71265 
20050 1
24628 
20044 1
57492 
20021 1
71217 
20009 1
71200 
19986 1
53804 
19967 1
71153 
19943 1
71129 
19919 1
5668 
19902 1
21722 
19874 1
71049 
19867 1
52543 
19859 1
71030 
19823 1
70982 
19771 1
70925 
19746 1
69428 
19712 1
70854 
19707 1
3693 
19693 1
70832 
19662 1
70799 
19660 1
70797 
19642 1
70773 
19601 1
70714 
19593 1
70703 
19591 1
70700 
19587 1
57843 
19572 1
69860 
19571 1
9333 
19563 1
70658 
19557 1
61561 
19501 1
70586 
19497 1
70580 
19465 1
70541 
19449 1
70518 
19429 1
70493 
19411 1
70470 
19401 1
70454 
19375 1
52816 
19349 1
70397 
19329 1
70378 
19298 1
49357 
19297 1
70340 
19271 1
70310 
19199 1
70230 
19135 1
70136 
19047 1
62798 
19014 1
69969 
18995 1
69938 
18971 1
17320 
18928 1
48789 
18905 1
69803 
18903 1
69802 
18873 1
41503 
18835 1
39925 
18832 1
69716 
18802 1
69680 
18801 1
12196 
18748 1
69609 
18735 1
69589 
18717 1
69566 
18701 1
53311 
18697 1
69535 
18663 1
69483 
18640 1
69455 
18584 1
69377 
18569 1
69354 
18567 1
36128 
18562 1
65320 
18535 1
69310 
18522 1
49360 
18511 1
69276 
18469 1
69219 
18443 1
69187 
18413 1
69145 
18400 1
51802 
18321 1
69018 
18301 1
68992 
18299 1
68988 
18295 1
68984 
18291 1
68978 
18282 1
64120 
18276 1
29346 
18258 1
68927 
18256 1
68925 
18253 1
68918 
18193 1
68023 
18183 1
68813 
18157 1
68776 
18088 1
46148 
18061 1
68642 
18033 1
68605 
18031 1
68602 
18003 1
68561 
17995 1
68547 
17957 1
68494 
17953 1
68488 
17941 1
68467 
17935 1
68458 
17915 1
46166 
17912 1
21831 
17831 1
68300 
17811 1
68276 
17795 1
68247 
17785 1
67660 
17743 1
68164 
17727 1
68143 
17693 1
49759 
17680 1
68066 
17638 1
35393 
17555 1
67854 
17537 1
67819 
17519 1
67794 
17496 1
67757 
17487 1
67744 
17485 1
67741 
17460 1
67703 
17453 1
67693 
17448 1
22797 
17425 1
67652 
17391 1
25295 
17377 1
50231 
17331 1
31132 
17307 1
67486 
17303 1
67480 
17271 1
55175 
17257 1
67417 
17248 1
9035 
17215 1
67353 
17181 1
67298 
17140 1
67234 
17134 1
4288 
17095 1
67155 
17071 1
67116 
17054 1
67097 
17012 1
32319 
16969 1
66948 
16953 1
66925 
16945 1
66914 
16943 1
66909 
16824 1
66725 
16816 1
66714 
16811 1
66706 
16801 1
66690 
16794 1
66684 
16781 1
66660 
16775 1
66653 
16758 1
66637 
16751 1
37260 
16653 1
66439 
16613 1
66371 
16604 1
32051 
16563 1
43851 
16541 1
66247 
16512 1
64571 
16473 1
66120 
16457 1
66083 
16435 1
66044 
16417 1
66010 
16405 1
29144 
16403 1
65982 
16373 1
65927 
16362 1
50892 
16351 1
64629 
16346 1
65883 
16314 1
65826 
16279 1
65763 
16261 1
65733 
16243 1
65704 
16178 1
65561 
16162 1
65531 
16146 1
65503 
16103 1
61998 
16077 1
65370 
16069 1
65345 
16038 1
9656 
16035 1
65276 
16031 1
65266 
16028 1
31626 
16005 1
65213 
15997 1
31067 
15995 1
65196 
15961 1
65138 
15953 1
55015 
15932 1
64760 
15882 1
25127 
15878 1
46904 
15849 1
64931 
15793 1
64833 
15791 1
64829 
15779 1
64806 
15754 1
58393 
15750 1
45821 
15661 1
64575 
15625 1
64504 
15617 1
64490 
15581 1
64423 
15571 1
40058 
15537 1
64335 
15529 1
64319 
15514 1
64288 
15505 1
13723 
15485 1
64230 
15483 1
64226 
15476 1
64207 
15465 1
64189 
15460 1
1147 
15447 1
64155 
15404 1
64066 
15399 1
64057 
15373 1
63997 
15355 1
63954 
15307 1
63849 
15266 1
63768 
15235 1
63695 
15205 1
63635 
15173 1
63572 
15163 1
10072 
15146 1
63520 
15125 1
63474 
15113 1
63448 
15083 1
63397 
15068 1
50476 
15045 1
63309 
14991 1
63203 
14946 1
63105 
14939 1
63085 
14929 1
63069 
14922 1
26700 
14899 1
63009 
14839 1
62879 
14813 1
62813 
14809 1
62804 
14789 1
54098 
14775 1
62733 
14751 1
62685 
14731 1
62641 
14706 1
62592 
14673 1
62524 
14657 1
62489 
14655 1
62485 
14639 1
49274 
14619 1
51886 
14542 1
46470 
14523 1
62172 
14520 1
46000 
14517 1
62158 
14513 1
62151 
14501 1
62122 
14481 1
62082 
14461 1
62037 
14405 1
61900 
14395 1
61877 
14343 1
61758 
14323 1
61713 
14317 1
61702 
14305 1
61674 
14239 1
61517 
14237 1
61514 
14214 1
43147 
14207 1
50826 
14137 1
61309 
14122 1
39409 
14113 1
61255 
14071 1
61177 
14061 1
61156 
14051 1
61128 
14029 1
61080 
14007 1
61016 
13971 1
60932 
13941 1
60858 
13939 1
60850 
13909 1
60793 
13904 1
60780 
13902 1
53053 
13883 1
60735 
13851 1
60663 
13801 1
60545 
13763 1
47441 
13761 1
60456 
13739 1
60414 
13668 1
46458 
13665 1
60242 
13615 1
60118 
13591 1
60054 
13585 1
60040 
13533 1
59916 
13525 1
48564 
13516 1
59887 
13493 1
59824 
13487 1
59812 
13482 1
59804 
13481 1
59796 
13465 1
59752 
13405 1
59601 
13403 1
59596 
13397 1
59582 
13383 1
59545 
13371 1
59515 
13364 1
33816 
13353 1
23242 
13344 1
31150 
13341 1
59440 
13315 1
59372 
13311 1
59362 
13283 1
59288 
13225 1
59145 
13217 1
59123 
13199 1
59074 
13185 1
59048 
13183 1
59042 
13132 1
11293 
13127 1
58905 
13124 1
58902 
13027 1
58642 
12995 1
58564 
12985 1
58540 
12973 1
58511 
12962 1
58483 
12936 1
8024 
12895 1
58311 
12879 1
58271 
12843 1
58186 
12837 1
58172 
12815 1
58119 
12805 1
58093 
12789 1
58055 
12781 1
58034 
12709 1
57858 
12691 1
57815 
12683 1
57793 
12679 1
57778 
12673 1
57768 
12651 1
57707 
12631 1
57662 
12629 1
57657 
12615 1
57622 
12603 1
57589 
12598 1
57582 
12591 1
57564 
12531 1
57422 
12517 1
57395 
12514 1
57391 
12507 1
57367 
12505 1
57363 
12487 1
57309 
12470 1
57265 
12427 1
57147 
12397 1
57066 
12373 1
38466 
12366 1
56979 
12359 1
56959 
12340 1
15152 
12335 1
49854 
12293 1
56787 
12290 1
17150 
12265 1
56707 
12247 1
56660 
12238 1
20495 
12199 1
56530 
12157 1
56409 
12142 1
9118 
12132 1
27121 
12101 1
56262 
12093 1
56239 
12068 1
56185 
12055 1
56141 
12045 1
56112 
12037 1
56090 
12016 1
56028 
12009 1
56010 
12001 1
55984 
11985 1
55939 
11967 1
55897 
11955 1
55861 
11875 1
55632 
11870 1
10893 
11829 1
16939 
11824 1
55508 
11811 1
55467 
11807 1
34137 
11778 1
52708 
11777 1
55369 
11750 1
55292 
11743 1
55268 
11683 1
55105 
11679 1
37940 
11677 1
55086 
11657 1
55024 
11621 1
52811 
11575 1
29223 
11525 1
54668 
11513 1
54635 
11499 1
53074 
11479 1
54529 
11414 1
54345 
11395 1
4317 
11361 1
36863 
11352 1
54156 
11347 1
54139 
11311 1
54022 
11291 1
53973 
11233 1
53805 
11204 1
53718 
11199 1
31527 
11169 1
53600 
11165 1
53589 
11135 1
53502 
11121 1
53461 
11101 1
53390 
11055 1
53248 
11047 1
53224 
11045 1
53219 
11022 1
47288 
11011 1
53117 
10967 1
52983 
10963 1
52971 
10919 1
52839 
10885 1
52728 
10871 1
52687 
10866 1
52680 
10863 1
41062 
10854 1
52640 
10811 1
47117 
10791 1
52430 
10777 1
52391 
10775 1
52387 
10743 1
52290 
10737 1
52274 
10734 1
52267 
10721 1
52225 
10702 1
52162 
10675 1
52075 
10670 1
38419 
10657 1
52028 
10651 1
52008 
10638 1
43383 
10625 1
51920 
10621 1
51910 
10577 1
51758 
10569 1
51733 
10526 1
51592 
10510 1
51548 
10485 1
51466 
10482 1
51459 
10417 1
51234 
10411 1
51208 
10401 1
51172 
10373 1
51070 
10349 1
50997 
10338 1
20512 
10310 1
32423 
10290 1
50804 
10236 1
50630 
10217 1
50572 
10212 1
50557 
10209 1
50546 
10200 1
50522 
10143 1
50321 
10118 1
1427 
10110 1
50215 
10082 1
50128 
10081 1
50122 
10053 1
50024 
10015 1
49905 
10003 1
49864 
9995 1
49834 
9993 1
49827 
9989 1
49811 
9967 1
49747 
9926 1
49610 
9915 1
49567 
9820 1
48702 
9819 1
49252 
9800 1
21631 
9786 1
49145 
9775 1
49105 
9755 1
49047 
9727 1
43187 
9720 1
48932 
9669 1
48742 
9657 1
48709 
9618 1
21575 
9606 1
48541 
9599 1
48513 
9594 1
9102 
9585 1
48463 
9583 1
48458 
9561 1
48386 
9545 1
48323 
9530 1
48278 
9473 1
48084 
9451 1
48009 
9407 1
47858 
9365 1
47716 
9343 1
47637 
9339 1
47625 
9321 1
47561 
9291 1
47452 
9267 1
47366 
9223 1
47210 
9207 1
47151 
9188 1
47087 
9153 1
46961 
9119 1
46839 
9088 1
31694 
9058 1
46627 
9011 1
46460 
8987 1
46372 
8984 1
46363 
8983 1
46358 
8969 1
46305 
8919 1
46120 
8870 1
14534 
8869 1
45925 
8855 1
45871 
8849 1
45852 
8817 1
45740 
8812 1
45727 
8806 1
45707 
8781 1
45619 
8777 1
45610 
8765 1
45552 
8761 1
45540 
8757 1
45523 
8753 1
45508 
8699 1
45302 
8675 1
45204 
8657 1
19191 
8643 1
45082 
8638 1
45071 
8625 1
45014 
8613 1
44970 
8611 1
44961 
8569 1
44809 
8533 1
44679 
8523 1
44639 
8515 1
44609 
8511 1
44594 
8482 1
44489 
8459 1
44394 
8445 1
44341 
8443 1
44329 
8427 1
44275 
8415 1
44230 
8411 1
44214 
8407 1
44195 
8363 1
44034 
8316 1
16361 
8289 1
43720 
8267 1
43644 
8239 1
43533 
8233 1
43508 
8219 1
5873 
8189 1
43339 
8145 1
43167 
8129 1
43093 
8117 1
43047 
8108 1
43014 
8101 1
42985 
8099 1
42978 
8021 1
42661 
7977 1
42481 
7973 1
42468 
7969 1
42454 
7967 1
42444 
7947 1
42364 
7945 1
42357 
7919 1
42253 
7906 1
36101 
7903 1
42196 
7893 1
42164 
7877 1
42092 
7855 1
41999 
7833 1
41898 
7787 1
41720 
7782 1
41705 
7767 1
41644 
7765 1
38902 
7761 1
41621 
7745 1
41553 
7743 1
41542 
7719 1
41447 
7699 1
41371 
7689 1
41326 
7649 1
41164 
7578 1
8420 
7567 1
40849 
7561 1
40826 
7551 1
40780 
7535 1
40710 
7521 1
40656 
7504 1
40594 
7480 1
40486 
7462 1
11382 
7457 1
40386 
7442 1
40331 
7429 1
40268 
7419 1
40227 
7389 1
40116 
7359 1
39992 
7351 1
39961 
7347 1
39944 
7296 1
30228 
7287 1
39695 
7187 1
29929 
7177 1
39248 
7153 1
39151 
7127 1
39052 
7102 1
38951 
7099 1
38935 
7093 1
38910 
7059 1
38763 
7025 1
38610 
7008 1
19161 
6984 1
38440 
6975 1
38392 
6959 1
38318 
6952 1
38290 
6949 1
38272 
6847 1
37815 
6845 1
37805 
6825 1
37720 
6819 1
37697 
6778 1
37510 
6775 1
37489 
6769 1
37462 
6767 1
37449 
6749 1
37369 
6733 1
37299 
6715 1
37219 
6666 1
16652 
6655 1
36951 
6649 1
36925 
6619 1
36789 
6607 1
36742 
6553 1
36504 
6541 1
36446 
6539 1
19729 
6531 1
36408 
6529 1
23413 
6517 1
36336 
6507 1
36294 
6503 1
36280 
6497 1
36245 
6483 1
36178 
6481 1
36172 
6449 1
36033 
6419 1
35900 
6394 1
35786 
6393 1
35780 
6373 1
35689 
6319 1
35462 
6245 1
35131 
6239 1
35104 
6231 1
35069 
6221 1
35023 
6198 1
12267 
6149 1
34729 
6127 1
34627 
6125 1
31960 
6089 1
34449 
6076 1
34394 
6042 1
34248 
6022 1
34158 
5969 1
33911 
5897 1
33572 
5881 1
33492 
5859 1
33385 
5817 1
33187 
5809 1
33149 
5779 1
33005 
5777 1
32997 
5773 1
32977 
5692 1
14903 
5607 1
32192 
5580 1
29001 
5571 1
32021 
5563 1
31985 
5520 1
31781 
5513 1
31744 
5505 1
31709 
5489 1
31635 
5482 1
31607 
5481 1
31598 
5449 1
31451 
5421 1
31308 
5411 1
31263 
5407 1
31251 
5404 1
22814 
5398 1
31212 
5375 1
31096 
5365 1
31047 
5357 1
31003 
5297 1
30717 
5265 1
30554 
5241 1
30434 
5237 1
30415 
5220 1
30342 
5205 1
30261 
5164 1
30075 
5127 1
29888 
5109 1
29791 
5103 1
29758 
5098 1
17179 
5085 1
29672 
5065 1
29568 
5062 1
10992 
5051 1
29497 
5030 1
15477 
5025 1
29365 
4997 1
29227 
4929 1
28888 
4915 1
28821 
4903 1
28761 
4895 1
28724 
4825 1
28380 
4807 1
28290 
4793 1
28219 
4785 1
28177 
4764 1
28094 
4739 1
27962 
4737 1
27952 
4735 1
27944 
4688 1
27734 
4669 1
27628 
4663 1
27594 
4652 1
27549 
4650 1
27540 
4639 1
27472 
4602 1
27281 
4579 1
27154 
4565 1
27081 
4519 1
26860 
4517 1
26851 
4511 1
26821 
4507 1
26802 
4484 1
26701 
4475 1
26649 
4449 1
26513 
4443 1
26486 
4433 1
26432 
4425 1
26388 
4390 1
26205 
4379 1
26140 
4375 1
26120 
4363 1
26062 
4355 1
26004 
4305 1
25750 
4291 1
25678 
4272 1
25588 
4265 1
25547 
4263 1
25538 
4219 1
25306 
4213 1
25281 
4206 1
23636 
4189 1
25155 
4155 1
24988 
4140 1
8583 
4129 1
24855 
4115 1
24781 
4103 1
24723 
4092 1
24668 
4088 1
24649 
4087 1
24637 
4061 1
24492 
4029 1
24325 
4019 1
24269 
3983 1
24081 
3979 1
24065 
3965 1
23996 
3955 1
23937 
3945 1
23889 
3926 1
23791 
3906 1
23689 
3876 1
23533 
3857 1
23419 
3826 1
23268 
3818 1
23230 
3793 1
23094 
3789 1
23071 
3774 1
22996 
3771 1
22976 
3753 1
22875 
3719 1
22685 
3707 1
22624 
3704 1
22615 
3699 1
22583 
3689 1
22527 
3663 1
22375 
3656 1
22346 
3615 1
22120 
3613 1
22111 
3599 1
22032 
3589 1
21974 
3585 1
21955 
3572 1
21892 
3570 1
21877 
3569 1
21865 
3564 1
21853 
3555 1
21797 
3501 1
10179 
3493 1
21464 
3484 1
21421 
3450 1
21233 
3449 1
21222 
3445 1
21197 
3423 1
21076 
3409 1
20994 
3383 1
20856 
3335 1
20590 
3332 1
20580 
3320 1
20518 
3315 1
20483 
3291 1
20354 
3287 1
20333 
3283 1
20311 
3267 1
20218 
3146 1
19555 
3078 1
19175 
3073 1
19141 
3069 1
19118 
3041 1
18956 
3029 1
18889 
3025 1
18864 
3020 1
3166 
3009 1
18774 
2997 1
18711 
2915 1
18234 
2883 1
18056 
2876 1
18026 
2869 1
17980 
2863 1
17943 
2839 1
17812 
2798 1
17586 
2796 1
17576 
2783 1
17499 
2745 1
17285 
2737 1
17238 
2713 1
17102 
2711 1
17089 
2706 1
17067 
2701 1
17028 
2697 1
17005 
2693 1
16980 
2679 1
16893 
2645 1
16697 
2625 1
16591 
2618 1
421 
2609 1
16502 
2597 1
16429 
2593 1
16403 
2573 1
16291 
2559 1
16215 
2556 1
16203 
2555 1
16193 
2542 1
12505 
2492 1
15836 
2445 1
15541 
2429 1
15441 
2421 1
15394 
2397 1
15248 
2365 1
15060 
2323 1
14804 
2295 1
14635 
2287 1
14588 
2225 1
14211 
2203 1
14078 
2199 1
14055 
2191 1
14005 
2179 1
13933 
2171 1
13889 
2122 1
7961 
2113 1
13554 
2107 1
13523 
2101 1
13486 
2097 1
13465 
2055 1
13207 
2035 1
13091 
2029 1
13056 
2017 1
12986 
1999 1
12879 
1981 1
12772 
1973 1
12723 
1923 1
12415 
1918 1
12390 
1903 1
12296 
1893 1
12233 
1883 1
12170 
1857 1
12007 
1838 1
11902 
1831 1
11852 
1815 1
11756 
1769 1
11480 
1749 1
11353 
1740 1
11313 
1735 1
11271 
1733 1
11266 
1707 1
11105 
1609 1
10499 
1597 1
10431 
1592 1
10407 
1589 1
10383 
1575 1
10300 
1569 1
10264 
1555 1
10181 
1503 1
9856 
1463 1
9604 
1461 1
9592 
1455 1
9556 
1421 1
9346 
1378 1
9080 
1375 1
9061 
1337 1
8815 
1297 1
8554 
1277 1
8427 
1271 1
8389 
1269 1
8375 
1247 1
8238 
1237 1
8177 
1233 1
8144 
1181 1
7825 
1132 1
1696 
1113 1
7384 
1099 1
7290 
1077 1
7161 
1057 1
7020 
1051 1
6980 
1020 1
6788 
975 1
6488 
969 1
6448 
932 1
6211 
930 1
6198 
925 1
6159 
921 1
6134 
917 1
6108 
911 1
6067 
893 1
5947 
889 1
5921 
883 1
5880 
876 1
3698 
861 1
5735 
853 1
5681 
829 1
5523 
827 1
5510 
824 1
5497 
811 1
5402 
801 1
5338 
793 1
5284 
787 1
5248 
747 1
4995 
737 1
4928 
734 1
4915 
729 1
4875 
695 1
4652 
685 1
4583 
680 1
4559 
677 1
4530 
657 1
4398 
651 1
4359 
582 1
3906 
567 1
3799 
541 1
3629 
495 1
3330 
489 1
3291 
460 1
3104 
453 1
3052 
419 1
2821 
409 1
2755 
399 1
2690 
397 1
2677 
395 1
2664 
371 1
2501 
363 1
2449 
359 1
2423 
349 1
2356 
337 1
2277 
329 1
2227 
311 1
2105 
307 1
2077 
305 1
2064 
303 1
2051 
237 1
526 
233 1
1579 
207 1
1405 
175 1
1188 
158 1
1080 
146 1
999 
143 1
983 
99 1
670 
95 1
644 
72 1
496 
59 1
402 
29925 1
78562 
29889 1
78544 
29869 1
78534 
29867 1
66234 
29841 1
78520 
29837 1
78518 
29831 1
78515 
29827 1
76879 
29790 1
39081 
29771 1
78485 
29766 1
51122 
29759 1
54791 
29725 1
30989 
29691 1
78445 
29687 1
35185 
29657 1
78428 
29639 1
78419 
29591 1
78395 
29514 1
76933 
29493 1
78346 
29483 1
78341 
29473 1
78336 
29467 1
78333 
29459 1
78329 
29449 1
78324 
29441 1
52222 
29420 1
49352 
29398 1
72408 
29397 1
78298 
29379 1
78289 
29373 1
78286 
29364 1
64839 
29341 1
78269 
29320 1
62367 
29309 1
78253 
29305 1
78251 
29303 1
78250 
29299 1
78248 
29249 1
78223 
29247 1
78222 
29237 1
78217 
29229 1
78213 
29205 1
78201 
29195 1
78196 
29143 1
78170 
29105 1
78151 
29085 1
78141 
28993 1
78095 
28889 1
78043 
28835 1
78016 
28759 1
77978 
28739 1
77968 
28725 1
57282 
28639 1
77916 
28608 1
68444 
28589 1
77890 
28584 1
60557 
28575 1
77883 
28563 1
77877 
28557 1
66935 
28543 1
77867 
28533 1
77862 
28525 1
77858 
28489 1
77840 
28433 1
59107 
28369 1
77777 
28364 1
61650 
28340 1
27873 
28293 1
77738 
28264 1
7724 
28253 1
77718 
28195 1
28238 
28179 1
77678 
28153 1
77665 
28147 1
77662 
28135 1
77656 
28090 1
25443 
28085 1
77631 
28061 1
74406 
28019 1
77596 
28003 1
77588 
27997 1
77585 
27918 1
47742 
27907 1
77539 
27889 1
77529 
27880 1
55850 
27868 1
66832 
27829 1
77498 
27807 1
77486 
27800 1
35051 
27779 1
77472 
27751 1
61447 
27739 1
75298 
27717 1
77441 
27711 1
77438 
27707 1
3234 
27669 1
77415 
27663 1
77411 
27654 1
51732 
27653 1
77406 
27641 1
77400 
27623 1
77390 
27545 1
77347 
27527 1
77338 
27493 1
58323 
27453 1
77298 
27441 1
77289 
27427 1
77281 
27419 1
77276 
27363 1
77245 
27333 1
77230 
27325 1
77226 
27293 1
77210 
27243 1
77182 
27237 1
77179 
27217 1
77166 
27213 1
65232 
27211 1
31028 
27209 1
77162 
27182 1
56558 
27151 1
77128 
27149 1
77127 
27107 1
41602 
27105 1
77105 
27055 1
77079 
27041 1
77072 
27037 1
77068 
27010 1
63692 
27005 1
77051 
26999 1
77048 
26995 1
77046 
26989 1
77041 
26981 1
77037 
26977 1
77034 
26967 1
77028 
26949 1
77019 
26923 1
77005 
26918 1
31501 
26841 1
76951 
26817 1
76939 
26815 1
76938 
26813 1
76937 
26792 1
29776 
26787 1
76920 
26777 1
76913 
26768 1
71423 
26757 1
76902 
26739 1
76893 
26705 1
76872 
26675 1
76855 
26659 1
76846 
26655 1
76843 
26643 1
76835 
26639 1
76833 
26631 1
76829 
26623 1
76825 
26475 1
76743 
26469 1
47100 
26427 1
76713 
26421 1
45154 
26389 1
76690 
26381 1
76686 
26369 1
76680 
26363 1
8353 
26351 1
76670 
26325 1
72875 
26317 1
76651 
26303 1
76644 
26289 1
76635 
26259 1
76616 
26227 1
25425 
26215 1
76589 
26208 1
63899 
26193 1
76577 
26171 1
76561 
26153 1
76550 
26149 1
76548 
26137 1
41397 
26032 1
57965 
25989 1
76449 
25942 1
17218 
25939 1
76420 
25931 1
76415 
25924 1
34968 
25913 1
76406 
25894 1
33364 
25891 1
76392 
25883 1
76386 
25829 1
76352 
25816 1
35898 
25813 1
76341 
25803 1
58694 
25797 1
76332 
25784 1
60385 
25775 1
76316 
25747 1
76300 
25737 1
76293 
25735 1
74954 
25645 1
76232 
25643 1
76231 
25637 1
76225 
25627 1
76217 
25609 1
76204 
25607 1
76203 
25573 1
76184 
25565 1
76180 
25555 1
76172 
25553 1
76171 
25547 1
76168 
25519 1
9934 
25513 1
76150 
25503 1
76144 
25501 1
76142 
25403 1
76078 
25395 1
76073 
25387 1
76067 
25379 1
76062 
25377 1
76061 
25368 1
5536 
25237 1
75964 
25231 1
43681 
25201 1
75939 
25199 1
75937 
25175 1
75922 
25163 1
75915 
25159 1
75913 
25121 1
37833 
25114 1
73090 
25108 1
35325 
25087 1
75861 
25043 1
75830 
25039 1
75828 
24973 1
75779 
24913 1
75738 
24866 1
10670 
24861 1
75702 
24859 1
75701 
24778 1
61988 
24767 1
75635 
24671 1
75569 
24647 1
75556 
24627 1
75540 
24611 1
75531 
24609 1
75529 
24581 1
75509 
24577 1
75506 
24571 1
75499 
24559 1
75493 
24555 1
75490 
24528 1
4450 
24509 1
75455 
24497 1
75448 
24493 1
61072 
24485 1
75441 
24473 1
75430 
24469 1
75428 
24455 1
75416 
24413 1
75387 
24403 1
75380 
24367 1
75356 
24339 1
75340 
24331 1
75334 
24301 1
75313 
24290 1
60593 
24265 1
75287 
24258 1
50539 
24219 1
75257 
24199 1
75244 
24197 1
75243 
24133 1
75195 
24117 1
75180 
24047 1
75129 
24037 1
36503 
24019 1
75110 
24011 1
75105 
23999 1
30705 
23995 1
75091 
23989 1
75086 
23977 1
75078 
23970 1
24943 
23963 1
75069 
23957 1
75066 
23941 1
75053 
23927 1
27682 
23897 1
75019 
23891 1
75014 
23889 1
75012 
23867 1
74995 
23805 1
74947 
23799 1
56058 
23791 1
74937 
23763 1
74920 
23758 1
30931 
23755 1
74914 
23709 1
74875 
23703 1
74872 
23647 1
74820 
23632 1
25734 
23609 1
74784 
